lead_id,date,state
SEARCH_000001,2023-01-01,TX
SEARCH_000002,2023-01-01,WA
SEARCH_000003,2023-01-02,FL
SEARCH_000004,2023-01-02,NY
SEARCH_000005,2023-01-02,TX
SEARCH_000006,2023-01-02,MI
SEARCH_000007,2023-01-02,KS
SEARCH_000008,2023-01-02,GA
SEARCH_000009,2023-01-02,NC
SEARCH_000010,2023-01-02,KS
SEARCH_000011,2023-01-02,TX
SEARCH_000012,2023-01-02,NY
SEARCH_000013,2023-01-02,CT
SEARCH_000014,2023-01-02,OH
SEARCH_000015,2023-01-02,CT
SEARCH_000016,2023-01-03,GA
SEARCH_000017,2023-01-03,CA
SEARCH_000018,2023-01-03,LA
SEARCH_000019,2023-01-03,OH
SEARCH_000020,2023-01-03,CO
SEARCH_000021,2023-01-03,CA
SEARCH_000022,2023-01-03,CA
SEARCH_000023,2023-01-03,TX
SEARCH_000024,2023-01-03,AR
SEARCH_000025,2023-01-03,WI
SEARCH_000026,2023-01-04,AR
SEARCH_000027,2023-01-04,CA
SEARCH_000028,2023-01-04,ME
SEARCH_000029,2023-01-04,CA
SEARCH_000030,2023-01-04,MO
SEARCH_000031,2023-01-04,OR
SEARCH_000032,2023-01-04,MD
SEARCH_000033,2023-01-04,CA
SEARCH_000034,2023-01-04,NY
SEARCH_000035,2023-01-04,MA
SEARCH_000036,2023-01-05,MD
SEARCH_000037,2023-01-05,CA
SEARCH_000038,2023-01-05,IN
SEARCH_000039,2023-01-05,TX
SEARCH_000040,2023-01-05,WV
SEARCH_000041,2023-01-05,LA
SEARCH_000042,2023-01-05,NY
SEARCH_000043,2023-01-05,CA
SEARCH_000044,2023-01-05,WA
SEARCH_000045,2023-01-05,FL
SEARCH_000046,2023-01-05,CA
SEARCH_000047,2023-01-05,GA
SEARCH_000048,2023-01-06,MO
SEARCH_000049,2023-01-06,IN
SEARCH_000050,2023-01-06,OH
SEARCH_000051,2023-01-06,MN
SEARCH_000052,2023-01-06,OH
SEARCH_000053,2023-01-06,CA
SEARCH_000054,2023-01-06,TX
SEARCH_000055,2023-01-07,AZ
SEARCH_000056,2023-01-07,MD
SEARCH_000057,2023-01-07,TX
SEARCH_000058,2023-01-07,AL
SEARCH_000059,2023-01-08,MI
SEARCH_000060,2023-01-08,NJ
SEARCH_000061,2023-01-08,NE
SEARCH_000062,2023-01-08,NY
SEARCH_000063,2023-01-08,MO
SEARCH_000064,2023-01-09,MI
SEARCH_000065,2023-01-09,IL
SEARCH_000066,2023-01-09,MS
SEARCH_000067,2023-01-09,FL
SEARCH_000068,2023-01-09,FL
SEARCH_000069,2023-01-09,CA
SEARCH_000070,2023-01-10,NY
SEARCH_000071,2023-01-10,VA
SEARCH_000072,2023-01-10,RI
SEARCH_000073,2023-01-10,MI
SEARCH_000074,2023-01-10,MD
SEARCH_000075,2023-01-10,KS
SEARCH_000076,2023-01-10,CA
SEARCH_000077,2023-01-10,IL
SEARCH_000078,2023-01-10,MI
SEARCH_000079,2023-01-11,ID
SEARCH_000080,2023-01-11,AL
SEARCH_000081,2023-01-11,IA
SEARCH_000082,2023-01-11,WI
SEARCH_000083,2023-01-11,NY
SEARCH_000084,2023-01-11,CO
SEARCH_000085,2023-01-11,CA
SEARCH_000086,2023-01-12,UT
SEARCH_000087,2023-01-12,OH
SEARCH_000088,2023-01-12,NY
SEARCH_000089,2023-01-12,NY
SEARCH_000090,2023-01-12,NC
SEARCH_000091,2023-01-12,MI
SEARCH_000092,2023-01-12,KY
SEARCH_000093,2023-01-12,TX
SEARCH_000094,2023-01-12,FL
SEARCH_000095,2023-01-12,GA
SEARCH_000096,2023-01-12,MA
SEARCH_000097,2023-01-13,OH
SEARCH_000098,2023-01-13,TX
SEARCH_000099,2023-01-13,FL
SEARCH_000100,2023-01-13,WA
SEARCH_000101,2023-01-13,CT
SEARCH_000102,2023-01-13,CA
SEARCH_000103,2023-01-14,CA
SEARCH_000104,2023-01-14,FL
SEARCH_000105,2023-01-14,MN
SEARCH_000106,2023-01-14,WI
SEARCH_000107,2023-01-14,CA
SEARCH_000108,2023-01-14,LA
SEARCH_000109,2023-01-15,CA
SEARCH_000110,2023-01-15,MI
SEARCH_000111,2023-01-15,IL
SEARCH_000112,2023-01-15,MO
SEARCH_000113,2023-01-15,NE
SEARCH_000114,2023-01-16,MI
SEARCH_000115,2023-01-16,GA
SEARCH_000116,2023-01-16,AZ
SEARCH_000117,2023-01-16,VA
SEARCH_000118,2023-01-16,NY
SEARCH_000119,2023-01-16,TX
SEARCH_000120,2023-01-16,TX
SEARCH_000121,2023-01-17,FL
SEARCH_000122,2023-01-17,NY
SEARCH_000123,2023-01-17,GA
SEARCH_000124,2023-01-17,FL
SEARCH_000125,2023-01-17,MA
SEARCH_000126,2023-01-17,NY
SEARCH_000127,2023-01-17,CT
SEARCH_000128,2023-01-17,TN
SEARCH_000129,2023-01-17,NY
SEARCH_000130,2023-01-18,NC
SEARCH_000131,2023-01-18,CO
SEARCH_000132,2023-01-18,FL
SEARCH_000133,2023-01-18,CA
SEARCH_000134,2023-01-18,IN
SEARCH_000135,2023-01-18,NH
SEARCH_000136,2023-01-18,TX
SEARCH_000137,2023-01-18,NJ
SEARCH_000138,2023-01-18,NC
SEARCH_000139,2023-01-19,MI
SEARCH_000140,2023-01-19,CA
SEARCH_000141,2023-01-19,OH
SEARCH_000142,2023-01-19,MO
SEARCH_000143,2023-01-19,CA
SEARCH_000144,2023-01-19,FL
SEARCH_000145,2023-01-19,TN
SEARCH_000146,2023-01-20,WA
SEARCH_000147,2023-01-20,TX
SEARCH_000148,2023-01-20,WA
SEARCH_000149,2023-01-20,OH
SEARCH_000150,2023-01-20,IL
SEARCH_000151,2023-01-20,OH
SEARCH_000152,2023-01-20,OH
SEARCH_000153,2023-01-20,MN
SEARCH_000154,2023-01-20,SC
SEARCH_000155,2023-01-20,GA
SEARCH_000156,2023-01-21,CA
SEARCH_000157,2023-01-21,TX
SEARCH_000158,2023-01-21,VA
SEARCH_000159,2023-01-21,FL
SEARCH_000160,2023-01-22,CA
SEARCH_000161,2023-01-22,TX
SEARCH_000162,2023-01-22,CA
SEARCH_000163,2023-01-22,MN
SEARCH_000164,2023-01-23,CA
SEARCH_000165,2023-01-23,MD
SEARCH_000166,2023-01-23,NJ
SEARCH_000167,2023-01-23,NJ
SEARCH_000168,2023-01-23,KS
SEARCH_000169,2023-01-23,MO
SEARCH_000170,2023-01-23,VA
SEARCH_000171,2023-01-23,MI
SEARCH_000172,2023-01-24,FL
SEARCH_000173,2023-01-24,NY
SEARCH_000174,2023-01-24,AL
SEARCH_000175,2023-01-24,NY
SEARCH_000176,2023-01-24,TN
SEARCH_000177,2023-01-24,CA
SEARCH_000178,2023-01-24,AR
SEARCH_000179,2023-01-24,ID
SEARCH_000180,2023-01-25,IN
SEARCH_000181,2023-01-25,TX
SEARCH_000182,2023-01-25,MO
SEARCH_000183,2023-01-25,NY
SEARCH_000184,2023-01-26,IL
SEARCH_000185,2023-01-26,IL
SEARCH_000186,2023-01-26,MS
SEARCH_000187,2023-01-26,WA
SEARCH_000188,2023-01-26,TX
SEARCH_000189,2023-01-26,PA
SEARCH_000190,2023-01-26,FL
SEARCH_000191,2023-01-26,GA
SEARCH_000192,2023-01-26,CT
SEARCH_000193,2023-01-26,NM
SEARCH_000194,2023-01-27,MO
SEARCH_000195,2023-01-27,WA
SEARCH_000196,2023-01-27,PA
SEARCH_000197,2023-01-27,KY
SEARCH_000198,2023-01-27,CA
SEARCH_000199,2023-01-27,IN
SEARCH_000200,2023-01-27,MN
SEARCH_000201,2023-01-27,TX
SEARCH_000202,2023-01-27,TX
SEARCH_000203,2023-01-27,MO
SEARCH_000204,2023-01-27,IN
SEARCH_000205,2023-01-27,AL
SEARCH_000206,2023-01-28,NY
SEARCH_000207,2023-01-28,TN
SEARCH_000208,2023-01-28,MI
SEARCH_000209,2023-01-28,OR
SEARCH_000210,2023-01-29,TN
SEARCH_000211,2023-01-29,LA
SEARCH_000212,2023-01-29,TX
SEARCH_000213,2023-01-29,AL
SEARCH_000214,2023-01-29,HI
SEARCH_000215,2023-01-29,NY
SEARCH_000216,2023-01-30,FL
SEARCH_000217,2023-01-30,FL
SEARCH_000218,2023-01-30,KY
SEARCH_000219,2023-01-30,OH
SEARCH_000220,2023-01-30,NJ
SEARCH_000221,2023-01-30,MO
SEARCH_000222,2023-01-30,MA
SEARCH_000223,2023-01-30,MA
SEARCH_000224,2023-01-30,PA
SEARCH_000225,2023-01-30,IL
SEARCH_000226,2023-01-30,TX
SEARCH_000227,2023-01-30,TX
SEARCH_000228,2023-01-30,CT
SEARCH_000229,2023-01-30,CT
SEARCH_000230,2023-01-30,UT
SEARCH_000231,2023-01-30,TX
SEARCH_000232,2023-01-31,NV
SEARCH_000233,2023-01-31,KY
SEARCH_000234,2023-01-31,IL
SEARCH_000235,2023-02-01,CA
SEARCH_000236,2023-02-01,TX
SEARCH_000237,2023-02-01,TX
SEARCH_000238,2023-02-01,TX
SEARCH_000239,2023-02-01,OR
SEARCH_000240,2023-02-01,WA
SEARCH_000241,2023-02-01,VA
SEARCH_000242,2023-02-01,TN
SEARCH_000243,2023-02-02,CA
SEARCH_000244,2023-02-02,GA
SEARCH_000245,2023-02-02,GA
SEARCH_000246,2023-02-02,PA
SEARCH_000247,2023-02-02,VA
SEARCH_000248,2023-02-02,CO
SEARCH_000249,2023-02-02,KS
SEARCH_000250,2023-02-02,TX
SEARCH_000251,2023-02-02,OH
SEARCH_000252,2023-02-02,MA
SEARCH_000253,2023-02-02,NJ
SEARCH_000254,2023-02-02,PA
SEARCH_000255,2023-02-02,MD
SEARCH_000256,2023-02-02,TX
SEARCH_000257,2023-02-02,NY
SEARCH_000258,2023-02-02,MN
SEARCH_000259,2023-02-03,FL
SEARCH_000260,2023-02-03,TX
SEARCH_000261,2023-02-03,TX
SEARCH_000262,2023-02-03,IN
SEARCH_000263,2023-02-03,AZ
SEARCH_000264,2023-02-03,PA
SEARCH_000265,2023-02-03,NC
SEARCH_000266,2023-02-04,IN
SEARCH_000267,2023-02-05,IL
SEARCH_000268,2023-02-05,FL
SEARCH_000269,2023-02-05,FL
SEARCH_000270,2023-02-05,CA
SEARCH_000271,2023-02-05,NY
SEARCH_000272,2023-02-06,UT
SEARCH_000273,2023-02-06,NV
SEARCH_000274,2023-02-06,WA
SEARCH_000275,2023-02-06,NC
SEARCH_000276,2023-02-06,CT
SEARCH_000277,2023-02-06,MD
SEARCH_000278,2023-02-06,GA
SEARCH_000279,2023-02-07,NY
SEARCH_000280,2023-02-07,IN
SEARCH_000281,2023-02-07,IN
SEARCH_000282,2023-02-07,NM
SEARCH_000283,2023-02-07,CA
SEARCH_000284,2023-02-07,LA
SEARCH_000285,2023-02-08,OR
SEARCH_000286,2023-02-08,NJ
SEARCH_000287,2023-02-08,IL
SEARCH_000288,2023-02-08,WA
SEARCH_000289,2023-02-08,MA
SEARCH_000290,2023-02-08,CO
SEARCH_000291,2023-02-08,GA
SEARCH_000292,2023-02-08,GA
SEARCH_000293,2023-02-08,MI
SEARCH_000294,2023-02-08,NV
SEARCH_000295,2023-02-08,SC
SEARCH_000296,2023-02-08,CA
SEARCH_000297,2023-02-09,TX
SEARCH_000298,2023-02-09,FL
SEARCH_000299,2023-02-09,IL
SEARCH_000300,2023-02-09,GA
SEARCH_000301,2023-02-09,FL
SEARCH_000302,2023-02-09,MS
SEARCH_000303,2023-02-09,NY
SEARCH_000304,2023-02-10,TX
SEARCH_000305,2023-02-10,OH
SEARCH_000306,2023-02-10,AZ
SEARCH_000307,2023-02-10,VA
SEARCH_000308,2023-02-10,OR
SEARCH_000309,2023-02-10,OH
SEARCH_000310,2023-02-10,IN
SEARCH_000311,2023-02-10,AR
SEARCH_000312,2023-02-11,WI
SEARCH_000313,2023-02-11,CA
SEARCH_000314,2023-02-11,CT
SEARCH_000315,2023-02-11,VA
SEARCH_000316,2023-02-11,GA
SEARCH_000317,2023-02-11,SC
SEARCH_000318,2023-02-12,IL
SEARCH_000319,2023-02-12,NE
SEARCH_000320,2023-02-12,WI
SEARCH_000321,2023-02-12,NV
SEARCH_000322,2023-02-12,KY
SEARCH_000323,2023-02-13,NY
SEARCH_000324,2023-02-13,CA
SEARCH_000325,2023-02-14,HI
SEARCH_000326,2023-02-14,OK
SEARCH_000327,2023-02-14,CA
SEARCH_000328,2023-02-14,FL
SEARCH_000329,2023-02-14,DC
SEARCH_000330,2023-02-14,OH
SEARCH_000331,2023-02-14,MS
SEARCH_000332,2023-02-14,NM
SEARCH_000333,2023-02-15,PA
SEARCH_000334,2023-02-16,ID
SEARCH_000335,2023-02-16,VA
SEARCH_000336,2023-02-16,NE
SEARCH_000337,2023-02-16,FL
SEARCH_000338,2023-02-16,TX
SEARCH_000339,2023-02-16,CO
SEARCH_000340,2023-02-16,PA
SEARCH_000341,2023-02-16,WA
SEARCH_000342,2023-02-16,MO
SEARCH_000343,2023-02-16,MA
SEARCH_000344,2023-02-16,GA
SEARCH_000345,2023-02-16,MI
SEARCH_000346,2023-02-16,MS
SEARCH_000347,2023-02-17,OK
SEARCH_000348,2023-02-17,NY
SEARCH_000349,2023-02-17,IA
SEARCH_000350,2023-02-17,NY
SEARCH_000351,2023-02-17,KY
SEARCH_000352,2023-02-17,MD
SEARCH_000353,2023-02-17,IN
SEARCH_000354,2023-02-17,NC
SEARCH_000355,2023-02-18,HI
SEARCH_000356,2023-02-18,CA
SEARCH_000357,2023-02-18,OH
SEARCH_000358,2023-02-18,IL
SEARCH_000359,2023-02-18,PA
SEARCH_000360,2023-02-18,AK
SEARCH_000361,2023-02-18,WA
SEARCH_000362,2023-02-18,MA
SEARCH_000363,2023-02-18,CA
SEARCH_000364,2023-02-19,CA
SEARCH_000365,2023-02-19,IL
SEARCH_000366,2023-02-20,OK
SEARCH_000367,2023-02-20,WV
SEARCH_000368,2023-02-20,NY
SEARCH_000369,2023-02-20,NJ
SEARCH_000370,2023-02-20,CA
SEARCH_000371,2023-02-20,NY
SEARCH_000372,2023-02-20,IL
SEARCH_000373,2023-02-20,TX
SEARCH_000374,2023-02-20,FL
SEARCH_000375,2023-02-21,KS
SEARCH_000376,2023-02-21,TX
SEARCH_000377,2023-02-21,NC
SEARCH_000378,2023-02-21,OR
SEARCH_000379,2023-02-21,CT
SEARCH_000380,2023-02-21,MO
SEARCH_000381,2023-02-21,CA
SEARCH_000382,2023-02-21,FL
SEARCH_000383,2023-02-21,MO
SEARCH_000384,2023-02-21,CO
SEARCH_000385,2023-02-21,IN
SEARCH_000386,2023-02-21,IN
SEARCH_000387,2023-02-21,UT
SEARCH_000388,2023-02-22,CA
SEARCH_000389,2023-02-22,FL
SEARCH_000390,2023-02-22,GA
SEARCH_000391,2023-02-22,OH
SEARCH_000392,2023-02-22,PA
SEARCH_000393,2023-02-22,IL
SEARCH_000394,2023-02-22,IL
SEARCH_000395,2023-02-22,TX
SEARCH_000396,2023-02-23,MI
SEARCH_000397,2023-02-23,NJ
SEARCH_000398,2023-02-23,NC
SEARCH_000399,2023-02-23,IL
SEARCH_000400,2023-02-23,CA
SEARCH_000401,2023-02-24,FL
SEARCH_000402,2023-02-25,NY
SEARCH_000403,2023-02-25,TX
SEARCH_000404,2023-02-25,TN
SEARCH_000405,2023-02-25,OR
SEARCH_000406,2023-02-26,NE
SEARCH_000407,2023-02-26,OK
SEARCH_000408,2023-02-26,MI
SEARCH_000409,2023-02-27,IA
SEARCH_000410,2023-02-27,OK
SEARCH_000411,2023-02-27,CA
SEARCH_000412,2023-02-27,SC
SEARCH_000413,2023-02-27,WA
SEARCH_000414,2023-02-27,CA
SEARCH_000415,2023-02-27,MI
SEARCH_000416,2023-02-27,NY
SEARCH_000417,2023-02-27,TN
SEARCH_000418,2023-02-27,TX
SEARCH_000419,2023-02-28,MD
SEARCH_000420,2023-02-28,TX
SEARCH_000421,2023-02-28,GA
SEARCH_000422,2023-02-28,TX
SEARCH_000423,2023-02-28,CA
SEARCH_000424,2023-02-28,KS
SEARCH_000425,2023-02-28,SC
SEARCH_000426,2023-02-28,FL
SEARCH_000427,2023-02-28,MI
SEARCH_000428,2023-02-28,CA
SEARCH_000429,2023-02-28,MI
SEARCH_000430,2023-03-01,NJ
SEARCH_000431,2023-03-01,VA
SEARCH_000432,2023-03-01,CA
SEARCH_000433,2023-03-01,CA
SEARCH_000434,2023-03-01,FL
SEARCH_000435,2023-03-01,TX
SEARCH_000436,2023-03-01,IL
SEARCH_000437,2023-03-02,SC
SEARCH_000438,2023-03-02,MI
SEARCH_000439,2023-03-02,CT
SEARCH_000440,2023-03-02,MS
SEARCH_000441,2023-03-02,MA
SEARCH_000442,2023-03-02,NC
SEARCH_000443,2023-03-02,NC
SEARCH_000444,2023-03-02,SD
SEARCH_000445,2023-03-02,CA
SEARCH_000446,2023-03-02,SC
SEARCH_000447,2023-03-02,GA
SEARCH_000448,2023-03-02,GA
SEARCH_000449,2023-03-02,OH
SEARCH_000450,2023-03-03,MD
SEARCH_000451,2023-03-03,NJ
SEARCH_000452,2023-03-03,TX
SEARCH_000453,2023-03-03,NJ
SEARCH_000454,2023-03-03,NY
SEARCH_000455,2023-03-03,NY
SEARCH_000456,2023-03-03,MO
SEARCH_000457,2023-03-03,CA
SEARCH_000458,2023-03-03,NM
SEARCH_000459,2023-03-04,WA
SEARCH_000460,2023-03-04,TX
SEARCH_000461,2023-03-04,NC
SEARCH_000462,2023-03-04,NY
SEARCH_000463,2023-03-04,MD
SEARCH_000464,2023-03-05,AL
SEARCH_000465,2023-03-05,TX
SEARCH_000466,2023-03-05,TX
SEARCH_000467,2023-03-05,MT
SEARCH_000468,2023-03-05,TX
SEARCH_000469,2023-03-06,WA
SEARCH_000470,2023-03-06,CA
SEARCH_000471,2023-03-06,SC
SEARCH_000472,2023-03-06,FL
SEARCH_000473,2023-03-06,CA
SEARCH_000474,2023-03-06,TN
SEARCH_000475,2023-03-06,MA
SEARCH_000476,2023-03-06,CA
SEARCH_000477,2023-03-07,IL
SEARCH_000478,2023-03-07,IL
SEARCH_000479,2023-03-07,TX
SEARCH_000480,2023-03-07,CA
SEARCH_000481,2023-03-07,CA
SEARCH_000482,2023-03-07,KS
SEARCH_000483,2023-03-07,OH
SEARCH_000484,2023-03-07,NJ
SEARCH_000485,2023-03-08,TX
SEARCH_000486,2023-03-08,OH
SEARCH_000487,2023-03-08,WV
SEARCH_000488,2023-03-09,CA
SEARCH_000489,2023-03-09,MO
SEARCH_000490,2023-03-09,OH
SEARCH_000491,2023-03-09,IL
SEARCH_000492,2023-03-09,VA
SEARCH_000493,2023-03-09,CA
SEARCH_000494,2023-03-09,TX
SEARCH_000495,2023-03-10,NY
SEARCH_000496,2023-03-10,CA
SEARCH_000497,2023-03-10,VA
SEARCH_000498,2023-03-10,MS
SEARCH_000499,2023-03-10,AL
SEARCH_000500,2023-03-10,TX
SEARCH_000501,2023-03-10,MI
SEARCH_000502,2023-03-10,TN
SEARCH_000503,2023-03-11,NJ
SEARCH_000504,2023-03-11,UT
SEARCH_000505,2023-03-11,AZ
SEARCH_000506,2023-03-11,MO
SEARCH_000507,2023-03-11,IL
SEARCH_000508,2023-03-12,ID
SEARCH_000509,2023-03-12,ID
SEARCH_000510,2023-03-12,TN
SEARCH_000511,2023-03-12,FL
SEARCH_000512,2023-03-12,OH
SEARCH_000513,2023-03-12,GA
SEARCH_000514,2023-03-13,OR
SEARCH_000515,2023-03-13,NY
SEARCH_000516,2023-03-13,MA
SEARCH_000517,2023-03-13,PA
SEARCH_000518,2023-03-14,AR
SEARCH_000519,2023-03-14,OR
SEARCH_000520,2023-03-14,WV
SEARCH_000521,2023-03-15,NH
SEARCH_000522,2023-03-15,FL
SEARCH_000523,2023-03-15,AR
SEARCH_000524,2023-03-16,GA
SEARCH_000525,2023-03-16,NH
SEARCH_000526,2023-03-16,TN
SEARCH_000527,2023-03-16,MO
SEARCH_000528,2023-03-16,MI
SEARCH_000529,2023-03-16,LA
SEARCH_000530,2023-03-16,CA
SEARCH_000531,2023-03-17,OH
SEARCH_000532,2023-03-17,MO
SEARCH_000533,2023-03-17,NE
SEARCH_000534,2023-03-17,AR
SEARCH_000535,2023-03-17,CA
SEARCH_000536,2023-03-18,FL
SEARCH_000537,2023-03-18,MI
SEARCH_000538,2023-03-18,CA
SEARCH_000539,2023-03-18,NH
SEARCH_000540,2023-03-18,WV
SEARCH_000541,2023-03-18,AZ
SEARCH_000542,2023-03-19,NH
SEARCH_000543,2023-03-19,TX
SEARCH_000544,2023-03-19,TX
SEARCH_000545,2023-03-19,TX
SEARCH_000546,2023-03-19,PA
SEARCH_000547,2023-03-19,MO
SEARCH_000548,2023-03-19,FL
SEARCH_000549,2023-03-19,CA
SEARCH_000550,2023-03-20,NY
SEARCH_000551,2023-03-20,NJ
SEARCH_000552,2023-03-20,ND
SEARCH_000553,2023-03-20,IA
SEARCH_000554,2023-03-20,NC
SEARCH_000555,2023-03-20,MA
SEARCH_000556,2023-03-20,VA
SEARCH_000557,2023-03-20,KS
SEARCH_000558,2023-03-21,ND
SEARCH_000559,2023-03-21,MA
SEARCH_000560,2023-03-21,IN
SEARCH_000561,2023-03-21,TX
SEARCH_000562,2023-03-21,TX
SEARCH_000563,2023-03-21,CT
SEARCH_000564,2023-03-21,MI
SEARCH_000565,2023-03-21,PA
SEARCH_000566,2023-03-21,MI
SEARCH_000567,2023-03-22,GA
SEARCH_000568,2023-03-22,VA
SEARCH_000569,2023-03-22,MI
SEARCH_000570,2023-03-22,MT
SEARCH_000571,2023-03-22,ID
SEARCH_000572,2023-03-22,NE
SEARCH_000573,2023-03-22,MI
SEARCH_000574,2023-03-22,NJ
SEARCH_000575,2023-03-22,WA
SEARCH_000576,2023-03-22,MI
SEARCH_000577,2023-03-22,TX
SEARCH_000578,2023-03-23,OK
SEARCH_000579,2023-03-23,WA
SEARCH_000580,2023-03-23,WI
SEARCH_000581,2023-03-23,NC
SEARCH_000582,2023-03-23,TX
SEARCH_000583,2023-03-23,KY
SEARCH_000584,2023-03-23,CA
SEARCH_000585,2023-03-23,OH
SEARCH_000586,2023-03-23,OR
SEARCH_000587,2023-03-23,FL
SEARCH_000588,2023-03-23,FL
SEARCH_000589,2023-03-23,TN
SEARCH_000590,2023-03-24,NY
SEARCH_000591,2023-03-24,CA
SEARCH_000592,2023-03-24,TX
SEARCH_000593,2023-03-24,FL
SEARCH_000594,2023-03-24,MI
SEARCH_000595,2023-03-25,PA
SEARCH_000596,2023-03-25,GA
SEARCH_000597,2023-03-25,MI
SEARCH_000598,2023-03-25,AZ
SEARCH_000599,2023-03-26,CA
SEARCH_000600,2023-03-26,MI
SEARCH_000601,2023-03-26,CA
SEARCH_000602,2023-03-26,NV
SEARCH_000603,2023-03-26,FL
SEARCH_000604,2023-03-26,MI
SEARCH_000605,2023-03-26,TX
SEARCH_000606,2023-03-27,SC
SEARCH_000607,2023-03-27,DE
SEARCH_000608,2023-03-27,CA
SEARCH_000609,2023-03-27,CA
SEARCH_000610,2023-03-27,MI
SEARCH_000611,2023-03-27,TN
SEARCH_000612,2023-03-27,AZ
SEARCH_000613,2023-03-27,CA
SEARCH_000614,2023-03-28,TX
SEARCH_000615,2023-03-28,IL
SEARCH_000616,2023-03-28,TX
SEARCH_000617,2023-03-28,CA
SEARCH_000618,2023-03-28,KS
SEARCH_000619,2023-03-28,UT
SEARCH_000620,2023-03-28,CA
SEARCH_000621,2023-03-28,GA
SEARCH_000622,2023-03-28,NY
SEARCH_000623,2023-03-29,CA
SEARCH_000624,2023-03-29,NY
SEARCH_000625,2023-03-29,NJ
SEARCH_000626,2023-03-29,MA
SEARCH_000627,2023-03-29,OK
SEARCH_000628,2023-03-29,CA
SEARCH_000629,2023-03-29,LA
SEARCH_000630,2023-03-29,MI
SEARCH_000631,2023-03-29,SC
SEARCH_000632,2023-03-29,CA
SEARCH_000633,2023-03-29,OH
SEARCH_000634,2023-03-29,MN
SEARCH_000635,2023-03-29,WI
SEARCH_000636,2023-03-30,IL
SEARCH_000637,2023-03-30,TN
SEARCH_000638,2023-03-30,TX
SEARCH_000639,2023-03-30,CA
SEARCH_000640,2023-03-31,CA
SEARCH_000641,2023-03-31,MI
SEARCH_000642,2023-03-31,KY
SEARCH_000643,2023-03-31,DE
SEARCH_000644,2023-03-31,WI
SEARCH_000645,2023-03-31,MA
SEARCH_000646,2023-03-31,NY
SEARCH_000647,2023-04-01,AZ
SEARCH_000648,2023-04-01,MI
SEARCH_000649,2023-04-01,ND
SEARCH_000650,2023-04-01,AR
SEARCH_000651,2023-04-01,NC
SEARCH_000652,2023-04-01,IL
SEARCH_000653,2023-04-01,CA
SEARCH_000654,2023-04-01,CA
SEARCH_000655,2023-04-01,HI
SEARCH_000656,2023-04-01,FL
SEARCH_000657,2023-04-02,AZ
SEARCH_000658,2023-04-02,LA
SEARCH_000659,2023-04-02,NY
SEARCH_000660,2023-04-03,IL
SEARCH_000661,2023-04-03,AL
SEARCH_000662,2023-04-03,LA
SEARCH_000663,2023-04-03,KS
SEARCH_000664,2023-04-03,NH
SEARCH_000665,2023-04-03,IL
SEARCH_000666,2023-04-03,MS
SEARCH_000667,2023-04-03,NC
SEARCH_000668,2023-04-03,NJ
SEARCH_000669,2023-04-03,WV
SEARCH_000670,2023-04-03,WA
SEARCH_000671,2023-04-03,NY
SEARCH_000672,2023-04-03,TN
SEARCH_000673,2023-04-04,GA
SEARCH_000674,2023-04-04,ID
SEARCH_000675,2023-04-04,NC
SEARCH_000676,2023-04-04,AZ
SEARCH_000677,2023-04-05,VA
SEARCH_000678,2023-04-05,NJ
SEARCH_000679,2023-04-05,IA
SEARCH_000680,2023-04-05,FL
SEARCH_000681,2023-04-05,TX
SEARCH_000682,2023-04-06,NC
SEARCH_000683,2023-04-06,TN
SEARCH_000684,2023-04-06,RI
SEARCH_000685,2023-04-06,TX
SEARCH_000686,2023-04-06,OH
SEARCH_000687,2023-04-07,TX
SEARCH_000688,2023-04-07,FL
SEARCH_000689,2023-04-07,TX
SEARCH_000690,2023-04-07,OH
SEARCH_000691,2023-04-07,TN
SEARCH_000692,2023-04-07,CA
SEARCH_000693,2023-04-07,OH
SEARCH_000694,2023-04-07,AZ
SEARCH_000695,2023-04-07,NE
SEARCH_000696,2023-04-07,AZ
SEARCH_000697,2023-04-07,DC
SEARCH_000698,2023-04-07,CA
SEARCH_000699,2023-04-08,AZ
SEARCH_000700,2023-04-08,TX
SEARCH_000701,2023-04-08,CA
SEARCH_000702,2023-04-08,NY
SEARCH_000703,2023-04-08,IN
SEARCH_000704,2023-04-08,PA
SEARCH_000705,2023-04-09,CO
SEARCH_000706,2023-04-09,WA
SEARCH_000707,2023-04-10,WA
SEARCH_000708,2023-04-10,MI
SEARCH_000709,2023-04-10,PA
SEARCH_000710,2023-04-10,TN
SEARCH_000711,2023-04-10,RI
SEARCH_000712,2023-04-10,LA
SEARCH_000713,2023-04-10,MD
SEARCH_000714,2023-04-10,KY
SEARCH_000715,2023-04-10,AL
SEARCH_000716,2023-04-11,NC
SEARCH_000717,2023-04-11,TX
SEARCH_000718,2023-04-11,NV
SEARCH_000719,2023-04-11,NC
SEARCH_000720,2023-04-11,NY
SEARCH_000721,2023-04-11,CA
SEARCH_000722,2023-04-11,MD
SEARCH_000723,2023-04-11,NV
SEARCH_000724,2023-04-11,MA
SEARCH_000725,2023-04-11,MA
SEARCH_000726,2023-04-11,OK
SEARCH_000727,2023-04-12,TX
SEARCH_000728,2023-04-12,CA
SEARCH_000729,2023-04-12,OH
SEARCH_000730,2023-04-12,TX
SEARCH_000731,2023-04-12,NV
SEARCH_000732,2023-04-12,IN
SEARCH_000733,2023-04-13,SC
SEARCH_000734,2023-04-13,KY
SEARCH_000735,2023-04-13,CA
SEARCH_000736,2023-04-13,MN
SEARCH_000737,2023-04-13,NY
SEARCH_000738,2023-04-13,IL
SEARCH_000739,2023-04-13,TN
SEARCH_000740,2023-04-13,TX
SEARCH_000741,2023-04-13,TX
SEARCH_000742,2023-04-14,OH
SEARCH_000743,2023-04-14,CA
SEARCH_000744,2023-04-14,OH
SEARCH_000745,2023-04-14,FL
SEARCH_000746,2023-04-14,TX
SEARCH_000747,2023-04-14,CT
SEARCH_000748,2023-04-15,LA
SEARCH_000749,2023-04-15,TN
SEARCH_000750,2023-04-15,TX
SEARCH_000751,2023-04-15,RI
SEARCH_000752,2023-04-15,MS
SEARCH_000753,2023-04-15,CA
SEARCH_000754,2023-04-16,CA
SEARCH_000755,2023-04-16,CA
SEARCH_000756,2023-04-16,NY
SEARCH_000757,2023-04-16,CA
SEARCH_000758,2023-04-16,AR
SEARCH_000759,2023-04-16,WV
SEARCH_000760,2023-04-16,SC
SEARCH_000761,2023-04-16,NY
SEARCH_000762,2023-04-16,CA
SEARCH_000763,2023-04-16,KY
SEARCH_000764,2023-04-17,MT
SEARCH_000765,2023-04-17,NE
SEARCH_000766,2023-04-17,IL
SEARCH_000767,2023-04-17,PA
SEARCH_000768,2023-04-17,VA
SEARCH_000769,2023-04-17,NH
SEARCH_000770,2023-04-17,CA
SEARCH_000771,2023-04-17,TN
SEARCH_000772,2023-04-17,OH
SEARCH_000773,2023-04-17,TX
SEARCH_000774,2023-04-18,AZ
SEARCH_000775,2023-04-18,CA
SEARCH_000776,2023-04-18,GA
SEARCH_000777,2023-04-18,TX
SEARCH_000778,2023-04-18,CA
SEARCH_000779,2023-04-18,WI
SEARCH_000780,2023-04-18,IL
SEARCH_000781,2023-04-18,WI
SEARCH_000782,2023-04-19,IL
SEARCH_000783,2023-04-19,FL
SEARCH_000784,2023-04-19,IN
SEARCH_000785,2023-04-19,IL
SEARCH_000786,2023-04-19,NV
SEARCH_000787,2023-04-19,PA
SEARCH_000788,2023-04-19,AZ
SEARCH_000789,2023-04-19,DE
SEARCH_000790,2023-04-19,KS
SEARCH_000791,2023-04-20,MI
SEARCH_000792,2023-04-20,PA
SEARCH_000793,2023-04-20,WA
SEARCH_000794,2023-04-20,MO
SEARCH_000795,2023-04-20,MO
SEARCH_000796,2023-04-20,IN
SEARCH_000797,2023-04-20,KS
SEARCH_000798,2023-04-20,TX
SEARCH_000799,2023-04-21,MS
SEARCH_000800,2023-04-21,NY
SEARCH_000801,2023-04-21,KY
SEARCH_000802,2023-04-21,TX
SEARCH_000803,2023-04-21,MI
SEARCH_000804,2023-04-21,LA
SEARCH_000805,2023-04-21,CA
SEARCH_000806,2023-04-21,NC
SEARCH_000807,2023-04-21,MN
SEARCH_000808,2023-04-21,FL
SEARCH_000809,2023-04-21,WV
SEARCH_000810,2023-04-21,TX
SEARCH_000811,2023-04-22,CA
SEARCH_000812,2023-04-22,CA
SEARCH_000813,2023-04-22,AK
SEARCH_000814,2023-04-23,NH
SEARCH_000815,2023-04-23,MO
SEARCH_000816,2023-04-23,OH
SEARCH_000817,2023-04-23,GA
SEARCH_000818,2023-04-23,TX
SEARCH_000819,2023-04-23,MI
SEARCH_000820,2023-04-23,VA
SEARCH_000821,2023-04-24,NC
SEARCH_000822,2023-04-24,MI
SEARCH_000823,2023-04-24,FL
SEARCH_000824,2023-04-24,NC
SEARCH_000825,2023-04-24,VT
SEARCH_000826,2023-04-25,DE
SEARCH_000827,2023-04-25,TX
SEARCH_000828,2023-04-25,MA
SEARCH_000829,2023-04-25,IA
SEARCH_000830,2023-04-25,TX
SEARCH_000831,2023-04-25,TX
SEARCH_000832,2023-04-26,FL
SEARCH_000833,2023-04-26,PA
SEARCH_000834,2023-04-26,MI
SEARCH_000835,2023-04-26,CA
SEARCH_000836,2023-04-26,MS
SEARCH_000837,2023-04-26,CA
SEARCH_000838,2023-04-26,ND
SEARCH_000839,2023-04-26,FL
SEARCH_000840,2023-04-26,IN
SEARCH_000841,2023-04-26,GA
SEARCH_000842,2023-04-26,SC
SEARCH_000843,2023-04-27,CO
SEARCH_000844,2023-04-27,NY
SEARCH_000845,2023-04-27,FL
SEARCH_000846,2023-04-27,PA
SEARCH_000847,2023-04-27,NC
SEARCH_000848,2023-04-27,IN
SEARCH_000849,2023-04-27,CA
SEARCH_000850,2023-04-27,OH
SEARCH_000851,2023-04-27,MO
SEARCH_000852,2023-04-27,NY
SEARCH_000853,2023-04-27,NY
SEARCH_000854,2023-04-27,PA
SEARCH_000855,2023-04-27,PA
SEARCH_000856,2023-04-28,TX
SEARCH_000857,2023-04-28,IN
SEARCH_000858,2023-04-28,MS
SEARCH_000859,2023-04-28,MO
SEARCH_000860,2023-04-28,IL
SEARCH_000861,2023-04-28,IA
SEARCH_000862,2023-04-28,NY
SEARCH_000863,2023-04-28,CA
SEARCH_000864,2023-04-28,MN
SEARCH_000865,2023-04-28,NY
SEARCH_000866,2023-04-28,NJ
SEARCH_000867,2023-04-28,CA
SEARCH_000868,2023-04-29,CA
SEARCH_000869,2023-04-29,MA
SEARCH_000870,2023-04-29,CA
SEARCH_000871,2023-04-29,TX
SEARCH_000872,2023-04-30,NJ
SEARCH_000873,2023-04-30,NC
SEARCH_000874,2023-04-30,IL
SEARCH_000875,2023-04-30,NY
SEARCH_000876,2023-04-30,FL
SEARCH_000877,2023-04-30,ID
SEARCH_000878,2023-05-01,TX
SEARCH_000879,2023-05-01,KS
SEARCH_000880,2023-05-01,NC
SEARCH_000881,2023-05-01,WV
SEARCH_000882,2023-05-01,NC
SEARCH_000883,2023-05-01,CA
SEARCH_000884,2023-05-01,KS
SEARCH_000885,2023-05-01,NY
SEARCH_000886,2023-05-01,WI
SEARCH_000887,2023-05-02,MS
SEARCH_000888,2023-05-02,TX
SEARCH_000889,2023-05-02,AL
SEARCH_000890,2023-05-02,CA
SEARCH_000891,2023-05-02,CA
SEARCH_000892,2023-05-02,MI
SEARCH_000893,2023-05-02,PA
SEARCH_000894,2023-05-02,MI
SEARCH_000895,2023-05-02,MA
SEARCH_000896,2023-05-02,WA
SEARCH_000897,2023-05-03,NJ
SEARCH_000898,2023-05-03,VA
SEARCH_000899,2023-05-03,MI
SEARCH_000900,2023-05-03,CA
SEARCH_000901,2023-05-03,PA
SEARCH_000902,2023-05-03,CO
SEARCH_000903,2023-05-03,GA
SEARCH_000904,2023-05-03,WA
SEARCH_000905,2023-05-04,WI
SEARCH_000906,2023-05-04,FL
SEARCH_000907,2023-05-04,FL
SEARCH_000908,2023-05-04,CA
SEARCH_000909,2023-05-04,FL
SEARCH_000910,2023-05-04,IL
SEARCH_000911,2023-05-04,NV
SEARCH_000912,2023-05-04,MI
SEARCH_000913,2023-05-04,OH
SEARCH_000914,2023-05-05,TX
SEARCH_000915,2023-05-05,MN
SEARCH_000916,2023-05-05,OH
SEARCH_000917,2023-05-05,CA
SEARCH_000918,2023-05-05,FL
SEARCH_000919,2023-05-05,CA
SEARCH_000920,2023-05-05,NJ
SEARCH_000921,2023-05-05,NY
SEARCH_000922,2023-05-05,OH
SEARCH_000923,2023-05-05,GA
SEARCH_000924,2023-05-06,AR
SEARCH_000925,2023-05-06,CT
SEARCH_000926,2023-05-06,MA
SEARCH_000927,2023-05-06,DC
SEARCH_000928,2023-05-06,PA
SEARCH_000929,2023-05-06,IL
SEARCH_000930,2023-05-07,GA
SEARCH_000931,2023-05-07,OH
SEARCH_000932,2023-05-07,NY
SEARCH_000933,2023-05-07,MS
SEARCH_000934,2023-05-08,ME
SEARCH_000935,2023-05-08,WI
SEARCH_000936,2023-05-08,NC
SEARCH_000937,2023-05-08,AL
SEARCH_000938,2023-05-08,PA
SEARCH_000939,2023-05-08,CA
SEARCH_000940,2023-05-08,LA
SEARCH_000941,2023-05-08,TX
SEARCH_000942,2023-05-08,TN
SEARCH_000943,2023-05-09,MI
SEARCH_000944,2023-05-09,FL
SEARCH_000945,2023-05-09,MI
SEARCH_000946,2023-05-09,NJ
SEARCH_000947,2023-05-09,CA
SEARCH_000948,2023-05-09,TX
SEARCH_000949,2023-05-09,MA
SEARCH_000950,2023-05-09,IN
SEARCH_000951,2023-05-09,NY
SEARCH_000952,2023-05-09,IL
SEARCH_000953,2023-05-09,VA
SEARCH_000954,2023-05-10,CA
SEARCH_000955,2023-05-10,CA
SEARCH_000956,2023-05-10,MN
SEARCH_000957,2023-05-10,NY
SEARCH_000958,2023-05-10,MA
SEARCH_000959,2023-05-10,NH
SEARCH_000960,2023-05-10,AR
SEARCH_000961,2023-05-10,OR
SEARCH_000962,2023-05-11,TN
SEARCH_000963,2023-05-11,TX
SEARCH_000964,2023-05-11,OH
SEARCH_000965,2023-05-11,CA
SEARCH_000966,2023-05-11,NE
SEARCH_000967,2023-05-11,TX
SEARCH_000968,2023-05-11,HI
SEARCH_000969,2023-05-12,FL
SEARCH_000970,2023-05-12,WV
SEARCH_000971,2023-05-12,WI
SEARCH_000972,2023-05-12,TN
SEARCH_000973,2023-05-12,ME
SEARCH_000974,2023-05-12,PA
SEARCH_000975,2023-05-12,PA
SEARCH_000976,2023-05-12,TX
SEARCH_000977,2023-05-12,CA
SEARCH_000978,2023-05-13,FL
SEARCH_000979,2023-05-13,CA
SEARCH_000980,2023-05-13,OH
SEARCH_000981,2023-05-13,GA
SEARCH_000982,2023-05-13,CA
SEARCH_000983,2023-05-13,CT
SEARCH_000984,2023-05-13,MD
SEARCH_000985,2023-05-13,PA
SEARCH_000986,2023-05-13,KY
SEARCH_000987,2023-05-13,FL
SEARCH_000988,2023-05-14,KY
SEARCH_000989,2023-05-14,TX
SEARCH_000990,2023-05-14,NV
SEARCH_000991,2023-05-14,TX
SEARCH_000992,2023-05-14,FL
SEARCH_000993,2023-05-14,FL
SEARCH_000994,2023-05-14,FL
SEARCH_000995,2023-05-14,MD
SEARCH_000996,2023-05-14,ID
SEARCH_000997,2023-05-14,TN
SEARCH_000998,2023-05-14,CT
SEARCH_000999,2023-05-15,NY
SEARCH_001000,2023-05-15,IN
SEARCH_001001,2023-05-15,AZ
SEARCH_001002,2023-05-15,GA
SEARCH_001003,2023-05-15,FL
SEARCH_001004,2023-05-15,TX
SEARCH_001005,2023-05-15,NM
SEARCH_001006,2023-05-15,AR
SEARCH_001007,2023-05-15,CT
SEARCH_001008,2023-05-16,MA
SEARCH_001009,2023-05-16,IL
SEARCH_001010,2023-05-16,UT
SEARCH_001011,2023-05-16,TN
SEARCH_001012,2023-05-16,NJ
SEARCH_001013,2023-05-17,WV
SEARCH_001014,2023-05-17,LA
SEARCH_001015,2023-05-17,NY
SEARCH_001016,2023-05-17,NH
SEARCH_001017,2023-05-17,OH
SEARCH_001018,2023-05-17,AL
SEARCH_001019,2023-05-17,FL
SEARCH_001020,2023-05-17,IL
SEARCH_001021,2023-05-17,NC
SEARCH_001022,2023-05-17,IL
SEARCH_001023,2023-05-18,MD
SEARCH_001024,2023-05-19,OK
SEARCH_001025,2023-05-19,TX
SEARCH_001026,2023-05-19,OR
SEARCH_001027,2023-05-19,CA
SEARCH_001028,2023-05-19,FL
SEARCH_001029,2023-05-19,AZ
SEARCH_001030,2023-05-19,OH
SEARCH_001031,2023-05-19,NY
SEARCH_001032,2023-05-20,TN
SEARCH_001033,2023-05-20,FL
SEARCH_001034,2023-05-20,TN
SEARCH_001035,2023-05-20,TX
SEARCH_001036,2023-05-21,MN
SEARCH_001037,2023-05-21,SC
SEARCH_001038,2023-05-21,NM
SEARCH_001039,2023-05-21,NE
SEARCH_001040,2023-05-22,KS
SEARCH_001041,2023-05-22,KS
SEARCH_001042,2023-05-22,NY
SEARCH_001043,2023-05-22,FL
SEARCH_001044,2023-05-22,CA
SEARCH_001045,2023-05-22,TX
SEARCH_001046,2023-05-23,CA
SEARCH_001047,2023-05-23,TX
SEARCH_001048,2023-05-23,UT
SEARCH_001049,2023-05-23,NC
SEARCH_001050,2023-05-23,IL
SEARCH_001051,2023-05-23,SC
SEARCH_001052,2023-05-23,AR
SEARCH_001053,2023-05-23,MD
SEARCH_001054,2023-05-23,TX
SEARCH_001055,2023-05-23,IL
SEARCH_001056,2023-05-23,WI
SEARCH_001057,2023-05-23,PA
SEARCH_001058,2023-05-24,OK
SEARCH_001059,2023-05-24,NY
SEARCH_001060,2023-05-24,KY
SEARCH_001061,2023-05-24,IA
SEARCH_001062,2023-05-24,VA
SEARCH_001063,2023-05-24,SC
SEARCH_001064,2023-05-25,NY
SEARCH_001065,2023-05-25,CT
SEARCH_001066,2023-05-25,CA
SEARCH_001067,2023-05-25,SC
SEARCH_001068,2023-05-25,MI
SEARCH_001069,2023-05-25,MI
SEARCH_001070,2023-05-25,NY
SEARCH_001071,2023-05-25,FL
SEARCH_001072,2023-05-25,PA
SEARCH_001073,2023-05-26,CA
SEARCH_001074,2023-05-26,TN
SEARCH_001075,2023-05-26,VA
SEARCH_001076,2023-05-26,NE
SEARCH_001077,2023-05-26,IL
SEARCH_001078,2023-05-26,MD
SEARCH_001079,2023-05-26,WA
SEARCH_001080,2023-05-26,CA
SEARCH_001081,2023-05-27,MI
SEARCH_001082,2023-05-27,OR
SEARCH_001083,2023-05-27,KY
SEARCH_001084,2023-05-27,TX
SEARCH_001085,2023-05-27,TX
SEARCH_001086,2023-05-27,CA
SEARCH_001087,2023-05-27,OK
SEARCH_001088,2023-05-28,NV
SEARCH_001089,2023-05-28,FL
SEARCH_001090,2023-05-28,GA
SEARCH_001091,2023-05-28,IN
SEARCH_001092,2023-05-28,MD
SEARCH_001093,2023-05-28,ND
SEARCH_001094,2023-05-28,WA
SEARCH_001095,2023-05-29,NY
SEARCH_001096,2023-05-29,NC
SEARCH_001097,2023-05-29,TX
SEARCH_001098,2023-05-29,IL
SEARCH_001099,2023-05-30,RI
SEARCH_001100,2023-05-30,NJ
SEARCH_001101,2023-05-30,NY
SEARCH_001102,2023-05-30,FL
SEARCH_001103,2023-05-30,CA
SEARCH_001104,2023-05-30,FL
SEARCH_001105,2023-05-30,IL
SEARCH_001106,2023-05-30,OH
SEARCH_001107,2023-05-30,WV
SEARCH_001108,2023-05-30,PA
SEARCH_001109,2023-05-31,TN
SEARCH_001110,2023-05-31,IL
SEARCH_001111,2023-05-31,MT
SEARCH_001112,2023-05-31,AZ
SEARCH_001113,2023-05-31,MD
SEARCH_001114,2023-05-31,MA
SEARCH_001115,2023-05-31,PA
SEARCH_001116,2023-05-31,MT
SEARCH_001117,2023-05-31,FL
SEARCH_001118,2023-05-31,MT
SEARCH_001119,2023-05-31,MI
SEARCH_001120,2023-06-01,GA
SEARCH_001121,2023-06-02,GA
SEARCH_001122,2023-06-02,TX
SEARCH_001123,2023-06-02,NC
SEARCH_001124,2023-06-02,NM
SEARCH_001125,2023-06-02,PA
SEARCH_001126,2023-06-02,AZ
SEARCH_001127,2023-06-02,VA
SEARCH_001128,2023-06-02,VA
SEARCH_001129,2023-06-02,NY
SEARCH_001130,2023-06-02,ME
SEARCH_001131,2023-06-03,LA
SEARCH_001132,2023-06-03,FL
SEARCH_001133,2023-06-03,MA
SEARCH_001134,2023-06-03,OH
SEARCH_001135,2023-06-04,CT
SEARCH_001136,2023-06-04,GA
SEARCH_001137,2023-06-04,TX
SEARCH_001138,2023-06-04,WI
SEARCH_001139,2023-06-04,IA
SEARCH_001140,2023-06-05,MD
SEARCH_001141,2023-06-05,CA
SEARCH_001142,2023-06-05,LA
SEARCH_001143,2023-06-05,NY
SEARCH_001144,2023-06-06,CO
SEARCH_001145,2023-06-06,TX
SEARCH_001146,2023-06-06,IL
SEARCH_001147,2023-06-06,OK
SEARCH_001148,2023-06-06,FL
SEARCH_001149,2023-06-06,CA
SEARCH_001150,2023-06-06,MD
SEARCH_001151,2023-06-06,CA
SEARCH_001152,2023-06-06,CA
SEARCH_001153,2023-06-06,NC
SEARCH_001154,2023-06-06,FL
SEARCH_001155,2023-06-06,WI
SEARCH_001156,2023-06-07,NJ
SEARCH_001157,2023-06-07,MA
SEARCH_001158,2023-06-07,NV
SEARCH_001159,2023-06-07,KY
SEARCH_001160,2023-06-07,NJ
SEARCH_001161,2023-06-07,OH
SEARCH_001162,2023-06-07,CA
SEARCH_001163,2023-06-07,NJ
SEARCH_001164,2023-06-07,WI
SEARCH_001165,2023-06-07,MA
SEARCH_001166,2023-06-07,TX
SEARCH_001167,2023-06-07,OR
SEARCH_001168,2023-06-07,CA
SEARCH_001169,2023-06-07,MO
SEARCH_001170,2023-06-07,IA
SEARCH_001171,2023-06-07,VA
SEARCH_001172,2023-06-07,PA
SEARCH_001173,2023-06-08,CA
SEARCH_001174,2023-06-08,UT
SEARCH_001175,2023-06-08,VA
SEARCH_001176,2023-06-08,MI
SEARCH_001177,2023-06-08,NY
SEARCH_001178,2023-06-08,GA
SEARCH_001179,2023-06-08,MO
SEARCH_001180,2023-06-08,MS
SEARCH_001181,2023-06-09,MA
SEARCH_001182,2023-06-09,FL
SEARCH_001183,2023-06-09,FL
SEARCH_001184,2023-06-09,IN
SEARCH_001185,2023-06-09,OH
SEARCH_001186,2023-06-09,TX
SEARCH_001187,2023-06-10,CT
SEARCH_001188,2023-06-10,MI
SEARCH_001189,2023-06-10,WI
SEARCH_001190,2023-06-11,NY
SEARCH_001191,2023-06-11,CA
SEARCH_001192,2023-06-11,OH
SEARCH_001193,2023-06-11,AL
SEARCH_001194,2023-06-11,TX
SEARCH_001195,2023-06-11,NY
SEARCH_001196,2023-06-11,PA
SEARCH_001197,2023-06-11,CA
SEARCH_001198,2023-06-12,VA
SEARCH_001199,2023-06-12,NY
SEARCH_001200,2023-06-12,NV
SEARCH_001201,2023-06-12,FL
SEARCH_001202,2023-06-12,ID
SEARCH_001203,2023-06-12,LA
SEARCH_001204,2023-06-12,VA
SEARCH_001205,2023-06-12,NJ
SEARCH_001206,2023-06-12,TX
SEARCH_001207,2023-06-12,GA
SEARCH_001208,2023-06-12,MO
SEARCH_001209,2023-06-12,MI
SEARCH_001210,2023-06-12,CA
SEARCH_001211,2023-06-12,PA
SEARCH_001212,2023-06-12,NY
SEARCH_001213,2023-06-12,TX
SEARCH_001214,2023-06-12,NH
SEARCH_001215,2023-06-13,TX
SEARCH_001216,2023-06-13,OH
SEARCH_001217,2023-06-13,NC
SEARCH_001218,2023-06-13,VA
SEARCH_001219,2023-06-13,CA
SEARCH_001220,2023-06-13,FL
SEARCH_001221,2023-06-13,KY
SEARCH_001222,2023-06-13,TX
SEARCH_001223,2023-06-13,TX
SEARCH_001224,2023-06-13,NY
SEARCH_001225,2023-06-14,IA
SEARCH_001226,2023-06-14,MD
SEARCH_001227,2023-06-14,AL
SEARCH_001228,2023-06-14,CA
SEARCH_001229,2023-06-14,NM
SEARCH_001230,2023-06-14,SC
SEARCH_001231,2023-06-14,TX
SEARCH_001232,2023-06-14,VA
SEARCH_001233,2023-06-14,NC
SEARCH_001234,2023-06-15,DC
SEARCH_001235,2023-06-15,TX
SEARCH_001236,2023-06-15,TX
SEARCH_001237,2023-06-15,CA
SEARCH_001238,2023-06-15,MI
SEARCH_001239,2023-06-15,CA
SEARCH_001240,2023-06-15,TX
SEARCH_001241,2023-06-15,IL
SEARCH_001242,2023-06-15,MO
SEARCH_001243,2023-06-15,MD
SEARCH_001244,2023-06-15,SC
SEARCH_001245,2023-06-16,NY
SEARCH_001246,2023-06-16,MN
SEARCH_001247,2023-06-16,AL
SEARCH_001248,2023-06-16,GA
SEARCH_001249,2023-06-17,WA
SEARCH_001250,2023-06-17,WA
SEARCH_001251,2023-06-17,NJ
SEARCH_001252,2023-06-17,OH
SEARCH_001253,2023-06-17,MA
SEARCH_001254,2023-06-18,TN
SEARCH_001255,2023-06-18,IL
SEARCH_001256,2023-06-18,IL
SEARCH_001257,2023-06-18,RI
SEARCH_001258,2023-06-18,CA
SEARCH_001259,2023-06-18,TN
SEARCH_001260,2023-06-19,AZ
SEARCH_001261,2023-06-19,OR
SEARCH_001262,2023-06-19,CT
SEARCH_001263,2023-06-19,IN
SEARCH_001264,2023-06-19,NJ
SEARCH_001265,2023-06-19,WA
SEARCH_001266,2023-06-19,TN
SEARCH_001267,2023-06-19,CO
SEARCH_001268,2023-06-19,MI
SEARCH_001269,2023-06-20,NJ
SEARCH_001270,2023-06-20,WI
SEARCH_001271,2023-06-20,MO
SEARCH_001272,2023-06-21,TX
SEARCH_001273,2023-06-21,OH
SEARCH_001274,2023-06-21,MI
SEARCH_001275,2023-06-21,TX
SEARCH_001276,2023-06-22,MO
SEARCH_001277,2023-06-22,AZ
SEARCH_001278,2023-06-22,LA
SEARCH_001279,2023-06-22,LA
SEARCH_001280,2023-06-22,MO
SEARCH_001281,2023-06-22,FL
SEARCH_001282,2023-06-22,VT
SEARCH_001283,2023-06-22,OH
SEARCH_001284,2023-06-23,TX
SEARCH_001285,2023-06-23,AZ
SEARCH_001286,2023-06-23,NY
SEARCH_001287,2023-06-23,TX
SEARCH_001288,2023-06-23,MS
SEARCH_001289,2023-06-23,ID
SEARCH_001290,2023-06-23,TX
SEARCH_001291,2023-06-23,AZ
SEARCH_001292,2023-06-23,TX
SEARCH_001293,2023-06-24,MT
SEARCH_001294,2023-06-24,MI
SEARCH_001295,2023-06-24,TX
SEARCH_001296,2023-06-24,SD
SEARCH_001297,2023-06-26,SC
SEARCH_001298,2023-06-26,WV
SEARCH_001299,2023-06-26,TN
SEARCH_001300,2023-06-26,IL
SEARCH_001301,2023-06-26,OH
SEARCH_001302,2023-06-26,MS
SEARCH_001303,2023-06-26,HI
SEARCH_001304,2023-06-26,WV
SEARCH_001305,2023-06-27,IL
SEARCH_001306,2023-06-27,FL
SEARCH_001307,2023-06-27,CA
SEARCH_001308,2023-06-27,TX
SEARCH_001309,2023-06-28,DC
SEARCH_001310,2023-06-28,IL
SEARCH_001311,2023-06-28,VA
SEARCH_001312,2023-06-28,AL
SEARCH_001313,2023-06-28,OK
SEARCH_001314,2023-06-28,CA
SEARCH_001315,2023-06-29,WI
SEARCH_001316,2023-06-29,MI
SEARCH_001317,2023-06-29,IL
SEARCH_001318,2023-06-29,OH
SEARCH_001319,2023-06-29,FL
SEARCH_001320,2023-06-29,MO
SEARCH_001321,2023-06-29,NY
SEARCH_001322,2023-06-30,PA
SEARCH_001323,2023-06-30,NJ
SEARCH_001324,2023-06-30,LA
SEARCH_001325,2023-06-30,ME
SEARCH_001326,2023-06-30,IL
SEARCH_001327,2023-06-30,UT
SEARCH_001328,2023-07-01,VA
SEARCH_001329,2023-07-01,VA
SEARCH_001330,2023-07-01,TX
SEARCH_001331,2023-07-01,WA
SEARCH_001332,2023-07-02,NY
SEARCH_001333,2023-07-02,NY
SEARCH_001334,2023-07-02,CA
SEARCH_001335,2023-07-02,FL
SEARCH_001336,2023-07-02,MO
SEARCH_001337,2023-07-02,NY
SEARCH_001338,2023-07-02,CO
SEARCH_001339,2023-07-02,IA
SEARCH_001340,2023-07-02,IN
SEARCH_001341,2023-07-03,TN
SEARCH_001342,2023-07-03,CT
SEARCH_001343,2023-07-03,PA
SEARCH_001344,2023-07-03,NJ
SEARCH_001345,2023-07-03,IA
SEARCH_001346,2023-07-04,CA
SEARCH_001347,2023-07-04,CO
SEARCH_001348,2023-07-04,AZ
SEARCH_001349,2023-07-04,WI
SEARCH_001350,2023-07-04,TX
SEARCH_001351,2023-07-04,TX
SEARCH_001352,2023-07-05,MI
SEARCH_001353,2023-07-05,CA
SEARCH_001354,2023-07-05,UT
SEARCH_001355,2023-07-05,GA
SEARCH_001356,2023-07-05,PA
SEARCH_001357,2023-07-05,NJ
SEARCH_001358,2023-07-05,TN
SEARCH_001359,2023-07-05,AZ
SEARCH_001360,2023-07-06,MI
SEARCH_001361,2023-07-06,NE
SEARCH_001362,2023-07-06,WA
SEARCH_001363,2023-07-06,RI
SEARCH_001364,2023-07-06,KY
SEARCH_001365,2023-07-06,UT
SEARCH_001366,2023-07-06,TX
SEARCH_001367,2023-07-06,NJ
SEARCH_001368,2023-07-07,CA
SEARCH_001369,2023-07-07,MA
SEARCH_001370,2023-07-07,OH
SEARCH_001371,2023-07-07,TN
SEARCH_001372,2023-07-07,AR
SEARCH_001373,2023-07-07,PA
SEARCH_001374,2023-07-07,VA
SEARCH_001375,2023-07-07,AZ
SEARCH_001376,2023-07-07,AL
SEARCH_001377,2023-07-07,TX
SEARCH_001378,2023-07-07,CA
SEARCH_001379,2023-07-08,NY
SEARCH_001380,2023-07-08,MA
SEARCH_001381,2023-07-08,TX
SEARCH_001382,2023-07-08,NJ
SEARCH_001383,2023-07-08,OH
SEARCH_001384,2023-07-09,LA
SEARCH_001385,2023-07-09,MN
SEARCH_001386,2023-07-09,CA
SEARCH_001387,2023-07-09,NC
SEARCH_001388,2023-07-09,CA
SEARCH_001389,2023-07-09,NC
SEARCH_001390,2023-07-10,NV
SEARCH_001391,2023-07-10,SC
SEARCH_001392,2023-07-10,IL
SEARCH_001393,2023-07-10,MO
SEARCH_001394,2023-07-10,MA
SEARCH_001395,2023-07-10,FL
SEARCH_001396,2023-07-10,CA
SEARCH_001397,2023-07-11,OK
SEARCH_001398,2023-07-11,NY
SEARCH_001399,2023-07-11,FL
SEARCH_001400,2023-07-11,NC
SEARCH_001401,2023-07-11,OH
SEARCH_001402,2023-07-11,FL
SEARCH_001403,2023-07-11,PA
SEARCH_001404,2023-07-11,TN
SEARCH_001405,2023-07-11,TX
SEARCH_001406,2023-07-12,NY
SEARCH_001407,2023-07-13,TX
SEARCH_001408,2023-07-13,OH
SEARCH_001409,2023-07-13,MO
SEARCH_001410,2023-07-13,MI
SEARCH_001411,2023-07-13,SC
SEARCH_001412,2023-07-13,CA
SEARCH_001413,2023-07-13,NH
SEARCH_001414,2023-07-14,TX
SEARCH_001415,2023-07-14,FL
SEARCH_001416,2023-07-14,FL
SEARCH_001417,2023-07-14,AZ
SEARCH_001418,2023-07-14,TX
SEARCH_001419,2023-07-14,NC
SEARCH_001420,2023-07-14,FL
SEARCH_001421,2023-07-14,UT
SEARCH_001422,2023-07-14,FL
SEARCH_001423,2023-07-14,CA
SEARCH_001424,2023-07-14,FL
SEARCH_001425,2023-07-15,IL
SEARCH_001426,2023-07-15,CA
SEARCH_001427,2023-07-15,CA
SEARCH_001428,2023-07-15,MA
SEARCH_001429,2023-07-15,OH
SEARCH_001430,2023-07-15,SC
SEARCH_001431,2023-07-16,MO
SEARCH_001432,2023-07-16,NC
SEARCH_001433,2023-07-16,FL
SEARCH_001434,2023-07-16,IA
SEARCH_001435,2023-07-16,TX
SEARCH_001436,2023-07-16,WA
SEARCH_001437,2023-07-16,MI
SEARCH_001438,2023-07-16,SC
SEARCH_001439,2023-07-16,CA
SEARCH_001440,2023-07-17,MN
SEARCH_001441,2023-07-17,NY
SEARCH_001442,2023-07-17,CO
SEARCH_001443,2023-07-17,PA
SEARCH_001444,2023-07-17,CA
SEARCH_001445,2023-07-17,AZ
SEARCH_001446,2023-07-17,MN
SEARCH_001447,2023-07-17,NY
SEARCH_001448,2023-07-17,OH
SEARCH_001449,2023-07-17,VA
SEARCH_001450,2023-07-17,SC
SEARCH_001451,2023-07-18,NV
SEARCH_001452,2023-07-18,AK
SEARCH_001453,2023-07-18,KY
SEARCH_001454,2023-07-18,AZ
SEARCH_001455,2023-07-18,TX
SEARCH_001456,2023-07-18,OR
SEARCH_001457,2023-07-18,NC
SEARCH_001458,2023-07-18,FL
SEARCH_001459,2023-07-19,NC
SEARCH_001460,2023-07-19,TX
SEARCH_001461,2023-07-19,OR
SEARCH_001462,2023-07-19,SC
SEARCH_001463,2023-07-19,TN
SEARCH_001464,2023-07-19,IN
SEARCH_001465,2023-07-19,OK
SEARCH_001466,2023-07-19,CT
SEARCH_001467,2023-07-19,LA
SEARCH_001468,2023-07-19,MI
SEARCH_001469,2023-07-19,AZ
SEARCH_001470,2023-07-19,VA
SEARCH_001471,2023-07-19,NY
SEARCH_001472,2023-07-19,CO
SEARCH_001473,2023-07-19,AR
SEARCH_001474,2023-07-19,NY
SEARCH_001475,2023-07-20,MA
SEARCH_001476,2023-07-20,CA
SEARCH_001477,2023-07-20,NH
SEARCH_001478,2023-07-20,NY
SEARCH_001479,2023-07-20,LA
SEARCH_001480,2023-07-21,WA
SEARCH_001481,2023-07-21,NY
SEARCH_001482,2023-07-21,NE
SEARCH_001483,2023-07-21,GA
SEARCH_001484,2023-07-21,LA
SEARCH_001485,2023-07-21,AL
SEARCH_001486,2023-07-22,CT
SEARCH_001487,2023-07-22,IL
SEARCH_001488,2023-07-22,NH
SEARCH_001489,2023-07-22,NC
SEARCH_001490,2023-07-22,VA
SEARCH_001491,2023-07-23,GA
SEARCH_001492,2023-07-23,CA
SEARCH_001493,2023-07-23,NY
SEARCH_001494,2023-07-23,NY
SEARCH_001495,2023-07-23,TX
SEARCH_001496,2023-07-23,TN
SEARCH_001497,2023-07-23,TX
SEARCH_001498,2023-07-23,FL
SEARCH_001499,2023-07-23,LA
SEARCH_001500,2023-07-24,GA
SEARCH_001501,2023-07-24,VA
SEARCH_001502,2023-07-24,AL
SEARCH_001503,2023-07-24,CA
SEARCH_001504,2023-07-24,OH
SEARCH_001505,2023-07-24,CO
SEARCH_001506,2023-07-24,VA
SEARCH_001507,2023-07-24,FL
SEARCH_001508,2023-07-24,NC
SEARCH_001509,2023-07-25,CA
SEARCH_001510,2023-07-25,NY
SEARCH_001511,2023-07-25,TX
SEARCH_001512,2023-07-25,KS
SEARCH_001513,2023-07-25,FL
SEARCH_001514,2023-07-25,MI
SEARCH_001515,2023-07-25,MD
SEARCH_001516,2023-07-25,NY
SEARCH_001517,2023-07-26,VT
SEARCH_001518,2023-07-26,UT
SEARCH_001519,2023-07-26,TX
SEARCH_001520,2023-07-26,PA
SEARCH_001521,2023-07-26,TX
SEARCH_001522,2023-07-26,VA
SEARCH_001523,2023-07-26,TX
SEARCH_001524,2023-07-26,VA
SEARCH_001525,2023-07-26,CA
SEARCH_001526,2023-07-26,PA
SEARCH_001527,2023-07-26,NJ
SEARCH_001528,2023-07-26,WI
SEARCH_001529,2023-07-27,NY
SEARCH_001530,2023-07-27,CA
SEARCH_001531,2023-07-27,MT
SEARCH_001532,2023-07-27,FL
SEARCH_001533,2023-07-27,MO
SEARCH_001534,2023-07-27,WI
SEARCH_001535,2023-07-27,IN
SEARCH_001536,2023-07-28,AZ
SEARCH_001537,2023-07-28,KY
SEARCH_001538,2023-07-28,CA
SEARCH_001539,2023-07-28,KS
SEARCH_001540,2023-07-29,FL
SEARCH_001541,2023-07-29,CO
SEARCH_001542,2023-07-29,TN
SEARCH_001543,2023-07-30,WI
SEARCH_001544,2023-07-30,AZ
SEARCH_001545,2023-07-30,CA
SEARCH_001546,2023-07-31,MO
SEARCH_001547,2023-07-31,FL
SEARCH_001548,2023-07-31,WV
SEARCH_001549,2023-07-31,NY
SEARCH_001550,2023-07-31,TX
SEARCH_001551,2023-07-31,WV
SEARCH_001552,2023-07-31,CT
SEARCH_001553,2023-07-31,CA
SEARCH_001554,2023-07-31,FL
SEARCH_001555,2023-07-31,NY
SEARCH_001556,2023-07-31,TN
SEARCH_001557,2023-07-31,WI
SEARCH_001558,2023-07-31,PA
SEARCH_001559,2023-08-01,MN
SEARCH_001560,2023-08-01,TX
SEARCH_001561,2023-08-01,CA
SEARCH_001562,2023-08-01,GA
SEARCH_001563,2023-08-01,MS
SEARCH_001564,2023-08-01,MA
SEARCH_001565,2023-08-01,MN
SEARCH_001566,2023-08-01,FL
SEARCH_001567,2023-08-01,TX
SEARCH_001568,2023-08-01,WA
SEARCH_001569,2023-08-02,PA
SEARCH_001570,2023-08-02,NC
SEARCH_001571,2023-08-02,DE
SEARCH_001572,2023-08-02,IL
SEARCH_001573,2023-08-02,MS
SEARCH_001574,2023-08-02,IL
SEARCH_001575,2023-08-02,VA
SEARCH_001576,2023-08-02,OK
SEARCH_001577,2023-08-02,IL
SEARCH_001578,2023-08-03,LA
SEARCH_001579,2023-08-03,MA
SEARCH_001580,2023-08-03,MI
SEARCH_001581,2023-08-03,CT
SEARCH_001582,2023-08-03,MO
SEARCH_001583,2023-08-03,NJ
SEARCH_001584,2023-08-04,NC
SEARCH_001585,2023-08-04,FL
SEARCH_001586,2023-08-04,GA
SEARCH_001587,2023-08-04,WI
SEARCH_001588,2023-08-04,OH
SEARCH_001589,2023-08-04,PA
SEARCH_001590,2023-08-04,UT
SEARCH_001591,2023-08-04,LA
SEARCH_001592,2023-08-04,VT
SEARCH_001593,2023-08-04,NE
SEARCH_001594,2023-08-04,CA
SEARCH_001595,2023-08-05,HI
SEARCH_001596,2023-08-05,IL
SEARCH_001597,2023-08-05,WV
SEARCH_001598,2023-08-06,TX
SEARCH_001599,2023-08-06,NV
SEARCH_001600,2023-08-06,NY
SEARCH_001601,2023-08-06,OK
SEARCH_001602,2023-08-06,FL
SEARCH_001603,2023-08-06,KY
SEARCH_001604,2023-08-06,NY
SEARCH_001605,2023-08-06,NC
SEARCH_001606,2023-08-06,CT
SEARCH_001607,2023-08-06,WA
SEARCH_001608,2023-08-06,CA
SEARCH_001609,2023-08-06,OK
SEARCH_001610,2023-08-07,UT
SEARCH_001611,2023-08-07,CA
SEARCH_001612,2023-08-07,NC
SEARCH_001613,2023-08-07,AZ
SEARCH_001614,2023-08-07,MD
SEARCH_001615,2023-08-07,IL
SEARCH_001616,2023-08-07,PA
SEARCH_001617,2023-08-07,MN
SEARCH_001618,2023-08-07,FL
SEARCH_001619,2023-08-07,TX
SEARCH_001620,2023-08-07,OH
SEARCH_001621,2023-08-07,PA
SEARCH_001622,2023-08-07,NV
SEARCH_001623,2023-08-08,CO
SEARCH_001624,2023-08-08,CA
SEARCH_001625,2023-08-08,CA
SEARCH_001626,2023-08-08,GA
SEARCH_001627,2023-08-08,CA
SEARCH_001628,2023-08-08,OK
SEARCH_001629,2023-08-09,CA
SEARCH_001630,2023-08-09,WY
SEARCH_001631,2023-08-09,VA
SEARCH_001632,2023-08-09,TN
SEARCH_001633,2023-08-09,TX
SEARCH_001634,2023-08-09,FL
SEARCH_001635,2023-08-09,WI
SEARCH_001636,2023-08-09,AZ
SEARCH_001637,2023-08-09,PA
SEARCH_001638,2023-08-09,TX
SEARCH_001639,2023-08-09,TX
SEARCH_001640,2023-08-09,TX
SEARCH_001641,2023-08-09,TX
SEARCH_001642,2023-08-09,FL
SEARCH_001643,2023-08-10,NJ
SEARCH_001644,2023-08-10,FL
SEARCH_001645,2023-08-10,TN
SEARCH_001646,2023-08-10,IN
SEARCH_001647,2023-08-10,TX
SEARCH_001648,2023-08-11,NH
SEARCH_001649,2023-08-12,VA
SEARCH_001650,2023-08-12,FL
SEARCH_001651,2023-08-12,NV
SEARCH_001652,2023-08-12,TX
SEARCH_001653,2023-08-12,OR
SEARCH_001654,2023-08-12,TX
SEARCH_001655,2023-08-13,MI
SEARCH_001656,2023-08-13,PA
SEARCH_001657,2023-08-13,MO
SEARCH_001658,2023-08-13,CA
SEARCH_001659,2023-08-13,MO
SEARCH_001660,2023-08-13,CA
SEARCH_001661,2023-08-13,PA
SEARCH_001662,2023-08-13,NC
SEARCH_001663,2023-08-13,TX
SEARCH_001664,2023-08-13,FL
SEARCH_001665,2023-08-13,GA
SEARCH_001666,2023-08-13,AZ
SEARCH_001667,2023-08-13,SC
SEARCH_001668,2023-08-13,IL
SEARCH_001669,2023-08-13,NY
SEARCH_001670,2023-08-13,WI
SEARCH_001671,2023-08-13,AZ
SEARCH_001672,2023-08-13,NV
SEARCH_001673,2023-08-14,MS
SEARCH_001674,2023-08-14,GA
SEARCH_001675,2023-08-14,IL
SEARCH_001676,2023-08-14,MI
SEARCH_001677,2023-08-14,NJ
SEARCH_001678,2023-08-14,AL
SEARCH_001679,2023-08-14,CA
SEARCH_001680,2023-08-14,NY
SEARCH_001681,2023-08-14,NY
SEARCH_001682,2023-08-14,NY
SEARCH_001683,2023-08-14,TX
SEARCH_001684,2023-08-14,OH
SEARCH_001685,2023-08-15,GA
SEARCH_001686,2023-08-15,NY
SEARCH_001687,2023-08-15,TX
SEARCH_001688,2023-08-15,WA
SEARCH_001689,2023-08-16,UT
SEARCH_001690,2023-08-16,CA
SEARCH_001691,2023-08-16,PA
SEARCH_001692,2023-08-16,NM
SEARCH_001693,2023-08-16,WI
SEARCH_001694,2023-08-16,AZ
SEARCH_001695,2023-08-16,FL
SEARCH_001696,2023-08-17,MA
SEARCH_001697,2023-08-17,KS
SEARCH_001698,2023-08-17,KS
SEARCH_001699,2023-08-17,MN
SEARCH_001700,2023-08-17,OH
SEARCH_001701,2023-08-18,SD
SEARCH_001702,2023-08-18,OK
SEARCH_001703,2023-08-18,CO
SEARCH_001704,2023-08-18,CA
SEARCH_001705,2023-08-18,NC
SEARCH_001706,2023-08-18,TX
SEARCH_001707,2023-08-18,CA
SEARCH_001708,2023-08-18,KY
SEARCH_001709,2023-08-18,NY
SEARCH_001710,2023-08-19,MD
SEARCH_001711,2023-08-19,TX
SEARCH_001712,2023-08-19,FL
SEARCH_001713,2023-08-19,OH
SEARCH_001714,2023-08-19,KS
SEARCH_001715,2023-08-20,MN
SEARCH_001716,2023-08-20,CA
SEARCH_001717,2023-08-20,NC
SEARCH_001718,2023-08-20,RI
SEARCH_001719,2023-08-20,OK
SEARCH_001720,2023-08-21,SC
SEARCH_001721,2023-08-21,NC
SEARCH_001722,2023-08-21,CA
SEARCH_001723,2023-08-21,IN
SEARCH_001724,2023-08-21,FL
SEARCH_001725,2023-08-21,TX
SEARCH_001726,2023-08-21,NY
SEARCH_001727,2023-08-21,VA
SEARCH_001728,2023-08-21,CA
SEARCH_001729,2023-08-22,VA
SEARCH_001730,2023-08-22,IA
SEARCH_001731,2023-08-22,KY
SEARCH_001732,2023-08-22,TN
SEARCH_001733,2023-08-22,IA
SEARCH_001734,2023-08-22,NY
SEARCH_001735,2023-08-22,NH
SEARCH_001736,2023-08-22,NJ
SEARCH_001737,2023-08-22,OR
SEARCH_001738,2023-08-22,NJ
SEARCH_001739,2023-08-23,FL
SEARCH_001740,2023-08-24,WV
SEARCH_001741,2023-08-24,LA
SEARCH_001742,2023-08-24,NJ
SEARCH_001743,2023-08-24,OK
SEARCH_001744,2023-08-24,AL
SEARCH_001745,2023-08-24,ID
SEARCH_001746,2023-08-24,OK
SEARCH_001747,2023-08-24,TX
SEARCH_001748,2023-08-25,VA
SEARCH_001749,2023-08-25,OH
SEARCH_001750,2023-08-25,TX
SEARCH_001751,2023-08-25,IL
SEARCH_001752,2023-08-25,NC
SEARCH_001753,2023-08-25,TX
SEARCH_001754,2023-08-25,NJ
SEARCH_001755,2023-08-26,VA
SEARCH_001756,2023-08-26,TX
SEARCH_001757,2023-08-26,KY
SEARCH_001758,2023-08-26,CA
SEARCH_001759,2023-08-26,MA
SEARCH_001760,2023-08-26,AR
SEARCH_001761,2023-08-27,SC
SEARCH_001762,2023-08-27,WI
SEARCH_001763,2023-08-27,TN
SEARCH_001764,2023-08-27,IL
SEARCH_001765,2023-08-28,MD
SEARCH_001766,2023-08-28,MO
SEARCH_001767,2023-08-28,PA
SEARCH_001768,2023-08-28,RI
SEARCH_001769,2023-08-28,VA
SEARCH_001770,2023-08-28,WA
SEARCH_001771,2023-08-28,NY
SEARCH_001772,2023-08-28,VA
SEARCH_001773,2023-08-28,MN
SEARCH_001774,2023-08-28,IL
SEARCH_001775,2023-08-28,WA
SEARCH_001776,2023-08-28,MI
SEARCH_001777,2023-08-29,TX
SEARCH_001778,2023-08-29,PA
SEARCH_001779,2023-08-29,IL
SEARCH_001780,2023-08-29,PA
SEARCH_001781,2023-08-29,NE
SEARCH_001782,2023-08-29,LA
SEARCH_001783,2023-08-29,UT
SEARCH_001784,2023-08-29,NY
SEARCH_001785,2023-08-29,OH
SEARCH_001786,2023-08-29,AR
SEARCH_001787,2023-08-29,IL
SEARCH_001788,2023-08-30,AR
SEARCH_001789,2023-08-30,GA
SEARCH_001790,2023-08-30,IN
SEARCH_001791,2023-08-30,PA
SEARCH_001792,2023-08-30,FL
SEARCH_001793,2023-08-30,PA
SEARCH_001794,2023-08-30,MD
SEARCH_001795,2023-08-30,OH
SEARCH_001796,2023-08-31,SC
SEARCH_001797,2023-08-31,FL
SEARCH_001798,2023-08-31,MN
SEARCH_001799,2023-08-31,CA
SEARCH_001800,2023-08-31,TX
SEARCH_001801,2023-09-01,NY
SEARCH_001802,2023-09-01,GA
SEARCH_001803,2023-09-01,IL
SEARCH_001804,2023-09-01,IL
SEARCH_001805,2023-09-01,MI
SEARCH_001806,2023-09-01,AZ
SEARCH_001807,2023-09-02,GA
SEARCH_001808,2023-09-02,PA
SEARCH_001809,2023-09-02,VA
SEARCH_001810,2023-09-02,MO
SEARCH_001811,2023-09-02,NY
SEARCH_001812,2023-09-03,WI
SEARCH_001813,2023-09-03,FL
SEARCH_001814,2023-09-03,CA
SEARCH_001815,2023-09-03,MO
SEARCH_001816,2023-09-04,WA
SEARCH_001817,2023-09-04,WI
SEARCH_001818,2023-09-04,IN
SEARCH_001819,2023-09-04,CT
SEARCH_001820,2023-09-04,GA
SEARCH_001821,2023-09-04,CA
SEARCH_001822,2023-09-04,LA
SEARCH_001823,2023-09-04,KY
SEARCH_001824,2023-09-04,IL
SEARCH_001825,2023-09-05,VA
SEARCH_001826,2023-09-05,IL
SEARCH_001827,2023-09-05,CO
SEARCH_001828,2023-09-05,NC
SEARCH_001829,2023-09-06,CA
SEARCH_001830,2023-09-06,WA
SEARCH_001831,2023-09-06,PA
SEARCH_001832,2023-09-06,FL
SEARCH_001833,2023-09-06,TX
SEARCH_001834,2023-09-06,WA
SEARCH_001835,2023-09-06,IN
SEARCH_001836,2023-09-06,IN
SEARCH_001837,2023-09-06,CO
SEARCH_001838,2023-09-06,FL
SEARCH_001839,2023-09-07,IL
SEARCH_001840,2023-09-07,VA
SEARCH_001841,2023-09-07,WI
SEARCH_001842,2023-09-07,TX
SEARCH_001843,2023-09-07,TX
SEARCH_001844,2023-09-07,IL
SEARCH_001845,2023-09-08,NJ
SEARCH_001846,2023-09-08,NY
SEARCH_001847,2023-09-08,LA
SEARCH_001848,2023-09-08,TX
SEARCH_001849,2023-09-08,MO
SEARCH_001850,2023-09-08,AZ
SEARCH_001851,2023-09-08,CA
SEARCH_001852,2023-09-09,CA
SEARCH_001853,2023-09-09,FL
SEARCH_001854,2023-09-09,NY
SEARCH_001855,2023-09-09,WI
SEARCH_001856,2023-09-09,GA
SEARCH_001857,2023-09-09,TX
SEARCH_001858,2023-09-09,NY
SEARCH_001859,2023-09-10,IL
SEARCH_001860,2023-09-10,IA
SEARCH_001861,2023-09-11,UT
SEARCH_001862,2023-09-11,CA
SEARCH_001863,2023-09-11,CA
SEARCH_001864,2023-09-11,TX
SEARCH_001865,2023-09-12,CA
SEARCH_001866,2023-09-12,TX
SEARCH_001867,2023-09-12,NE
SEARCH_001868,2023-09-12,VA
SEARCH_001869,2023-09-12,IN
SEARCH_001870,2023-09-12,PA
SEARCH_001871,2023-09-12,WI
SEARCH_001872,2023-09-12,FL
SEARCH_001873,2023-09-12,PA
SEARCH_001874,2023-09-12,MI
SEARCH_001875,2023-09-12,VT
SEARCH_001876,2023-09-12,NJ
SEARCH_001877,2023-09-13,ID
SEARCH_001878,2023-09-13,FL
SEARCH_001879,2023-09-13,OH
SEARCH_001880,2023-09-13,CA
SEARCH_001881,2023-09-13,TX
SEARCH_001882,2023-09-13,IL
SEARCH_001883,2023-09-13,HI
SEARCH_001884,2023-09-13,FL
SEARCH_001885,2023-09-14,AZ
SEARCH_001886,2023-09-14,MI
SEARCH_001887,2023-09-14,AL
SEARCH_001888,2023-09-14,OK
SEARCH_001889,2023-09-14,KY
SEARCH_001890,2023-09-14,AZ
SEARCH_001891,2023-09-14,TN
SEARCH_001892,2023-09-15,CA
SEARCH_001893,2023-09-15,GA
SEARCH_001894,2023-09-15,CA
SEARCH_001895,2023-09-15,MD
SEARCH_001896,2023-09-15,TX
SEARCH_001897,2023-09-15,IL
SEARCH_001898,2023-09-15,OR
SEARCH_001899,2023-09-15,CA
SEARCH_001900,2023-09-15,GA
SEARCH_001901,2023-09-16,PA
SEARCH_001902,2023-09-16,CA
SEARCH_001903,2023-09-16,TX
SEARCH_001904,2023-09-16,CA
SEARCH_001905,2023-09-17,FL
SEARCH_001906,2023-09-17,KS
SEARCH_001907,2023-09-17,FL
SEARCH_001908,2023-09-17,FL
SEARCH_001909,2023-09-17,SC
SEARCH_001910,2023-09-17,TN
SEARCH_001911,2023-09-18,NY
SEARCH_001912,2023-09-18,NM
SEARCH_001913,2023-09-18,NJ
SEARCH_001914,2023-09-18,NY
SEARCH_001915,2023-09-18,FL
SEARCH_001916,2023-09-18,MO
SEARCH_001917,2023-09-18,CO
SEARCH_001918,2023-09-18,MD
SEARCH_001919,2023-09-18,FL
SEARCH_001920,2023-09-18,AR
SEARCH_001921,2023-09-18,TX
SEARCH_001922,2023-09-19,FL
SEARCH_001923,2023-09-19,OR
SEARCH_001924,2023-09-19,OH
SEARCH_001925,2023-09-19,KY
SEARCH_001926,2023-09-19,FL
SEARCH_001927,2023-09-19,NY
SEARCH_001928,2023-09-19,CA
SEARCH_001929,2023-09-20,MO
SEARCH_001930,2023-09-20,CO
SEARCH_001931,2023-09-20,PA
SEARCH_001932,2023-09-20,CA
SEARCH_001933,2023-09-20,AL
SEARCH_001934,2023-09-20,TX
SEARCH_001935,2023-09-20,MD
SEARCH_001936,2023-09-20,IA
SEARCH_001937,2023-09-20,GA
SEARCH_001938,2023-09-20,CT
SEARCH_001939,2023-09-21,CA
SEARCH_001940,2023-09-21,TX
SEARCH_001941,2023-09-21,OH
SEARCH_001942,2023-09-21,NJ
SEARCH_001943,2023-09-21,TX
SEARCH_001944,2023-09-21,ID
SEARCH_001945,2023-09-21,IL
SEARCH_001946,2023-09-21,CA
SEARCH_001947,2023-09-21,MO
SEARCH_001948,2023-09-21,TX
SEARCH_001949,2023-09-21,AL
SEARCH_001950,2023-09-21,CA
SEARCH_001951,2023-09-22,AZ
SEARCH_001952,2023-09-22,OK
SEARCH_001953,2023-09-22,IL
SEARCH_001954,2023-09-22,LA
SEARCH_001955,2023-09-22,NY
SEARCH_001956,2023-09-22,NC
SEARCH_001957,2023-09-22,SD
SEARCH_001958,2023-09-22,IN
SEARCH_001959,2023-09-22,RI
SEARCH_001960,2023-09-22,AZ
SEARCH_001961,2023-09-22,WA
SEARCH_001962,2023-09-23,CA
SEARCH_001963,2023-09-23,WV
SEARCH_001964,2023-09-23,CO
SEARCH_001965,2023-09-23,NH
SEARCH_001966,2023-09-23,NC
SEARCH_001967,2023-09-23,WI
SEARCH_001968,2023-09-23,MD
SEARCH_001969,2023-09-24,ND
SEARCH_001970,2023-09-24,NJ
SEARCH_001971,2023-09-24,NC
SEARCH_001972,2023-09-24,VA
SEARCH_001973,2023-09-24,TX
SEARCH_001974,2023-09-24,MO
SEARCH_001975,2023-09-24,TX
SEARCH_001976,2023-09-24,TX
SEARCH_001977,2023-09-25,FL
SEARCH_001978,2023-09-25,FL
SEARCH_001979,2023-09-25,CA
SEARCH_001980,2023-09-25,PA
SEARCH_001981,2023-09-25,IL
SEARCH_001982,2023-09-25,NM
SEARCH_001983,2023-09-25,OK
SEARCH_001984,2023-09-25,TX
SEARCH_001985,2023-09-25,PA
SEARCH_001986,2023-09-25,TX
SEARCH_001987,2023-09-25,GA
SEARCH_001988,2023-09-26,CA
SEARCH_001989,2023-09-26,MS
SEARCH_001990,2023-09-26,TN
SEARCH_001991,2023-09-26,IN
SEARCH_001992,2023-09-26,FL
SEARCH_001993,2023-09-26,CA
SEARCH_001994,2023-09-27,MI
SEARCH_001995,2023-09-27,CA
SEARCH_001996,2023-09-27,PA
SEARCH_001997,2023-09-27,CA
SEARCH_001998,2023-09-27,NY
SEARCH_001999,2023-09-27,NY
SEARCH_002000,2023-09-27,CA
SEARCH_002001,2023-09-27,IA
SEARCH_002002,2023-09-27,MD
SEARCH_002003,2023-09-28,MN
SEARCH_002004,2023-09-28,IA
SEARCH_002005,2023-09-28,ID
SEARCH_002006,2023-09-28,IL
SEARCH_002007,2023-09-29,FL
SEARCH_002008,2023-09-29,NY
SEARCH_002009,2023-09-29,TN
SEARCH_002010,2023-09-29,IL
SEARCH_002011,2023-09-29,NY
SEARCH_002012,2023-09-29,MN
SEARCH_002013,2023-09-29,IL
SEARCH_002014,2023-09-29,GA
SEARCH_002015,2023-09-29,WI
SEARCH_002016,2023-09-29,AL
SEARCH_002017,2023-09-29,GA
SEARCH_002018,2023-09-29,LA
SEARCH_002019,2023-09-29,DC
SEARCH_002020,2023-09-29,GA
SEARCH_002021,2023-09-30,NJ
SEARCH_002022,2023-09-30,DE
SEARCH_002023,2023-09-30,CA
SEARCH_002024,2023-09-30,CA
SEARCH_002025,2023-09-30,FL
SEARCH_002026,2023-09-30,WI
SEARCH_002027,2023-09-30,OH
SEARCH_002028,2023-10-01,ID
SEARCH_002029,2023-10-01,MD
SEARCH_002030,2023-10-01,NJ
SEARCH_002031,2023-10-01,NH
SEARCH_002032,2023-10-01,MA
SEARCH_002033,2023-10-01,TN
SEARCH_002034,2023-10-02,NJ
SEARCH_002035,2023-10-02,AR
SEARCH_002036,2023-10-02,FL
SEARCH_002037,2023-10-03,NC
SEARCH_002038,2023-10-03,NC
SEARCH_002039,2023-10-03,IL
SEARCH_002040,2023-10-03,VA
SEARCH_002041,2023-10-03,NC
SEARCH_002042,2023-10-03,LA
SEARCH_002043,2023-10-03,GA
SEARCH_002044,2023-10-03,TX
SEARCH_002045,2023-10-03,NY
SEARCH_002046,2023-10-03,UT
SEARCH_002047,2023-10-04,MI
SEARCH_002048,2023-10-04,SC
SEARCH_002049,2023-10-04,NY
SEARCH_002050,2023-10-04,MA
SEARCH_002051,2023-10-04,TX
SEARCH_002052,2023-10-04,MO
SEARCH_002053,2023-10-04,IL
SEARCH_002054,2023-10-04,CA
SEARCH_002055,2023-10-05,TN
SEARCH_002056,2023-10-05,WI
SEARCH_002057,2023-10-05,AZ
SEARCH_002058,2023-10-05,WA
SEARCH_002059,2023-10-05,FL
SEARCH_002060,2023-10-05,FL
SEARCH_002061,2023-10-06,OR
SEARCH_002062,2023-10-06,CA
SEARCH_002063,2023-10-06,NJ
SEARCH_002064,2023-10-06,PA
SEARCH_002065,2023-10-06,NY
SEARCH_002066,2023-10-06,OH
SEARCH_002067,2023-10-06,GA
SEARCH_002068,2023-10-06,WA
SEARCH_002069,2023-10-06,SC
SEARCH_002070,2023-10-07,NJ
SEARCH_002071,2023-10-07,TX
SEARCH_002072,2023-10-08,NJ
SEARCH_002073,2023-10-08,NE
SEARCH_002074,2023-10-08,UT
SEARCH_002075,2023-10-08,PA
SEARCH_002076,2023-10-08,IA
SEARCH_002077,2023-10-08,VA
SEARCH_002078,2023-10-08,CA
SEARCH_002079,2023-10-08,TX
SEARCH_002080,2023-10-09,TX
SEARCH_002081,2023-10-09,NV
SEARCH_002082,2023-10-09,MS
SEARCH_002083,2023-10-09,ND
SEARCH_002084,2023-10-09,TX
SEARCH_002085,2023-10-09,CA
SEARCH_002086,2023-10-09,TX
SEARCH_002087,2023-10-09,CA
SEARCH_002088,2023-10-09,WA
SEARCH_002089,2023-10-10,CA
SEARCH_002090,2023-10-10,GA
SEARCH_002091,2023-10-10,VA
SEARCH_002092,2023-10-10,KY
SEARCH_002093,2023-10-10,RI
SEARCH_002094,2023-10-10,FL
SEARCH_002095,2023-10-10,GA
SEARCH_002096,2023-10-11,CT
SEARCH_002097,2023-10-11,MN
SEARCH_002098,2023-10-11,TX
SEARCH_002099,2023-10-11,IL
SEARCH_002100,2023-10-11,OK
SEARCH_002101,2023-10-11,PA
SEARCH_002102,2023-10-12,TX
SEARCH_002103,2023-10-12,WV
SEARCH_002104,2023-10-12,TX
SEARCH_002105,2023-10-12,OH
SEARCH_002106,2023-10-12,TX
SEARCH_002107,2023-10-12,WA
SEARCH_002108,2023-10-12,NJ
SEARCH_002109,2023-10-12,CA
SEARCH_002110,2023-10-12,TN
SEARCH_002111,2023-10-13,MO
SEARCH_002112,2023-10-13,NJ
SEARCH_002113,2023-10-13,FL
SEARCH_002114,2023-10-13,NY
SEARCH_002115,2023-10-13,VA
SEARCH_002116,2023-10-13,MA
SEARCH_002117,2023-10-13,WY
SEARCH_002118,2023-10-13,MI
SEARCH_002119,2023-10-14,FL
SEARCH_002120,2023-10-14,KY
SEARCH_002121,2023-10-14,VA
SEARCH_002122,2023-10-14,IN
SEARCH_002123,2023-10-14,TN
SEARCH_002124,2023-10-14,MS
SEARCH_002125,2023-10-14,CO
SEARCH_002126,2023-10-15,TX
SEARCH_002127,2023-10-15,AZ
SEARCH_002128,2023-10-15,SC
SEARCH_002129,2023-10-15,IL
SEARCH_002130,2023-10-15,NY
SEARCH_002131,2023-10-15,OR
SEARCH_002132,2023-10-15,MD
SEARCH_002133,2023-10-15,NY
SEARCH_002134,2023-10-15,TN
SEARCH_002135,2023-10-15,IN
SEARCH_002136,2023-10-15,FL
SEARCH_002137,2023-10-16,RI
SEARCH_002138,2023-10-16,TX
SEARCH_002139,2023-10-16,FL
SEARCH_002140,2023-10-16,AL
SEARCH_002141,2023-10-16,AL
SEARCH_002142,2023-10-16,OK
SEARCH_002143,2023-10-16,IL
SEARCH_002144,2023-10-17,CA
SEARCH_002145,2023-10-17,KY
SEARCH_002146,2023-10-17,NJ
SEARCH_002147,2023-10-17,NC
SEARCH_002148,2023-10-17,VA
SEARCH_002149,2023-10-17,OH
SEARCH_002150,2023-10-17,MD
SEARCH_002151,2023-10-17,CA
SEARCH_002152,2023-10-18,NC
SEARCH_002153,2023-10-18,IL
SEARCH_002154,2023-10-18,TX
SEARCH_002155,2023-10-18,TX
SEARCH_002156,2023-10-18,LA
SEARCH_002157,2023-10-19,CA
SEARCH_002158,2023-10-19,CA
SEARCH_002159,2023-10-19,AZ
SEARCH_002160,2023-10-19,LA
SEARCH_002161,2023-10-19,NY
SEARCH_002162,2023-10-19,CA
SEARCH_002163,2023-10-19,CA
SEARCH_002164,2023-10-19,NY
SEARCH_002165,2023-10-19,CA
SEARCH_002166,2023-10-19,RI
SEARCH_002167,2023-10-19,TX
SEARCH_002168,2023-10-19,TX
SEARCH_002169,2023-10-20,TX
SEARCH_002170,2023-10-20,MI
SEARCH_002171,2023-10-20,OH
SEARCH_002172,2023-10-20,VA
SEARCH_002173,2023-10-20,WI
SEARCH_002174,2023-10-20,IA
SEARCH_002175,2023-10-20,AR
SEARCH_002176,2023-10-20,AZ
SEARCH_002177,2023-10-21,AK
SEARCH_002178,2023-10-21,MO
SEARCH_002179,2023-10-21,MI
SEARCH_002180,2023-10-21,KS
SEARCH_002181,2023-10-21,TX
SEARCH_002182,2023-10-21,CA
SEARCH_002183,2023-10-21,KY
SEARCH_002184,2023-10-21,PA
SEARCH_002185,2023-10-21,WV
SEARCH_002186,2023-10-21,IL
SEARCH_002187,2023-10-21,MO
SEARCH_002188,2023-10-21,CA
SEARCH_002189,2023-10-22,HI
SEARCH_002190,2023-10-23,CA
SEARCH_002191,2023-10-23,NC
SEARCH_002192,2023-10-23,TX
SEARCH_002193,2023-10-23,FL
SEARCH_002194,2023-10-23,PA
SEARCH_002195,2023-10-23,NY
SEARCH_002196,2023-10-23,WI
SEARCH_002197,2023-10-23,NC
SEARCH_002198,2023-10-23,TX
SEARCH_002199,2023-10-23,GA
SEARCH_002200,2023-10-24,VA
SEARCH_002201,2023-10-24,FL
SEARCH_002202,2023-10-24,IL
SEARCH_002203,2023-10-24,IL
SEARCH_002204,2023-10-24,PA
SEARCH_002205,2023-10-24,NC
SEARCH_002206,2023-10-24,AZ
SEARCH_002207,2023-10-24,NM
SEARCH_002208,2023-10-24,MA
SEARCH_002209,2023-10-24,OR
SEARCH_002210,2023-10-25,CA
SEARCH_002211,2023-10-25,IN
SEARCH_002212,2023-10-25,NV
SEARCH_002213,2023-10-25,CA
SEARCH_002214,2023-10-25,IN
SEARCH_002215,2023-10-25,GA
SEARCH_002216,2023-10-25,OR
SEARCH_002217,2023-10-25,MO
SEARCH_002218,2023-10-26,OK
SEARCH_002219,2023-10-26,NY
SEARCH_002220,2023-10-26,NJ
SEARCH_002221,2023-10-26,TX
SEARCH_002222,2023-10-26,MN
SEARCH_002223,2023-10-26,CA
SEARCH_002224,2023-10-26,IL
SEARCH_002225,2023-10-26,MN
SEARCH_002226,2023-10-26,IL
SEARCH_002227,2023-10-26,NY
SEARCH_002228,2023-10-26,IL
SEARCH_002229,2023-10-26,IL
SEARCH_002230,2023-10-26,GA
SEARCH_002231,2023-10-26,PA
SEARCH_002232,2023-10-26,CO
SEARCH_002233,2023-10-27,KY
SEARCH_002234,2023-10-27,OK
SEARCH_002235,2023-10-27,SD
SEARCH_002236,2023-10-27,FL
SEARCH_002237,2023-10-27,CA
SEARCH_002238,2023-10-27,TX
SEARCH_002239,2023-10-27,GA
SEARCH_002240,2023-10-27,NC
SEARCH_002241,2023-10-28,GA
SEARCH_002242,2023-10-28,FL
SEARCH_002243,2023-10-28,CA
SEARCH_002244,2023-10-28,CT
SEARCH_002245,2023-10-28,IN
SEARCH_002246,2023-10-28,MO
SEARCH_002247,2023-10-29,IL
SEARCH_002248,2023-10-29,IL
SEARCH_002249,2023-10-29,TN
SEARCH_002250,2023-10-29,MD
SEARCH_002251,2023-10-29,NY
SEARCH_002252,2023-10-30,NC
SEARCH_002253,2023-10-30,GA
SEARCH_002254,2023-10-30,AZ
SEARCH_002255,2023-10-30,MI
SEARCH_002256,2023-10-30,TX
SEARCH_002257,2023-10-30,AR
SEARCH_002258,2023-10-30,TX
SEARCH_002259,2023-10-30,CO
SEARCH_002260,2023-10-30,IL
SEARCH_002261,2023-10-30,MA
SEARCH_002262,2023-10-31,AL
SEARCH_002263,2023-10-31,MN
SEARCH_002264,2023-10-31,TX
SEARCH_002265,2023-10-31,KY
SEARCH_002266,2023-10-31,ID
SEARCH_002267,2023-10-31,CA
SEARCH_002268,2023-11-01,FL
SEARCH_002269,2023-11-01,TX
SEARCH_002270,2023-11-01,NJ
SEARCH_002271,2023-11-01,OH
SEARCH_002272,2023-11-01,CA
SEARCH_002273,2023-11-01,NC
SEARCH_002274,2023-11-01,CA
SEARCH_002275,2023-11-01,UT
SEARCH_002276,2023-11-01,NY
SEARCH_002277,2023-11-01,NJ
SEARCH_002278,2023-11-02,MI
SEARCH_002279,2023-11-02,MI
SEARCH_002280,2023-11-02,CA
SEARCH_002281,2023-11-02,NY
SEARCH_002282,2023-11-02,PA
SEARCH_002283,2023-11-02,ID
SEARCH_002284,2023-11-02,CA
SEARCH_002285,2023-11-03,IL
SEARCH_002286,2023-11-03,OK
SEARCH_002287,2023-11-03,IN
SEARCH_002288,2023-11-03,GA
SEARCH_002289,2023-11-03,IA
SEARCH_002290,2023-11-03,LA
SEARCH_002291,2023-11-03,FL
SEARCH_002292,2023-11-04,TX
SEARCH_002293,2023-11-04,GA
SEARCH_002294,2023-11-04,NJ
SEARCH_002295,2023-11-04,FL
SEARCH_002296,2023-11-05,OH
SEARCH_002297,2023-11-05,MS
SEARCH_002298,2023-11-05,NJ
SEARCH_002299,2023-11-05,CA
SEARCH_002300,2023-11-05,IL
SEARCH_002301,2023-11-05,FL
SEARCH_002302,2023-11-05,IL
SEARCH_002303,2023-11-06,MI
SEARCH_002304,2023-11-06,CA
SEARCH_002305,2023-11-06,TX
SEARCH_002306,2023-11-06,CA
SEARCH_002307,2023-11-06,PA
SEARCH_002308,2023-11-06,OR
SEARCH_002309,2023-11-06,NH
SEARCH_002310,2023-11-06,NY
SEARCH_002311,2023-11-06,FL
SEARCH_002312,2023-11-06,NJ
SEARCH_002313,2023-11-06,TX
SEARCH_002314,2023-11-07,TN
SEARCH_002315,2023-11-07,AZ
SEARCH_002316,2023-11-07,FL
SEARCH_002317,2023-11-07,MO
SEARCH_002318,2023-11-07,CT
SEARCH_002319,2023-11-07,MI
SEARCH_002320,2023-11-07,IN
SEARCH_002321,2023-11-07,OH
SEARCH_002322,2023-11-07,CT
SEARCH_002323,2023-11-07,CA
SEARCH_002324,2023-11-08,CA
SEARCH_002325,2023-11-08,MD
SEARCH_002326,2023-11-08,VT
SEARCH_002327,2023-11-08,CA
SEARCH_002328,2023-11-08,TX
SEARCH_002329,2023-11-08,NJ
SEARCH_002330,2023-11-08,VA
SEARCH_002331,2023-11-08,WA
SEARCH_002332,2023-11-08,NY
SEARCH_002333,2023-11-08,MD
SEARCH_002334,2023-11-09,WA
SEARCH_002335,2023-11-09,PA
SEARCH_002336,2023-11-09,MD
SEARCH_002337,2023-11-09,CA
SEARCH_002338,2023-11-09,NC
SEARCH_002339,2023-11-09,MI
SEARCH_002340,2023-11-10,TX
SEARCH_002341,2023-11-10,AR
SEARCH_002342,2023-11-10,PA
SEARCH_002343,2023-11-10,NY
SEARCH_002344,2023-11-10,TX
SEARCH_002345,2023-11-10,TX
SEARCH_002346,2023-11-11,TX
SEARCH_002347,2023-11-11,PA
SEARCH_002348,2023-11-11,LA
SEARCH_002349,2023-11-11,AZ
SEARCH_002350,2023-11-11,LA
SEARCH_002351,2023-11-11,CO
SEARCH_002352,2023-11-11,TX
SEARCH_002353,2023-11-12,NY
SEARCH_002354,2023-11-12,NJ
SEARCH_002355,2023-11-12,MS
SEARCH_002356,2023-11-12,NJ
SEARCH_002357,2023-11-13,NY
SEARCH_002358,2023-11-13,GA
SEARCH_002359,2023-11-13,CA
SEARCH_002360,2023-11-13,KS
SEARCH_002361,2023-11-13,WI
SEARCH_002362,2023-11-13,IL
SEARCH_002363,2023-11-14,FL
SEARCH_002364,2023-11-14,CA
SEARCH_002365,2023-11-14,ME
SEARCH_002366,2023-11-14,FL
SEARCH_002367,2023-11-14,IA
SEARCH_002368,2023-11-14,OR
SEARCH_002369,2023-11-14,FL
SEARCH_002370,2023-11-14,NV
SEARCH_002371,2023-11-14,TN
SEARCH_002372,2023-11-14,MI
SEARCH_002373,2023-11-14,WI
SEARCH_002374,2023-11-15,KY
SEARCH_002375,2023-11-15,NJ
SEARCH_002376,2023-11-15,CA
SEARCH_002377,2023-11-15,MI
SEARCH_002378,2023-11-15,NY
SEARCH_002379,2023-11-15,KS
SEARCH_002380,2023-11-15,SC
SEARCH_002381,2023-11-15,OH
SEARCH_002382,2023-11-16,TX
SEARCH_002383,2023-11-16,TX
SEARCH_002384,2023-11-16,GA
SEARCH_002385,2023-11-16,AR
SEARCH_002386,2023-11-16,CA
SEARCH_002387,2023-11-16,IL
SEARCH_002388,2023-11-16,NJ
SEARCH_002389,2023-11-16,WI
SEARCH_002390,2023-11-16,MI
SEARCH_002391,2023-11-16,SC
SEARCH_002392,2023-11-16,NM
SEARCH_002393,2023-11-16,NE
SEARCH_002394,2023-11-16,IN
SEARCH_002395,2023-11-16,NC
SEARCH_002396,2023-11-16,PA
SEARCH_002397,2023-11-16,IN
SEARCH_002398,2023-11-16,IL
SEARCH_002399,2023-11-16,WA
SEARCH_002400,2023-11-16,DE
SEARCH_002401,2023-11-16,OH
SEARCH_002402,2023-11-17,WA
SEARCH_002403,2023-11-17,IN
SEARCH_002404,2023-11-17,PA
SEARCH_002405,2023-11-17,CT
SEARCH_002406,2023-11-17,CA
SEARCH_002407,2023-11-17,TX
SEARCH_002408,2023-11-17,WI
SEARCH_002409,2023-11-17,PA
SEARCH_002410,2023-11-17,WI
SEARCH_002411,2023-11-18,AR
SEARCH_002412,2023-11-19,NC
SEARCH_002413,2023-11-19,NY
SEARCH_002414,2023-11-19,PA
SEARCH_002415,2023-11-19,FL
SEARCH_002416,2023-11-19,NY
SEARCH_002417,2023-11-19,DC
SEARCH_002418,2023-11-19,LA
SEARCH_002419,2023-11-19,MA
SEARCH_002420,2023-11-19,MA
SEARCH_002421,2023-11-20,AL
SEARCH_002422,2023-11-20,SC
SEARCH_002423,2023-11-20,TN
SEARCH_002424,2023-11-20,VA
SEARCH_002425,2023-11-20,IN
SEARCH_002426,2023-11-20,TX
SEARCH_002427,2023-11-20,OH
SEARCH_002428,2023-11-20,CA
SEARCH_002429,2023-11-21,TN
SEARCH_002430,2023-11-21,SC
SEARCH_002431,2023-11-21,ID
SEARCH_002432,2023-11-21,IN
SEARCH_002433,2023-11-21,TX
SEARCH_002434,2023-11-21,FL
SEARCH_002435,2023-11-21,TN
SEARCH_002436,2023-11-21,MD
SEARCH_002437,2023-11-21,NH
SEARCH_002438,2023-11-22,NY
SEARCH_002439,2023-11-22,KY
SEARCH_002440,2023-11-22,CA
SEARCH_002441,2023-11-22,VA
SEARCH_002442,2023-11-22,TX
SEARCH_002443,2023-11-22,AK
SEARCH_002444,2023-11-23,CA
SEARCH_002445,2023-11-23,NV
SEARCH_002446,2023-11-23,IN
SEARCH_002447,2023-11-23,HI
SEARCH_002448,2023-11-23,WI
SEARCH_002449,2023-11-23,MS
SEARCH_002450,2023-11-23,CA
SEARCH_002451,2023-11-23,WA
SEARCH_002452,2023-11-23,NJ
SEARCH_002453,2023-11-24,GA
SEARCH_002454,2023-11-24,CA
SEARCH_002455,2023-11-24,KY
SEARCH_002456,2023-11-24,CA
SEARCH_002457,2023-11-24,VA
SEARCH_002458,2023-11-24,AR
SEARCH_002459,2023-11-24,CA
SEARCH_002460,2023-11-24,NY
SEARCH_002461,2023-11-24,CA
SEARCH_002462,2023-11-24,TX
SEARCH_002463,2023-11-25,IL
SEARCH_002464,2023-11-25,KS
SEARCH_002465,2023-11-25,IL
SEARCH_002466,2023-11-25,TN
SEARCH_002467,2023-11-25,CO
SEARCH_002468,2023-11-25,WA
SEARCH_002469,2023-11-25,IL
SEARCH_002470,2023-11-25,MO
SEARCH_002471,2023-11-25,FL
SEARCH_002472,2023-11-25,IL
SEARCH_002473,2023-11-26,WA
SEARCH_002474,2023-11-26,ID
SEARCH_002475,2023-11-26,CA
SEARCH_002476,2023-11-27,PA
SEARCH_002477,2023-11-27,MD
SEARCH_002478,2023-11-27,CA
SEARCH_002479,2023-11-27,CT
SEARCH_002480,2023-11-27,NJ
SEARCH_002481,2023-11-27,TX
SEARCH_002482,2023-11-27,NY
SEARCH_002483,2023-11-27,CA
SEARCH_002484,2023-11-27,VA
SEARCH_002485,2023-11-28,AZ
SEARCH_002486,2023-11-28,CA
SEARCH_002487,2023-11-28,CA
SEARCH_002488,2023-11-28,CA
SEARCH_002489,2023-11-28,PA
SEARCH_002490,2023-11-28,IN
SEARCH_002491,2023-11-28,CA
SEARCH_002492,2023-11-29,TX
SEARCH_002493,2023-11-29,NY
SEARCH_002494,2023-11-29,WA
SEARCH_002495,2023-11-29,CA
SEARCH_002496,2023-11-29,FL
SEARCH_002497,2023-11-29,OH
SEARCH_002498,2023-11-29,MN
SEARCH_002499,2023-11-30,PA
SEARCH_002500,2023-11-30,MD
SEARCH_002501,2023-11-30,AZ
SEARCH_002502,2023-11-30,CA
SEARCH_002503,2023-11-30,FL
SEARCH_002504,2023-11-30,NY
SEARCH_002505,2023-11-30,GA
SEARCH_002506,2023-11-30,MA
SEARCH_002507,2023-11-30,MA
SEARCH_002508,2023-12-01,CA
SEARCH_002509,2023-12-01,IL
SEARCH_002510,2023-12-01,NY
SEARCH_002511,2023-12-01,NY
SEARCH_002512,2023-12-01,AZ
SEARCH_002513,2023-12-01,OH
SEARCH_002514,2023-12-01,CA
SEARCH_002515,2023-12-01,PA
SEARCH_002516,2023-12-01,IL
SEARCH_002517,2023-12-01,IN
SEARCH_002518,2023-12-01,MN
SEARCH_002519,2023-12-02,SC
SEARCH_002520,2023-12-02,TX
SEARCH_002521,2023-12-03,AL
SEARCH_002522,2023-12-03,SC
SEARCH_002523,2023-12-03,AK
SEARCH_002524,2023-12-03,NY
SEARCH_002525,2023-12-03,VA
SEARCH_002526,2023-12-03,MN
SEARCH_002527,2023-12-03,MA
SEARCH_002528,2023-12-04,NJ
SEARCH_002529,2023-12-04,VA
SEARCH_002530,2023-12-04,WA
SEARCH_002531,2023-12-04,WA
SEARCH_002532,2023-12-04,CA
SEARCH_002533,2023-12-04,TX
SEARCH_002534,2023-12-04,MD
SEARCH_002535,2023-12-04,TX
SEARCH_002536,2023-12-04,OH
SEARCH_002537,2023-12-04,CT
SEARCH_002538,2023-12-05,CT
SEARCH_002539,2023-12-05,TX
SEARCH_002540,2023-12-05,MS
SEARCH_002541,2023-12-05,FL
SEARCH_002542,2023-12-05,VA
SEARCH_002543,2023-12-05,TX
SEARCH_002544,2023-12-05,TX
SEARCH_002545,2023-12-05,TX
SEARCH_002546,2023-12-05,MI
SEARCH_002547,2023-12-06,IA
SEARCH_002548,2023-12-06,MI
SEARCH_002549,2023-12-06,OH
SEARCH_002550,2023-12-06,PA
SEARCH_002551,2023-12-06,OK
SEARCH_002552,2023-12-06,CA
SEARCH_002553,2023-12-06,AZ
SEARCH_002554,2023-12-07,MS
SEARCH_002555,2023-12-07,SC
SEARCH_002556,2023-12-07,FL
SEARCH_002557,2023-12-07,FL
SEARCH_002558,2023-12-07,OR
SEARCH_002559,2023-12-07,MI
SEARCH_002560,2023-12-07,IL
SEARCH_002561,2023-12-07,OH
SEARCH_002562,2023-12-08,CA
SEARCH_002563,2023-12-08,OH
SEARCH_002564,2023-12-08,NC
SEARCH_002565,2023-12-08,TN
SEARCH_002566,2023-12-08,AZ
SEARCH_002567,2023-12-08,MD
SEARCH_002568,2023-12-08,CA
SEARCH_002569,2023-12-08,MI
SEARCH_002570,2023-12-08,MN
SEARCH_002571,2023-12-08,GA
SEARCH_002572,2023-12-09,FL
SEARCH_002573,2023-12-09,CT
SEARCH_002574,2023-12-09,WA
SEARCH_002575,2023-12-09,NM
SEARCH_002576,2023-12-09,WI
SEARCH_002577,2023-12-09,MI
SEARCH_002578,2023-12-09,CA
SEARCH_002579,2023-12-09,WA
SEARCH_002580,2023-12-09,NE
SEARCH_002581,2023-12-10,CA
SEARCH_002582,2023-12-10,SC
SEARCH_002583,2023-12-10,TX
SEARCH_002584,2023-12-11,IL
SEARCH_002585,2023-12-11,UT
SEARCH_002586,2023-12-11,AR
SEARCH_002587,2023-12-11,NY
SEARCH_002588,2023-12-11,WV
SEARCH_002589,2023-12-11,NM
SEARCH_002590,2023-12-11,CA
SEARCH_002591,2023-12-11,NY
SEARCH_002592,2023-12-12,TX
SEARCH_002593,2023-12-12,MO
SEARCH_002594,2023-12-12,AL
SEARCH_002595,2023-12-12,CA
SEARCH_002596,2023-12-12,NC
SEARCH_002597,2023-12-12,CA
SEARCH_002598,2023-12-12,AR
SEARCH_002599,2023-12-12,MS
SEARCH_002600,2023-12-13,TN
SEARCH_002601,2023-12-13,CA
SEARCH_002602,2023-12-13,CO
SEARCH_002603,2023-12-13,CO
SEARCH_002604,2023-12-13,VA
SEARCH_002605,2023-12-13,IL
SEARCH_002606,2023-12-13,MO
SEARCH_002607,2023-12-13,AR
SEARCH_002608,2023-12-13,UT
SEARCH_002609,2023-12-13,CA
SEARCH_002610,2023-12-13,AZ
SEARCH_002611,2023-12-14,DE
SEARCH_002612,2023-12-14,CA
SEARCH_002613,2023-12-14,WV
SEARCH_002614,2023-12-14,LA
SEARCH_002615,2023-12-14,TX
SEARCH_002616,2023-12-14,TX
SEARCH_002617,2023-12-14,MS
SEARCH_002618,2023-12-14,MD
SEARCH_002619,2023-12-15,CA
SEARCH_002620,2023-12-15,CA
SEARCH_002621,2023-12-15,CA
SEARCH_002622,2023-12-15,CA
SEARCH_002623,2023-12-15,CA
SEARCH_002624,2023-12-15,WA
SEARCH_002625,2023-12-15,OH
SEARCH_002626,2023-12-15,IN
SEARCH_002627,2023-12-15,TX
SEARCH_002628,2023-12-15,TX
SEARCH_002629,2023-12-15,NH
SEARCH_002630,2023-12-15,NY
SEARCH_002631,2023-12-16,TX
SEARCH_002632,2023-12-16,TX
SEARCH_002633,2023-12-16,TN
SEARCH_002634,2023-12-16,TN
SEARCH_002635,2023-12-17,TN
SEARCH_002636,2023-12-17,CA
SEARCH_002637,2023-12-17,CA
SEARCH_002638,2023-12-17,TX
SEARCH_002639,2023-12-17,CA
SEARCH_002640,2023-12-18,NM
SEARCH_002641,2023-12-18,FL
SEARCH_002642,2023-12-18,CA
SEARCH_002643,2023-12-18,TN
SEARCH_002644,2023-12-18,OH
SEARCH_002645,2023-12-18,TX
SEARCH_002646,2023-12-18,GA
SEARCH_002647,2023-12-19,AL
SEARCH_002648,2023-12-19,IA
SEARCH_002649,2023-12-19,NC
SEARCH_002650,2023-12-19,OR
SEARCH_002651,2023-12-19,LA
SEARCH_002652,2023-12-19,TX
SEARCH_002653,2023-12-19,TX
SEARCH_002654,2023-12-19,CA
SEARCH_002655,2023-12-19,TX
SEARCH_002656,2023-12-19,CT
SEARCH_002657,2023-12-20,IL
SEARCH_002658,2023-12-20,MO
SEARCH_002659,2023-12-20,MA
SEARCH_002660,2023-12-20,MO
SEARCH_002661,2023-12-21,ME
SEARCH_002662,2023-12-21,NY
SEARCH_002663,2023-12-21,NY
SEARCH_002664,2023-12-21,NJ
SEARCH_002665,2023-12-21,PA
SEARCH_002666,2023-12-21,TN
SEARCH_002667,2023-12-22,NC
SEARCH_002668,2023-12-22,AZ
SEARCH_002669,2023-12-22,UT
SEARCH_002670,2023-12-22,RI
SEARCH_002671,2023-12-22,TN
SEARCH_002672,2023-12-22,CT
SEARCH_002673,2023-12-23,TX
SEARCH_002674,2023-12-23,MI
SEARCH_002675,2023-12-23,HI
SEARCH_002676,2023-12-23,CA
SEARCH_002677,2023-12-23,MA
SEARCH_002678,2023-12-23,WV
SEARCH_002679,2023-12-24,OH
SEARCH_002680,2023-12-24,AL
SEARCH_002681,2023-12-24,FL
SEARCH_002682,2023-12-24,GA
SEARCH_002683,2023-12-24,NH
SEARCH_002684,2023-12-25,IL
SEARCH_002685,2023-12-25,MA
SEARCH_002686,2023-12-25,PA
SEARCH_002687,2023-12-25,VA
SEARCH_002688,2023-12-25,MI
SEARCH_002689,2023-12-25,NC
SEARCH_002690,2023-12-25,CA
SEARCH_002691,2023-12-25,MN
SEARCH_002692,2023-12-26,MD
SEARCH_002693,2023-12-26,MT
SEARCH_002694,2023-12-26,WA
SEARCH_002695,2023-12-26,CT
SEARCH_002696,2023-12-26,DC
SEARCH_002697,2023-12-26,FL
SEARCH_002698,2023-12-26,CA
SEARCH_002699,2023-12-26,WA
SEARCH_002700,2023-12-27,CA
SEARCH_002701,2023-12-27,GA
SEARCH_002702,2023-12-27,RI
SEARCH_002703,2023-12-27,ID
SEARCH_002704,2023-12-27,PA
SEARCH_002705,2023-12-27,WI
SEARCH_002706,2023-12-27,NY
SEARCH_002707,2023-12-27,LA
SEARCH_002708,2023-12-27,AR
SEARCH_002709,2023-12-27,PA
SEARCH_002710,2023-12-27,MO
SEARCH_002711,2023-12-28,SC
SEARCH_002712,2023-12-28,CA
SEARCH_002713,2023-12-28,WA
SEARCH_002714,2023-12-28,PA
SEARCH_002715,2023-12-28,NC
SEARCH_002716,2023-12-28,MA
SEARCH_002717,2023-12-29,NC
SEARCH_002718,2023-12-29,CA
SEARCH_002719,2023-12-29,NY
SEARCH_002720,2023-12-29,MO
SEARCH_002721,2023-12-29,MA
SEARCH_002722,2023-12-29,CA
SEARCH_002723,2023-12-29,TX
SEARCH_002724,2023-12-29,CA
SEARCH_002725,2023-12-29,TX
SEARCH_002726,2023-12-29,CA
SEARCH_002727,2023-12-30,IL
SEARCH_002728,2023-12-30,VA
SEARCH_002729,2023-12-30,FL
SEARCH_002730,2023-12-30,IL
SEARCH_002731,2023-12-30,CA
SEARCH_002732,2023-12-30,AR
SEARCH_002733,2023-12-31,TX
SEARCH_002734,2023-12-31,TX
SEARCH_002735,2023-12-31,FL
SEARCH_002736,2023-12-31,NC
SEARCH_002737,2023-12-31,KS
SEARCH_002738,2023-12-31,TN
SEARCH_002739,2024-01-01,OR
SEARCH_002740,2024-01-01,OH
SEARCH_002741,2024-01-01,OH
SEARCH_002742,2024-01-01,CA
SEARCH_002743,2024-01-01,FL
SEARCH_002744,2024-01-01,PA
SEARCH_002745,2024-01-01,PA
SEARCH_002746,2024-01-01,CT
SEARCH_002747,2024-01-01,NY
SEARCH_002748,2024-01-01,NY
SEARCH_002749,2024-01-01,CO
SEARCH_002750,2024-01-01,TX
SEARCH_002751,2024-01-01,GA
SEARCH_002752,2024-01-01,CA
SEARCH_002753,2024-01-02,WA
SEARCH_002754,2024-01-02,LA
SEARCH_002755,2024-01-02,UT
SEARCH_002756,2024-01-03,FL
SEARCH_002757,2024-01-03,AL
SEARCH_002758,2024-01-03,SC
SEARCH_002759,2024-01-03,AZ
SEARCH_002760,2024-01-04,GA
SEARCH_002761,2024-01-04,TN
SEARCH_002762,2024-01-04,TX
SEARCH_002763,2024-01-04,NM
SEARCH_002764,2024-01-05,CT
SEARCH_002765,2024-01-05,MN
SEARCH_002766,2024-01-05,WA
SEARCH_002767,2024-01-05,WI
SEARCH_002768,2024-01-05,WV
SEARCH_002769,2024-01-05,NY
SEARCH_002770,2024-01-05,PA
SEARCH_002771,2024-01-05,NY
SEARCH_002772,2024-01-05,CA
SEARCH_002773,2024-01-05,MD
SEARCH_002774,2024-01-06,CA
SEARCH_002775,2024-01-06,CT
SEARCH_002776,2024-01-06,OR
SEARCH_002777,2024-01-06,SC
SEARCH_002778,2024-01-06,AZ
SEARCH_002779,2024-01-06,NC
SEARCH_002780,2024-01-06,AR
SEARCH_002781,2024-01-07,IL
SEARCH_002782,2024-01-07,CA
SEARCH_002783,2024-01-07,CA
SEARCH_002784,2024-01-07,TX
SEARCH_002785,2024-01-08,AL
SEARCH_002786,2024-01-08,CA
SEARCH_002787,2024-01-08,NC
SEARCH_002788,2024-01-08,GA
SEARCH_002789,2024-01-08,TX
SEARCH_002790,2024-01-08,TX
SEARCH_002791,2024-01-08,TN
SEARCH_002792,2024-01-09,FL
SEARCH_002793,2024-01-09,GA
SEARCH_002794,2024-01-09,OH
SEARCH_002795,2024-01-09,IL
SEARCH_002796,2024-01-10,CA
SEARCH_002797,2024-01-10,OR
SEARCH_002798,2024-01-10,NJ
SEARCH_002799,2024-01-10,MA
SEARCH_002800,2024-01-10,GA
SEARCH_002801,2024-01-10,MD
SEARCH_002802,2024-01-10,TX
SEARCH_002803,2024-01-10,NY
SEARCH_002804,2024-01-10,MO
SEARCH_002805,2024-01-10,MN
SEARCH_002806,2024-01-10,FL
SEARCH_002807,2024-01-11,IN
SEARCH_002808,2024-01-11,OH
SEARCH_002809,2024-01-11,AZ
SEARCH_002810,2024-01-11,GA
SEARCH_002811,2024-01-11,WI
SEARCH_002812,2024-01-11,IL
SEARCH_002813,2024-01-11,AL
SEARCH_002814,2024-01-11,AZ
SEARCH_002815,2024-01-11,NY
SEARCH_002816,2024-01-11,NY
SEARCH_002817,2024-01-11,MI
SEARCH_002818,2024-01-11,CO
SEARCH_002819,2024-01-12,TX
SEARCH_002820,2024-01-12,FL
SEARCH_002821,2024-01-12,CA
SEARCH_002822,2024-01-12,FL
SEARCH_002823,2024-01-12,MI
SEARCH_002824,2024-01-12,CA
SEARCH_002825,2024-01-12,MN
SEARCH_002826,2024-01-13,FL
SEARCH_002827,2024-01-13,PA
SEARCH_002828,2024-01-13,NC
SEARCH_002829,2024-01-13,WA
SEARCH_002830,2024-01-13,SC
SEARCH_002831,2024-01-14,MA
SEARCH_002832,2024-01-14,OK
SEARCH_002833,2024-01-14,MA
SEARCH_002834,2024-01-14,OK
SEARCH_002835,2024-01-15,TX
SEARCH_002836,2024-01-15,IL
SEARCH_002837,2024-01-15,TN
SEARCH_002838,2024-01-15,AZ
SEARCH_002839,2024-01-15,NC
SEARCH_002840,2024-01-15,CA
SEARCH_002841,2024-01-15,IL
SEARCH_002842,2024-01-15,OH
SEARCH_002843,2024-01-15,FL
SEARCH_002844,2024-01-16,CA
SEARCH_002845,2024-01-16,NH
SEARCH_002846,2024-01-16,FL
SEARCH_002847,2024-01-16,WA
SEARCH_002848,2024-01-16,VA
SEARCH_002849,2024-01-16,TX
SEARCH_002850,2024-01-16,IL
SEARCH_002851,2024-01-17,CT
SEARCH_002852,2024-01-17,VA
SEARCH_002853,2024-01-17,NJ
SEARCH_002854,2024-01-17,TX
SEARCH_002855,2024-01-18,TN
SEARCH_002856,2024-01-18,TN
SEARCH_002857,2024-01-18,NY
SEARCH_002858,2024-01-18,IL
SEARCH_002859,2024-01-18,MA
SEARCH_002860,2024-01-18,PA
SEARCH_002861,2024-01-19,MA
SEARCH_002862,2024-01-19,NY
SEARCH_002863,2024-01-19,OH
SEARCH_002864,2024-01-19,MD
SEARCH_002865,2024-01-20,TX
SEARCH_002866,2024-01-20,PA
SEARCH_002867,2024-01-20,HI
SEARCH_002868,2024-01-21,CA
SEARCH_002869,2024-01-21,NY
SEARCH_002870,2024-01-21,PA
SEARCH_002871,2024-01-21,CA
SEARCH_002872,2024-01-21,CA
SEARCH_002873,2024-01-21,CT
SEARCH_002874,2024-01-21,FL
SEARCH_002875,2024-01-21,WA
SEARCH_002876,2024-01-21,MO
SEARCH_002877,2024-01-21,MI
SEARCH_002878,2024-01-21,CA
SEARCH_002879,2024-01-22,NC
SEARCH_002880,2024-01-22,TX
SEARCH_002881,2024-01-22,NM
SEARCH_002882,2024-01-22,GA
SEARCH_002883,2024-01-22,NY
SEARCH_002884,2024-01-22,IL
SEARCH_002885,2024-01-22,WI
SEARCH_002886,2024-01-23,WA
SEARCH_002887,2024-01-23,NY
SEARCH_002888,2024-01-23,TX
SEARCH_002889,2024-01-24,NY
SEARCH_002890,2024-01-24,WA
SEARCH_002891,2024-01-24,OH
SEARCH_002892,2024-01-24,MI
SEARCH_002893,2024-01-24,TX
SEARCH_002894,2024-01-24,FL
SEARCH_002895,2024-01-24,TX
SEARCH_002896,2024-01-24,MN
SEARCH_002897,2024-01-24,NC
SEARCH_002898,2024-01-24,CA
SEARCH_002899,2024-01-25,IL
SEARCH_002900,2024-01-25,MD
SEARCH_002901,2024-01-25,FL
SEARCH_002902,2024-01-25,SC
SEARCH_002903,2024-01-25,TX
SEARCH_002904,2024-01-26,TN
SEARCH_002905,2024-01-26,FL
SEARCH_002906,2024-01-26,WI
SEARCH_002907,2024-01-26,FL
SEARCH_002908,2024-01-26,HI
SEARCH_002909,2024-01-26,MI
SEARCH_002910,2024-01-26,NM
SEARCH_002911,2024-01-26,CA
SEARCH_002912,2024-01-26,TX
SEARCH_002913,2024-01-26,OH
SEARCH_002914,2024-01-26,NY
SEARCH_002915,2024-01-27,VA
SEARCH_002916,2024-01-27,FL
SEARCH_002917,2024-01-27,FL
SEARCH_002918,2024-01-27,TX
SEARCH_002919,2024-01-27,MA
SEARCH_002920,2024-01-27,NY
SEARCH_002921,2024-01-27,CA
SEARCH_002922,2024-01-27,VA
SEARCH_002923,2024-01-28,TN
SEARCH_002924,2024-01-28,OH
SEARCH_002925,2024-01-28,NC
SEARCH_002926,2024-01-28,TX
SEARCH_002927,2024-01-28,IN
SEARCH_002928,2024-01-28,WV
SEARCH_002929,2024-01-28,MD
SEARCH_002930,2024-01-29,PA
SEARCH_002931,2024-01-29,CA
SEARCH_002932,2024-01-29,FL
SEARCH_002933,2024-01-29,TX
SEARCH_002934,2024-01-29,AZ
SEARCH_002935,2024-01-29,MD
SEARCH_002936,2024-01-29,CO
SEARCH_002937,2024-01-29,OH
SEARCH_002938,2024-01-30,AR
SEARCH_002939,2024-01-30,CA
SEARCH_002940,2024-01-30,CT
SEARCH_002941,2024-01-30,FL
SEARCH_002942,2024-01-30,NE
SEARCH_002943,2024-01-30,VT
SEARCH_002944,2024-01-30,CA
SEARCH_002945,2024-01-30,MA
SEARCH_002946,2024-01-31,NE
SEARCH_002947,2024-01-31,OK
SEARCH_002948,2024-01-31,MI
SEARCH_002949,2024-01-31,SC
SEARCH_002950,2024-01-31,DE
SEARCH_002951,2024-01-31,NY
SEARCH_002952,2024-01-31,IL
SEARCH_002953,2024-01-31,MA
SEARCH_002954,2024-01-31,PA
SEARCH_002955,2024-01-31,PA
SEARCH_002956,2024-01-31,WA
SEARCH_002957,2024-01-31,CA
SEARCH_002958,2024-01-31,TX
SEARCH_002959,2024-01-31,CA
SEARCH_002960,2024-01-31,TX
SEARCH_002961,2024-01-31,OH
SEARCH_002962,2024-02-01,CA
SEARCH_002963,2024-02-01,TX
SEARCH_002964,2024-02-01,MD
SEARCH_002965,2024-02-01,MO
SEARCH_002966,2024-02-01,PA
SEARCH_002967,2024-02-01,VA
SEARCH_002968,2024-02-01,NC
SEARCH_002969,2024-02-01,VA
SEARCH_002970,2024-02-01,NY
SEARCH_002971,2024-02-01,MN
SEARCH_002972,2024-02-02,CO
SEARCH_002973,2024-02-02,LA
SEARCH_002974,2024-02-02,FL
SEARCH_002975,2024-02-02,SC
SEARCH_002976,2024-02-02,NC
SEARCH_002977,2024-02-02,UT
SEARCH_002978,2024-02-02,TN
SEARCH_002979,2024-02-03,CA
SEARCH_002980,2024-02-03,AL
SEARCH_002981,2024-02-03,MA
SEARCH_002982,2024-02-03,ID
SEARCH_002983,2024-02-04,VA
SEARCH_002984,2024-02-04,CA
SEARCH_002985,2024-02-04,CA
SEARCH_002986,2024-02-04,IL
SEARCH_002987,2024-02-04,MA
SEARCH_002988,2024-02-04,TN
SEARCH_002989,2024-02-04,WA
SEARCH_002990,2024-02-04,OK
SEARCH_002991,2024-02-05,DE
SEARCH_002992,2024-02-05,FL
SEARCH_002993,2024-02-05,VA
SEARCH_002994,2024-02-05,CA
SEARCH_002995,2024-02-05,VT
SEARCH_002996,2024-02-05,IL
SEARCH_002997,2024-02-06,FL
SEARCH_002998,2024-02-06,TX
SEARCH_002999,2024-02-06,DC
SEARCH_003000,2024-02-06,TX
SEARCH_003001,2024-02-06,NY
SEARCH_003002,2024-02-06,CA
SEARCH_003003,2024-02-06,KY
SEARCH_003004,2024-02-07,NY
SEARCH_003005,2024-02-07,CA
SEARCH_003006,2024-02-07,NC
SEARCH_003007,2024-02-07,NY
SEARCH_003008,2024-02-07,CA
SEARCH_003009,2024-02-07,NE
SEARCH_003010,2024-02-07,TX
SEARCH_003011,2024-02-07,GA
SEARCH_003012,2024-02-07,CA
SEARCH_003013,2024-02-07,MI
SEARCH_003014,2024-02-08,KS
SEARCH_003015,2024-02-08,AK
SEARCH_003016,2024-02-08,FL
SEARCH_003017,2024-02-08,MO
SEARCH_003018,2024-02-08,IL
SEARCH_003019,2024-02-08,NY
SEARCH_003020,2024-02-08,MN
SEARCH_003021,2024-02-09,OH
SEARCH_003022,2024-02-09,MI
SEARCH_003023,2024-02-09,MD
SEARCH_003024,2024-02-09,VA
SEARCH_003025,2024-02-09,OH
SEARCH_003026,2024-02-09,CA
SEARCH_003027,2024-02-09,MN
SEARCH_003028,2024-02-10,CA
SEARCH_003029,2024-02-10,NM
SEARCH_003030,2024-02-10,IN
SEARCH_003031,2024-02-10,TX
SEARCH_003032,2024-02-10,GA
SEARCH_003033,2024-02-10,CA
SEARCH_003034,2024-02-10,MA
SEARCH_003035,2024-02-10,MD
SEARCH_003036,2024-02-11,WA
SEARCH_003037,2024-02-11,WV
SEARCH_003038,2024-02-11,MO
SEARCH_003039,2024-02-11,LA
SEARCH_003040,2024-02-11,PA
SEARCH_003041,2024-02-11,OR
SEARCH_003042,2024-02-11,PA
SEARCH_003043,2024-02-12,DC
SEARCH_003044,2024-02-12,WA
SEARCH_003045,2024-02-12,PA
SEARCH_003046,2024-02-12,TX
SEARCH_003047,2024-02-12,PA
SEARCH_003048,2024-02-12,MN
SEARCH_003049,2024-02-13,AL
SEARCH_003050,2024-02-13,SC
SEARCH_003051,2024-02-13,AZ
SEARCH_003052,2024-02-13,OR
SEARCH_003053,2024-02-13,OH
SEARCH_003054,2024-02-13,WA
SEARCH_003055,2024-02-13,NC
SEARCH_003056,2024-02-14,FL
SEARCH_003057,2024-02-14,NC
SEARCH_003058,2024-02-14,TX
SEARCH_003059,2024-02-14,FL
SEARCH_003060,2024-02-14,CT
SEARCH_003061,2024-02-14,MA
SEARCH_003062,2024-02-14,GA
SEARCH_003063,2024-02-14,NY
SEARCH_003064,2024-02-14,WA
SEARCH_003065,2024-02-14,CA
SEARCH_003066,2024-02-14,TN
SEARCH_003067,2024-02-14,CA
SEARCH_003068,2024-02-15,NJ
SEARCH_003069,2024-02-15,FL
SEARCH_003070,2024-02-15,NC
SEARCH_003071,2024-02-15,MD
SEARCH_003072,2024-02-16,TN
SEARCH_003073,2024-02-16,MN
SEARCH_003074,2024-02-16,TX
SEARCH_003075,2024-02-16,ID
SEARCH_003076,2024-02-16,NV
SEARCH_003077,2024-02-16,TX
SEARCH_003078,2024-02-16,NV
SEARCH_003079,2024-02-16,WV
SEARCH_003080,2024-02-16,KY
SEARCH_003081,2024-02-16,OH
SEARCH_003082,2024-02-16,NY
SEARCH_003083,2024-02-16,SC
SEARCH_003084,2024-02-17,NY
SEARCH_003085,2024-02-17,CA
SEARCH_003086,2024-02-17,IA
SEARCH_003087,2024-02-17,OR
SEARCH_003088,2024-02-17,NY
SEARCH_003089,2024-02-17,CA
SEARCH_003090,2024-02-17,NC
SEARCH_003091,2024-02-17,TX
SEARCH_003092,2024-02-17,OR
SEARCH_003093,2024-02-18,CT
SEARCH_003094,2024-02-18,PA
SEARCH_003095,2024-02-18,MN
SEARCH_003096,2024-02-18,CA
SEARCH_003097,2024-02-18,TX
SEARCH_003098,2024-02-18,GA
SEARCH_003099,2024-02-18,IN
SEARCH_003100,2024-02-18,TX
SEARCH_003101,2024-02-19,CA
SEARCH_003102,2024-02-19,NE
SEARCH_003103,2024-02-19,MI
SEARCH_003104,2024-02-19,WI
SEARCH_003105,2024-02-19,MT
SEARCH_003106,2024-02-19,TX
SEARCH_003107,2024-02-19,CA
SEARCH_003108,2024-02-19,TX
SEARCH_003109,2024-02-20,CA
SEARCH_003110,2024-02-20,FL
SEARCH_003111,2024-02-20,FL
SEARCH_003112,2024-02-20,OK
SEARCH_003113,2024-02-20,GA
SEARCH_003114,2024-02-20,FL
SEARCH_003115,2024-02-20,OH
SEARCH_003116,2024-02-20,TX
SEARCH_003117,2024-02-20,WI
SEARCH_003118,2024-02-21,CA
SEARCH_003119,2024-02-21,NJ
SEARCH_003120,2024-02-21,IL
SEARCH_003121,2024-02-21,TX
SEARCH_003122,2024-02-21,NV
SEARCH_003123,2024-02-21,IN
SEARCH_003124,2024-02-22,CO
SEARCH_003125,2024-02-22,GA
SEARCH_003126,2024-02-22,TX
SEARCH_003127,2024-02-22,IL
SEARCH_003128,2024-02-22,TX
SEARCH_003129,2024-02-22,NE
SEARCH_003130,2024-02-22,TX
SEARCH_003131,2024-02-22,IL
SEARCH_003132,2024-02-22,NJ
SEARCH_003133,2024-02-22,PA
SEARCH_003134,2024-02-23,CA
SEARCH_003135,2024-02-23,AL
SEARCH_003136,2024-02-23,NY
SEARCH_003137,2024-02-23,WA
SEARCH_003138,2024-02-23,IL
SEARCH_003139,2024-02-23,IA
SEARCH_003140,2024-02-23,TN
SEARCH_003141,2024-02-24,AZ
SEARCH_003142,2024-02-24,MA
SEARCH_003143,2024-02-25,NC
SEARCH_003144,2024-02-25,PA
SEARCH_003145,2024-02-25,TX
SEARCH_003146,2024-02-25,KY
SEARCH_003147,2024-02-26,VA
SEARCH_003148,2024-02-26,TX
SEARCH_003149,2024-02-26,NC
SEARCH_003150,2024-02-26,MI
SEARCH_003151,2024-02-27,MN
SEARCH_003152,2024-02-27,CA
SEARCH_003153,2024-02-27,SC
SEARCH_003154,2024-02-27,MA
SEARCH_003155,2024-02-27,FL
SEARCH_003156,2024-02-27,OK
SEARCH_003157,2024-02-27,OH
SEARCH_003158,2024-02-27,DC
SEARCH_003159,2024-02-27,NE
SEARCH_003160,2024-02-27,OK
SEARCH_003161,2024-02-27,CA
SEARCH_003162,2024-02-27,AZ
SEARCH_003163,2024-02-27,CA
SEARCH_003164,2024-02-27,MI
SEARCH_003165,2024-02-28,MD
SEARCH_003166,2024-02-28,NY
SEARCH_003167,2024-02-28,AL
SEARCH_003168,2024-02-28,CA
SEARCH_003169,2024-02-28,WA
SEARCH_003170,2024-02-28,CA
SEARCH_003171,2024-02-28,NM
SEARCH_003172,2024-02-28,WA
SEARCH_003173,2024-02-28,MD
SEARCH_003174,2024-02-28,CA
SEARCH_003175,2024-02-29,NC
SEARCH_003176,2024-02-29,MI
SEARCH_003177,2024-02-29,FL
SEARCH_003178,2024-02-29,AZ
SEARCH_003179,2024-02-29,IL
SEARCH_003180,2024-02-29,OH
SEARCH_003181,2024-02-29,IN
SEARCH_003182,2024-02-29,AZ
SEARCH_003183,2024-02-29,GA
SEARCH_003184,2024-02-29,NY
SEARCH_003185,2024-02-29,NC
SEARCH_003186,2024-03-01,CA
SEARCH_003187,2024-03-01,MI
SEARCH_003188,2024-03-01,OH
SEARCH_003189,2024-03-01,CA
SEARCH_003190,2024-03-01,NV
SEARCH_003191,2024-03-01,MS
SEARCH_003192,2024-03-01,PA
SEARCH_003193,2024-03-01,NV
SEARCH_003194,2024-03-01,WA
SEARCH_003195,2024-03-01,FL
SEARCH_003196,2024-03-01,PA
SEARCH_003197,2024-03-02,CA
SEARCH_003198,2024-03-02,AL
SEARCH_003199,2024-03-02,CA
SEARCH_003200,2024-03-02,PA
SEARCH_003201,2024-03-03,MN
SEARCH_003202,2024-03-03,FL
SEARCH_003203,2024-03-03,NJ
SEARCH_003204,2024-03-03,IL
SEARCH_003205,2024-03-03,SD
SEARCH_003206,2024-03-03,TX
SEARCH_003207,2024-03-04,VA
SEARCH_003208,2024-03-04,MN
SEARCH_003209,2024-03-04,IN
SEARCH_003210,2024-03-04,TN
SEARCH_003211,2024-03-05,KY
SEARCH_003212,2024-03-05,CA
SEARCH_003213,2024-03-05,WA
SEARCH_003214,2024-03-05,NY
SEARCH_003215,2024-03-05,NY
SEARCH_003216,2024-03-05,CA
SEARCH_003217,2024-03-05,SC
SEARCH_003218,2024-03-06,NC
SEARCH_003219,2024-03-06,NY
SEARCH_003220,2024-03-06,OH
SEARCH_003221,2024-03-06,NY
SEARCH_003222,2024-03-06,GA
SEARCH_003223,2024-03-06,OH
SEARCH_003224,2024-03-06,VA
SEARCH_003225,2024-03-06,IN
SEARCH_003226,2024-03-07,OK
SEARCH_003227,2024-03-08,KY
SEARCH_003228,2024-03-08,PA
SEARCH_003229,2024-03-08,LA
SEARCH_003230,2024-03-08,FL
SEARCH_003231,2024-03-08,ID
SEARCH_003232,2024-03-08,MS
SEARCH_003233,2024-03-08,MI
SEARCH_003234,2024-03-08,GA
SEARCH_003235,2024-03-08,MI
SEARCH_003236,2024-03-09,VA
SEARCH_003237,2024-03-09,FL
SEARCH_003238,2024-03-09,GA
SEARCH_003239,2024-03-09,GA
SEARCH_003240,2024-03-09,WI
SEARCH_003241,2024-03-10,TX
SEARCH_003242,2024-03-10,TX
SEARCH_003243,2024-03-10,WI
SEARCH_003244,2024-03-10,VA
SEARCH_003245,2024-03-11,MN
SEARCH_003246,2024-03-11,GA
SEARCH_003247,2024-03-11,MN
SEARCH_003248,2024-03-11,CA
SEARCH_003249,2024-03-11,FL
SEARCH_003250,2024-03-11,PA
SEARCH_003251,2024-03-11,TX
SEARCH_003252,2024-03-11,MN
SEARCH_003253,2024-03-11,CO
SEARCH_003254,2024-03-12,IL
SEARCH_003255,2024-03-12,MT
SEARCH_003256,2024-03-12,TX
SEARCH_003257,2024-03-12,FL
SEARCH_003258,2024-03-12,OH
SEARCH_003259,2024-03-12,IN
SEARCH_003260,2024-03-12,CO
SEARCH_003261,2024-03-12,CA
SEARCH_003262,2024-03-12,CA
SEARCH_003263,2024-03-12,CA
SEARCH_003264,2024-03-12,TX
SEARCH_003265,2024-03-12,AZ
SEARCH_003266,2024-03-12,WA
SEARCH_003267,2024-03-12,TX
SEARCH_003268,2024-03-12,GA
SEARCH_003269,2024-03-12,TX
SEARCH_003270,2024-03-12,FL
SEARCH_003271,2024-03-13,TX
SEARCH_003272,2024-03-13,GA
SEARCH_003273,2024-03-13,TN
SEARCH_003274,2024-03-13,OK
SEARCH_003275,2024-03-13,WA
SEARCH_003276,2024-03-13,PA
SEARCH_003277,2024-03-13,OK
SEARCH_003278,2024-03-13,NY
SEARCH_003279,2024-03-13,NY
SEARCH_003280,2024-03-13,GA
SEARCH_003281,2024-03-13,CA
SEARCH_003282,2024-03-14,NY
SEARCH_003283,2024-03-14,MN
SEARCH_003284,2024-03-14,CA
SEARCH_003285,2024-03-14,CO
SEARCH_003286,2024-03-14,CA
SEARCH_003287,2024-03-14,AZ
SEARCH_003288,2024-03-15,IN
SEARCH_003289,2024-03-15,TX
SEARCH_003290,2024-03-15,UT
SEARCH_003291,2024-03-15,MO
SEARCH_003292,2024-03-15,PA
SEARCH_003293,2024-03-15,LA
SEARCH_003294,2024-03-15,IA
SEARCH_003295,2024-03-15,TX
SEARCH_003296,2024-03-15,AL
SEARCH_003297,2024-03-15,OH
SEARCH_003298,2024-03-15,CA
SEARCH_003299,2024-03-15,CA
SEARCH_003300,2024-03-16,MO
SEARCH_003301,2024-03-16,AL
SEARCH_003302,2024-03-16,OK
SEARCH_003303,2024-03-16,KY
SEARCH_003304,2024-03-16,CA
SEARCH_003305,2024-03-17,CA
SEARCH_003306,2024-03-17,FL
SEARCH_003307,2024-03-17,WA
SEARCH_003308,2024-03-17,WI
SEARCH_003309,2024-03-17,TX
SEARCH_003310,2024-03-17,CA
SEARCH_003311,2024-03-17,MI
SEARCH_003312,2024-03-17,GA
SEARCH_003313,2024-03-17,KY
SEARCH_003314,2024-03-18,WA
SEARCH_003315,2024-03-18,CA
SEARCH_003316,2024-03-18,OR
SEARCH_003317,2024-03-18,NY
SEARCH_003318,2024-03-18,ND
SEARCH_003319,2024-03-18,WA
SEARCH_003320,2024-03-19,WA
SEARCH_003321,2024-03-19,ID
SEARCH_003322,2024-03-19,NJ
SEARCH_003323,2024-03-19,OH
SEARCH_003324,2024-03-19,CT
SEARCH_003325,2024-03-20,VA
SEARCH_003326,2024-03-20,CA
SEARCH_003327,2024-03-20,SC
SEARCH_003328,2024-03-20,TX
SEARCH_003329,2024-03-20,NV
SEARCH_003330,2024-03-20,NC
SEARCH_003331,2024-03-20,MI
SEARCH_003332,2024-03-20,FL
SEARCH_003333,2024-03-21,FL
SEARCH_003334,2024-03-21,NY
SEARCH_003335,2024-03-21,CA
SEARCH_003336,2024-03-21,MN
SEARCH_003337,2024-03-21,CA
SEARCH_003338,2024-03-21,AL
SEARCH_003339,2024-03-21,LA
SEARCH_003340,2024-03-21,FL
SEARCH_003341,2024-03-21,MN
SEARCH_003342,2024-03-21,GA
SEARCH_003343,2024-03-22,MI
SEARCH_003344,2024-03-22,MN
SEARCH_003345,2024-03-22,CA
SEARCH_003346,2024-03-22,CA
SEARCH_003347,2024-03-22,NY
SEARCH_003348,2024-03-22,CA
SEARCH_003349,2024-03-22,AR
SEARCH_003350,2024-03-23,FL
SEARCH_003351,2024-03-23,AR
SEARCH_003352,2024-03-23,NY
SEARCH_003353,2024-03-23,NJ
SEARCH_003354,2024-03-23,CA
SEARCH_003355,2024-03-24,CA
SEARCH_003356,2024-03-24,GA
SEARCH_003357,2024-03-24,IL
SEARCH_003358,2024-03-25,NC
SEARCH_003359,2024-03-25,CA
SEARCH_003360,2024-03-25,GA
SEARCH_003361,2024-03-25,MN
SEARCH_003362,2024-03-25,IL
SEARCH_003363,2024-03-25,FL
SEARCH_003364,2024-03-25,WA
SEARCH_003365,2024-03-25,IA
SEARCH_003366,2024-03-26,CA
SEARCH_003367,2024-03-26,NC
SEARCH_003368,2024-03-26,IL
SEARCH_003369,2024-03-26,WI
SEARCH_003370,2024-03-27,TX
SEARCH_003371,2024-03-27,CA
SEARCH_003372,2024-03-27,TN
SEARCH_003373,2024-03-27,IL
SEARCH_003374,2024-03-27,OH
SEARCH_003375,2024-03-27,MD
SEARCH_003376,2024-03-27,MO
SEARCH_003377,2024-03-27,TX
SEARCH_003378,2024-03-27,CA
SEARCH_003379,2024-03-28,NE
SEARCH_003380,2024-03-28,OH
SEARCH_003381,2024-03-28,NJ
SEARCH_003382,2024-03-28,SC
SEARCH_003383,2024-03-28,FL
SEARCH_003384,2024-03-28,GA
SEARCH_003385,2024-03-28,UT
SEARCH_003386,2024-03-28,CA
SEARCH_003387,2024-03-28,WI
SEARCH_003388,2024-03-28,OH
SEARCH_003389,2024-03-28,SC
SEARCH_003390,2024-03-28,TN
SEARCH_003391,2024-03-29,TN
SEARCH_003392,2024-03-29,WI
SEARCH_003393,2024-03-29,CT
SEARCH_003394,2024-03-29,TX
SEARCH_003395,2024-03-29,MO
SEARCH_003396,2024-03-29,GA
SEARCH_003397,2024-03-29,NJ
SEARCH_003398,2024-03-29,TX
SEARCH_003399,2024-03-29,CA
SEARCH_003400,2024-03-30,NY
SEARCH_003401,2024-03-30,IL
SEARCH_003402,2024-03-30,GA
SEARCH_003403,2024-03-30,AL
SEARCH_003404,2024-03-30,NY
SEARCH_003405,2024-03-31,CA
SEARCH_003406,2024-03-31,MO
SEARCH_003407,2024-03-31,IA
SEARCH_003408,2024-03-31,OH
SEARCH_003409,2024-03-31,WI
SEARCH_003410,2024-03-31,WI
SEARCH_003411,2024-04-01,UT
SEARCH_003412,2024-04-01,MO
SEARCH_003413,2024-04-01,NC
SEARCH_003414,2024-04-01,PA
SEARCH_003415,2024-04-01,CA
SEARCH_003416,2024-04-01,CA
SEARCH_003417,2024-04-01,CA
SEARCH_003418,2024-04-02,WA
SEARCH_003419,2024-04-02,VA
SEARCH_003420,2024-04-02,FL
SEARCH_003421,2024-04-02,OH
SEARCH_003422,2024-04-02,NJ
SEARCH_003423,2024-04-02,TN
SEARCH_003424,2024-04-02,IL
SEARCH_003425,2024-04-02,NV
SEARCH_003426,2024-04-02,NC
SEARCH_003427,2024-04-02,NY
SEARCH_003428,2024-04-02,CA
SEARCH_003429,2024-04-02,WA
SEARCH_003430,2024-04-03,FL
SEARCH_003431,2024-04-03,CA
SEARCH_003432,2024-04-03,CA
SEARCH_003433,2024-04-03,CA
SEARCH_003434,2024-04-03,MA
SEARCH_003435,2024-04-03,FL
SEARCH_003436,2024-04-03,TN
SEARCH_003437,2024-04-03,NJ
SEARCH_003438,2024-04-03,WV
SEARCH_003439,2024-04-03,WY
SEARCH_003440,2024-04-04,GA
SEARCH_003441,2024-04-04,OH
SEARCH_003442,2024-04-04,CA
SEARCH_003443,2024-04-04,CA
SEARCH_003444,2024-04-04,OH
SEARCH_003445,2024-04-04,IA
SEARCH_003446,2024-04-04,CA
SEARCH_003447,2024-04-04,CA
SEARCH_003448,2024-04-04,GA
SEARCH_003449,2024-04-04,IN
SEARCH_003450,2024-04-04,FL
SEARCH_003451,2024-04-04,MI
SEARCH_003452,2024-04-05,TN
SEARCH_003453,2024-04-05,GA
SEARCH_003454,2024-04-05,ND
SEARCH_003455,2024-04-05,MO
SEARCH_003456,2024-04-05,NJ
SEARCH_003457,2024-04-05,NV
SEARCH_003458,2024-04-05,MA
SEARCH_003459,2024-04-05,IA
SEARCH_003460,2024-04-06,WA
SEARCH_003461,2024-04-06,OH
SEARCH_003462,2024-04-06,MO
SEARCH_003463,2024-04-06,OK
SEARCH_003464,2024-04-06,IA
SEARCH_003465,2024-04-07,IL
SEARCH_003466,2024-04-07,TX
SEARCH_003467,2024-04-07,PA
SEARCH_003468,2024-04-07,GA
SEARCH_003469,2024-04-07,VA
SEARCH_003470,2024-04-07,MD
SEARCH_003471,2024-04-07,TX
SEARCH_003472,2024-04-07,PA
SEARCH_003473,2024-04-07,MN
SEARCH_003474,2024-04-07,SC
SEARCH_003475,2024-04-08,AR
SEARCH_003476,2024-04-08,VA
SEARCH_003477,2024-04-08,MS
SEARCH_003478,2024-04-08,FL
SEARCH_003479,2024-04-08,IA
SEARCH_003480,2024-04-08,KY
SEARCH_003481,2024-04-08,WY
SEARCH_003482,2024-04-08,AZ
SEARCH_003483,2024-04-08,WA
SEARCH_003484,2024-04-08,MI
SEARCH_003485,2024-04-08,OH
SEARCH_003486,2024-04-08,MD
SEARCH_003487,2024-04-08,NV
SEARCH_003488,2024-04-09,FL
SEARCH_003489,2024-04-09,CA
SEARCH_003490,2024-04-09,WV
SEARCH_003491,2024-04-09,GA
SEARCH_003492,2024-04-09,LA
SEARCH_003493,2024-04-09,GA
SEARCH_003494,2024-04-09,CA
SEARCH_003495,2024-04-09,WA
SEARCH_003496,2024-04-09,NJ
SEARCH_003497,2024-04-10,NY
SEARCH_003498,2024-04-10,MA
SEARCH_003499,2024-04-10,KY
SEARCH_003500,2024-04-10,WA
SEARCH_003501,2024-04-10,OH
SEARCH_003502,2024-04-10,GA
SEARCH_003503,2024-04-10,TX
SEARCH_003504,2024-04-10,NY
SEARCH_003505,2024-04-10,OH
SEARCH_003506,2024-04-10,NC
SEARCH_003507,2024-04-10,NM
SEARCH_003508,2024-04-10,ID
SEARCH_003509,2024-04-11,FL
SEARCH_003510,2024-04-11,NH
SEARCH_003511,2024-04-11,IL
SEARCH_003512,2024-04-11,TN
SEARCH_003513,2024-04-11,GA
SEARCH_003514,2024-04-11,PA
SEARCH_003515,2024-04-11,IL
SEARCH_003516,2024-04-12,TX
SEARCH_003517,2024-04-12,CA
SEARCH_003518,2024-04-12,WI
SEARCH_003519,2024-04-12,NH
SEARCH_003520,2024-04-12,OH
SEARCH_003521,2024-04-12,CO
SEARCH_003522,2024-04-12,MN
SEARCH_003523,2024-04-12,SC
SEARCH_003524,2024-04-12,GA
SEARCH_003525,2024-04-12,WI
SEARCH_003526,2024-04-12,AZ
SEARCH_003527,2024-04-13,NY
SEARCH_003528,2024-04-13,CA
SEARCH_003529,2024-04-13,OH
SEARCH_003530,2024-04-13,NY
SEARCH_003531,2024-04-13,GA
SEARCH_003532,2024-04-13,PA
SEARCH_003533,2024-04-13,CA
SEARCH_003534,2024-04-14,CA
SEARCH_003535,2024-04-14,OK
SEARCH_003536,2024-04-14,UT
SEARCH_003537,2024-04-14,NY
SEARCH_003538,2024-04-14,NY
SEARCH_003539,2024-04-15,VA
SEARCH_003540,2024-04-15,NC
SEARCH_003541,2024-04-15,FL
SEARCH_003542,2024-04-15,NJ
SEARCH_003543,2024-04-15,SC
SEARCH_003544,2024-04-15,GA
SEARCH_003545,2024-04-15,CA
SEARCH_003546,2024-04-15,NC
SEARCH_003547,2024-04-15,FL
SEARCH_003548,2024-04-15,TX
SEARCH_003549,2024-04-15,FL
SEARCH_003550,2024-04-15,GA
SEARCH_003551,2024-04-15,PA
SEARCH_003552,2024-04-16,FL
SEARCH_003553,2024-04-16,CA
SEARCH_003554,2024-04-16,UT
SEARCH_003555,2024-04-16,VA
SEARCH_003556,2024-04-16,TX
SEARCH_003557,2024-04-16,FL
SEARCH_003558,2024-04-16,CA
SEARCH_003559,2024-04-16,TN
SEARCH_003560,2024-04-16,TN
SEARCH_003561,2024-04-17,FL
SEARCH_003562,2024-04-17,TN
SEARCH_003563,2024-04-17,MI
SEARCH_003564,2024-04-17,DE
SEARCH_003565,2024-04-17,DC
SEARCH_003566,2024-04-17,OH
SEARCH_003567,2024-04-17,NC
SEARCH_003568,2024-04-17,MI
SEARCH_003569,2024-04-17,MA
SEARCH_003570,2024-04-17,KS
SEARCH_003571,2024-04-18,IL
SEARCH_003572,2024-04-18,TX
SEARCH_003573,2024-04-18,SC
SEARCH_003574,2024-04-18,SC
SEARCH_003575,2024-04-18,FL
SEARCH_003576,2024-04-18,UT
SEARCH_003577,2024-04-18,IL
SEARCH_003578,2024-04-18,WA
SEARCH_003579,2024-04-18,UT
SEARCH_003580,2024-04-18,FL
SEARCH_003581,2024-04-18,NY
SEARCH_003582,2024-04-18,IN
SEARCH_003583,2024-04-19,NY
SEARCH_003584,2024-04-19,CA
SEARCH_003585,2024-04-19,OK
SEARCH_003586,2024-04-19,CA
SEARCH_003587,2024-04-19,WI
SEARCH_003588,2024-04-19,AL
SEARCH_003589,2024-04-19,FL
SEARCH_003590,2024-04-19,OH
SEARCH_003591,2024-04-19,MO
SEARCH_003592,2024-04-19,ME
SEARCH_003593,2024-04-20,VA
SEARCH_003594,2024-04-20,CO
SEARCH_003595,2024-04-20,LA
SEARCH_003596,2024-04-20,CA
SEARCH_003597,2024-04-20,OH
SEARCH_003598,2024-04-20,MO
SEARCH_003599,2024-04-20,CT
SEARCH_003600,2024-04-20,TX
SEARCH_003601,2024-04-20,AR
SEARCH_003602,2024-04-21,MO
SEARCH_003603,2024-04-21,IA
SEARCH_003604,2024-04-21,CA
SEARCH_003605,2024-04-21,NY
SEARCH_003606,2024-04-21,OH
SEARCH_003607,2024-04-21,TX
SEARCH_003608,2024-04-21,MO
SEARCH_003609,2024-04-21,MD
SEARCH_003610,2024-04-21,NC
SEARCH_003611,2024-04-21,TN
SEARCH_003612,2024-04-22,FL
SEARCH_003613,2024-04-22,AL
SEARCH_003614,2024-04-22,VA
SEARCH_003615,2024-04-22,NC
SEARCH_003616,2024-04-22,PA
SEARCH_003617,2024-04-22,IL
SEARCH_003618,2024-04-22,OH
SEARCH_003619,2024-04-22,IL
SEARCH_003620,2024-04-23,TX
SEARCH_003621,2024-04-23,GA
SEARCH_003622,2024-04-23,CO
SEARCH_003623,2024-04-23,TX
SEARCH_003624,2024-04-24,NV
SEARCH_003625,2024-04-24,MS
SEARCH_003626,2024-04-24,ID
SEARCH_003627,2024-04-24,MD
SEARCH_003628,2024-04-24,DC
SEARCH_003629,2024-04-25,IL
SEARCH_003630,2024-04-25,TN
SEARCH_003631,2024-04-25,LA
SEARCH_003632,2024-04-25,TN
SEARCH_003633,2024-04-25,AR
SEARCH_003634,2024-04-25,MD
SEARCH_003635,2024-04-25,MI
SEARCH_003636,2024-04-25,ND
SEARCH_003637,2024-04-25,ID
SEARCH_003638,2024-04-26,SC
SEARCH_003639,2024-04-26,CA
SEARCH_003640,2024-04-26,CA
SEARCH_003641,2024-04-26,WA
SEARCH_003642,2024-04-26,NY
SEARCH_003643,2024-04-26,TN
SEARCH_003644,2024-04-26,PA
SEARCH_003645,2024-04-26,WV
SEARCH_003646,2024-04-27,FL
SEARCH_003647,2024-04-27,IL
SEARCH_003648,2024-04-27,FL
SEARCH_003649,2024-04-27,MS
SEARCH_003650,2024-04-27,AZ
SEARCH_003651,2024-04-27,NC
SEARCH_003652,2024-04-27,VA
SEARCH_003653,2024-04-28,DC
SEARCH_003654,2024-04-28,AR
SEARCH_003655,2024-04-28,MD
SEARCH_003656,2024-04-28,FL
SEARCH_003657,2024-04-28,IL
SEARCH_003658,2024-04-29,CA
SEARCH_003659,2024-04-29,FL
SEARCH_003660,2024-04-29,DE
SEARCH_003661,2024-04-29,PA
SEARCH_003662,2024-04-29,FL
SEARCH_003663,2024-04-29,FL
SEARCH_003664,2024-04-29,OH
SEARCH_003665,2024-04-29,ME
SEARCH_003666,2024-04-30,NY
SEARCH_003667,2024-04-30,TX
SEARCH_003668,2024-04-30,MT
SEARCH_003669,2024-04-30,IN
SEARCH_003670,2024-04-30,FL
SEARCH_003671,2024-04-30,OH
SEARCH_003672,2024-05-01,PA
SEARCH_003673,2024-05-01,TX
SEARCH_003674,2024-05-01,IN
SEARCH_003675,2024-05-01,GA
SEARCH_003676,2024-05-01,MA
SEARCH_003677,2024-05-01,MO
SEARCH_003678,2024-05-01,MD
SEARCH_003679,2024-05-01,IL
SEARCH_003680,2024-05-01,GA
SEARCH_003681,2024-05-01,CO
SEARCH_003682,2024-05-01,CA
SEARCH_003683,2024-05-01,FL
SEARCH_003684,2024-05-02,SC
SEARCH_003685,2024-05-02,AZ
SEARCH_003686,2024-05-02,WV
SEARCH_003687,2024-05-02,MO
SEARCH_003688,2024-05-02,ID
SEARCH_003689,2024-05-02,NY
SEARCH_003690,2024-05-02,KS
SEARCH_003691,2024-05-03,VA
SEARCH_003692,2024-05-03,OH
SEARCH_003693,2024-05-03,NY
SEARCH_003694,2024-05-03,MS
SEARCH_003695,2024-05-03,IL
SEARCH_003696,2024-05-03,SC
SEARCH_003697,2024-05-03,IL
SEARCH_003698,2024-05-03,OH
SEARCH_003699,2024-05-03,AZ
SEARCH_003700,2024-05-04,CA
SEARCH_003701,2024-05-04,GA
SEARCH_003702,2024-05-04,OR
SEARCH_003703,2024-05-04,MO
SEARCH_003704,2024-05-04,TX
SEARCH_003705,2024-05-04,GA
SEARCH_003706,2024-05-04,MN
SEARCH_003707,2024-05-05,PA
SEARCH_003708,2024-05-05,MI
SEARCH_003709,2024-05-05,KY
SEARCH_003710,2024-05-05,TX
SEARCH_003711,2024-05-05,IL
SEARCH_003712,2024-05-06,PA
SEARCH_003713,2024-05-06,NY
SEARCH_003714,2024-05-06,NY
SEARCH_003715,2024-05-06,KS
SEARCH_003716,2024-05-07,MI
SEARCH_003717,2024-05-07,ME
SEARCH_003718,2024-05-07,IL
SEARCH_003719,2024-05-07,MN
SEARCH_003720,2024-05-07,OK
SEARCH_003721,2024-05-07,TN
SEARCH_003722,2024-05-07,GA
SEARCH_003723,2024-05-08,CT
SEARCH_003724,2024-05-08,NV
SEARCH_003725,2024-05-08,IL
SEARCH_003726,2024-05-08,IL
SEARCH_003727,2024-05-08,OH
SEARCH_003728,2024-05-08,TX
SEARCH_003729,2024-05-08,NC
SEARCH_003730,2024-05-08,NY
SEARCH_003731,2024-05-09,CA
SEARCH_003732,2024-05-09,CA
SEARCH_003733,2024-05-09,TX
SEARCH_003734,2024-05-09,FL
SEARCH_003735,2024-05-09,CA
SEARCH_003736,2024-05-09,UT
SEARCH_003737,2024-05-09,CA
SEARCH_003738,2024-05-09,NH
SEARCH_003739,2024-05-09,SC
SEARCH_003740,2024-05-10,MA
SEARCH_003741,2024-05-10,NY
SEARCH_003742,2024-05-10,FL
SEARCH_003743,2024-05-10,AL
SEARCH_003744,2024-05-10,MD
SEARCH_003745,2024-05-10,CA
SEARCH_003746,2024-05-10,MA
SEARCH_003747,2024-05-10,UT
SEARCH_003748,2024-05-10,MT
SEARCH_003749,2024-05-10,NY
SEARCH_003750,2024-05-10,OH
SEARCH_003751,2024-05-10,FL
SEARCH_003752,2024-05-10,NC
SEARCH_003753,2024-05-10,OH
SEARCH_003754,2024-05-11,IL
SEARCH_003755,2024-05-11,IA
SEARCH_003756,2024-05-12,TX
SEARCH_003757,2024-05-12,WA
SEARCH_003758,2024-05-12,LA
SEARCH_003759,2024-05-13,MO
SEARCH_003760,2024-05-13,MO
SEARCH_003761,2024-05-13,MA
SEARCH_003762,2024-05-13,KS
SEARCH_003763,2024-05-13,PA
SEARCH_003764,2024-05-13,NY
SEARCH_003765,2024-05-14,GA
SEARCH_003766,2024-05-14,TN
SEARCH_003767,2024-05-14,PA
SEARCH_003768,2024-05-14,NY
SEARCH_003769,2024-05-14,FL
SEARCH_003770,2024-05-14,CA
SEARCH_003771,2024-05-14,TX
SEARCH_003772,2024-05-14,SD
SEARCH_003773,2024-05-14,NY
SEARCH_003774,2024-05-14,SD
SEARCH_003775,2024-05-14,KY
SEARCH_003776,2024-05-14,LA
SEARCH_003777,2024-05-15,PA
SEARCH_003778,2024-05-15,SC
SEARCH_003779,2024-05-15,PA
SEARCH_003780,2024-05-15,MN
SEARCH_003781,2024-05-15,PA
SEARCH_003782,2024-05-15,VA
SEARCH_003783,2024-05-15,CA
SEARCH_003784,2024-05-15,TX
SEARCH_003785,2024-05-15,CA
SEARCH_003786,2024-05-15,TX
SEARCH_003787,2024-05-15,NJ
SEARCH_003788,2024-05-16,CA
SEARCH_003789,2024-05-16,OR
SEARCH_003790,2024-05-16,MD
SEARCH_003791,2024-05-16,NJ
SEARCH_003792,2024-05-16,MA
SEARCH_003793,2024-05-16,MO
SEARCH_003794,2024-05-16,NC
SEARCH_003795,2024-05-16,MI
SEARCH_003796,2024-05-16,FL
SEARCH_003797,2024-05-16,CA
SEARCH_003798,2024-05-16,GA
SEARCH_003799,2024-05-17,CA
SEARCH_003800,2024-05-17,CA
SEARCH_003801,2024-05-17,SC
SEARCH_003802,2024-05-17,CA
SEARCH_003803,2024-05-17,WI
SEARCH_003804,2024-05-18,FL
SEARCH_003805,2024-05-18,TX
SEARCH_003806,2024-05-18,CA
SEARCH_003807,2024-05-18,TX
SEARCH_003808,2024-05-18,TX
SEARCH_003809,2024-05-18,TN
SEARCH_003810,2024-05-18,CA
SEARCH_003811,2024-05-19,AZ
SEARCH_003812,2024-05-19,CA
SEARCH_003813,2024-05-19,GA
SEARCH_003814,2024-05-19,OH
SEARCH_003815,2024-05-19,RI
SEARCH_003816,2024-05-19,TN
SEARCH_003817,2024-05-19,AZ
SEARCH_003818,2024-05-19,FL
SEARCH_003819,2024-05-20,LA
SEARCH_003820,2024-05-20,NY
SEARCH_003821,2024-05-20,MO
SEARCH_003822,2024-05-20,NC
SEARCH_003823,2024-05-20,PA
SEARCH_003824,2024-05-20,NJ
SEARCH_003825,2024-05-20,MS
SEARCH_003826,2024-05-21,GA
SEARCH_003827,2024-05-21,CT
SEARCH_003828,2024-05-21,CO
SEARCH_003829,2024-05-21,OH
SEARCH_003830,2024-05-21,PA
SEARCH_003831,2024-05-21,MO
SEARCH_003832,2024-05-21,WI
SEARCH_003833,2024-05-21,LA
SEARCH_003834,2024-05-21,WI
SEARCH_003835,2024-05-21,AZ
SEARCH_003836,2024-05-22,NC
SEARCH_003837,2024-05-22,NY
SEARCH_003838,2024-05-22,FL
SEARCH_003839,2024-05-22,GA
SEARCH_003840,2024-05-22,UT
SEARCH_003841,2024-05-22,IL
SEARCH_003842,2024-05-22,HI
SEARCH_003843,2024-05-22,CO
SEARCH_003844,2024-05-22,IA
SEARCH_003845,2024-05-22,MS
SEARCH_003846,2024-05-22,WV
SEARCH_003847,2024-05-22,WA
SEARCH_003848,2024-05-22,CA
SEARCH_003849,2024-05-22,TN
SEARCH_003850,2024-05-22,TX
SEARCH_003851,2024-05-22,CA
SEARCH_003852,2024-05-22,TX
SEARCH_003853,2024-05-23,TX
SEARCH_003854,2024-05-23,VA
SEARCH_003855,2024-05-23,SC
SEARCH_003856,2024-05-23,MI
SEARCH_003857,2024-05-23,MI
SEARCH_003858,2024-05-23,TX
SEARCH_003859,2024-05-23,NC
SEARCH_003860,2024-05-23,PA
SEARCH_003861,2024-05-23,VA
SEARCH_003862,2024-05-23,ID
SEARCH_003863,2024-05-23,AZ
SEARCH_003864,2024-05-23,TX
SEARCH_003865,2024-05-24,GA
SEARCH_003866,2024-05-24,CA
SEARCH_003867,2024-05-24,FL
SEARCH_003868,2024-05-24,AR
SEARCH_003869,2024-05-24,AZ
SEARCH_003870,2024-05-25,TX
SEARCH_003871,2024-05-25,OH
SEARCH_003872,2024-05-26,IL
SEARCH_003873,2024-05-26,IA
SEARCH_003874,2024-05-26,MI
SEARCH_003875,2024-05-26,WI
SEARCH_003876,2024-05-26,NC
SEARCH_003877,2024-05-26,CA
SEARCH_003878,2024-05-26,IL
SEARCH_003879,2024-05-26,NY
SEARCH_003880,2024-05-26,CO
SEARCH_003881,2024-05-27,CO
SEARCH_003882,2024-05-27,IN
SEARCH_003883,2024-05-27,TX
SEARCH_003884,2024-05-27,CA
SEARCH_003885,2024-05-27,PA
SEARCH_003886,2024-05-27,TN
SEARCH_003887,2024-05-27,MN
SEARCH_003888,2024-05-27,FL
SEARCH_003889,2024-05-28,MS
SEARCH_003890,2024-05-28,CA
SEARCH_003891,2024-05-28,NC
SEARCH_003892,2024-05-28,GA
SEARCH_003893,2024-05-28,PA
SEARCH_003894,2024-05-28,FL
SEARCH_003895,2024-05-28,TX
SEARCH_003896,2024-05-28,TX
SEARCH_003897,2024-05-28,NE
SEARCH_003898,2024-05-28,VA
SEARCH_003899,2024-05-28,AL
SEARCH_003900,2024-05-28,CA
SEARCH_003901,2024-05-28,NC
SEARCH_003902,2024-05-29,NY
SEARCH_003903,2024-05-29,FL
SEARCH_003904,2024-05-29,OK
SEARCH_003905,2024-05-29,UT
SEARCH_003906,2024-05-29,TX
SEARCH_003907,2024-05-29,MO
SEARCH_003908,2024-05-30,CA
SEARCH_003909,2024-05-30,GA
SEARCH_003910,2024-05-30,AZ
SEARCH_003911,2024-05-30,CA
SEARCH_003912,2024-05-30,NY
SEARCH_003913,2024-05-31,IN
SEARCH_003914,2024-05-31,UT
SEARCH_003915,2024-05-31,MS
SEARCH_003916,2024-05-31,MD
SEARCH_003917,2024-05-31,KS
SEARCH_003918,2024-06-01,TX
SEARCH_003919,2024-06-01,AL
SEARCH_003920,2024-06-01,NY
SEARCH_003921,2024-06-01,NY
SEARCH_003922,2024-06-01,CA
SEARCH_003923,2024-06-01,TX
SEARCH_003924,2024-06-02,MD
SEARCH_003925,2024-06-02,GA
SEARCH_003926,2024-06-02,MS
SEARCH_003927,2024-06-02,TX
SEARCH_003928,2024-06-02,GA
SEARCH_003929,2024-06-02,CA
SEARCH_003930,2024-06-02,CA
SEARCH_003931,2024-06-02,NC
SEARCH_003932,2024-06-02,CA
SEARCH_003933,2024-06-03,GA
SEARCH_003934,2024-06-03,MO
SEARCH_003935,2024-06-03,NY
SEARCH_003936,2024-06-03,FL
SEARCH_003937,2024-06-03,CA
SEARCH_003938,2024-06-03,PA
SEARCH_003939,2024-06-04,MI
SEARCH_003940,2024-06-04,NY
SEARCH_003941,2024-06-04,AR
SEARCH_003942,2024-06-04,NY
SEARCH_003943,2024-06-05,KS
SEARCH_003944,2024-06-05,LA
SEARCH_003945,2024-06-05,MN
SEARCH_003946,2024-06-05,TX
SEARCH_003947,2024-06-05,NY
SEARCH_003948,2024-06-05,OH
SEARCH_003949,2024-06-05,VA
SEARCH_003950,2024-06-05,MO
SEARCH_003951,2024-06-05,TX
SEARCH_003952,2024-06-05,FL
SEARCH_003953,2024-06-05,PA
SEARCH_003954,2024-06-06,IL
SEARCH_003955,2024-06-06,CA
SEARCH_003956,2024-06-06,GA
SEARCH_003957,2024-06-06,CA
SEARCH_003958,2024-06-06,MN
SEARCH_003959,2024-06-07,NJ
SEARCH_003960,2024-06-07,OH
SEARCH_003961,2024-06-07,TX
SEARCH_003962,2024-06-07,OH
SEARCH_003963,2024-06-07,CA
SEARCH_003964,2024-06-07,PA
SEARCH_003965,2024-06-08,AR
SEARCH_003966,2024-06-08,VT
SEARCH_003967,2024-06-08,IN
SEARCH_003968,2024-06-08,KS
SEARCH_003969,2024-06-08,TN
SEARCH_003970,2024-06-09,NC
SEARCH_003971,2024-06-09,DE
SEARCH_003972,2024-06-09,AZ
SEARCH_003973,2024-06-09,SC
SEARCH_003974,2024-06-09,LA
SEARCH_003975,2024-06-09,CA
SEARCH_003976,2024-06-09,MA
SEARCH_003977,2024-06-09,TX
SEARCH_003978,2024-06-09,MI
SEARCH_003979,2024-06-10,NY
SEARCH_003980,2024-06-10,IL
SEARCH_003981,2024-06-10,NJ
SEARCH_003982,2024-06-10,MN
SEARCH_003983,2024-06-10,OR
SEARCH_003984,2024-06-10,NY
SEARCH_003985,2024-06-10,OK
SEARCH_003986,2024-06-10,FL
SEARCH_003987,2024-06-10,OH
SEARCH_003988,2024-06-10,WY
SEARCH_003989,2024-06-10,TX
SEARCH_003990,2024-06-11,TX
SEARCH_003991,2024-06-11,LA
SEARCH_003992,2024-06-11,TX
SEARCH_003993,2024-06-11,OR
SEARCH_003994,2024-06-12,WA
SEARCH_003995,2024-06-12,KY
SEARCH_003996,2024-06-12,NC
SEARCH_003997,2024-06-12,AZ
SEARCH_003998,2024-06-12,FL
SEARCH_003999,2024-06-12,MN
SEARCH_004000,2024-06-12,PA
SEARCH_004001,2024-06-12,NV
SEARCH_004002,2024-06-12,CA
SEARCH_004003,2024-06-13,CA
SEARCH_004004,2024-06-13,OH
SEARCH_004005,2024-06-13,OH
SEARCH_004006,2024-06-13,CT
SEARCH_004007,2024-06-13,FL
SEARCH_004008,2024-06-13,NY
SEARCH_004009,2024-06-13,WV
SEARCH_004010,2024-06-13,ME
SEARCH_004011,2024-06-13,KY
SEARCH_004012,2024-06-14,NC
SEARCH_004013,2024-06-14,MA
SEARCH_004014,2024-06-14,GA
SEARCH_004015,2024-06-14,NC
SEARCH_004016,2024-06-14,PA
SEARCH_004017,2024-06-14,AR
SEARCH_004018,2024-06-15,CA
SEARCH_004019,2024-06-15,IN
SEARCH_004020,2024-06-15,ME
SEARCH_004021,2024-06-15,CO
SEARCH_004022,2024-06-15,CA
SEARCH_004023,2024-06-16,LA
SEARCH_004024,2024-06-16,WI
SEARCH_004025,2024-06-16,NY
SEARCH_004026,2024-06-16,PA
SEARCH_004027,2024-06-17,OK
SEARCH_004028,2024-06-17,OH
SEARCH_004029,2024-06-17,NY
SEARCH_004030,2024-06-17,IN
SEARCH_004031,2024-06-17,CA
SEARCH_004032,2024-06-17,NC
SEARCH_004033,2024-06-17,VA
SEARCH_004034,2024-06-17,OR
SEARCH_004035,2024-06-18,OH
SEARCH_004036,2024-06-18,HI
SEARCH_004037,2024-06-18,AL
SEARCH_004038,2024-06-18,PA
SEARCH_004039,2024-06-18,SC
SEARCH_004040,2024-06-18,GA
SEARCH_004041,2024-06-18,FL
SEARCH_004042,2024-06-18,MS
SEARCH_004043,2024-06-18,IN
SEARCH_004044,2024-06-18,TN
SEARCH_004045,2024-06-18,FL
SEARCH_004046,2024-06-18,ND
SEARCH_004047,2024-06-19,GA
SEARCH_004048,2024-06-19,IA
SEARCH_004049,2024-06-19,TX
SEARCH_004050,2024-06-19,OH
SEARCH_004051,2024-06-19,CA
SEARCH_004052,2024-06-19,IL
SEARCH_004053,2024-06-20,CA
SEARCH_004054,2024-06-20,OR
SEARCH_004055,2024-06-20,NM
SEARCH_004056,2024-06-20,WV
SEARCH_004057,2024-06-20,OH
SEARCH_004058,2024-06-20,IN
SEARCH_004059,2024-06-21,WA
SEARCH_004060,2024-06-21,MA
SEARCH_004061,2024-06-21,CA
SEARCH_004062,2024-06-21,TX
SEARCH_004063,2024-06-21,UT
SEARCH_004064,2024-06-21,PA
SEARCH_004065,2024-06-21,CA
SEARCH_004066,2024-06-21,FL
SEARCH_004067,2024-06-21,MI
SEARCH_004068,2024-06-21,IA
SEARCH_004069,2024-06-21,CA
SEARCH_004070,2024-06-21,VA
SEARCH_004071,2024-06-22,OR
SEARCH_004072,2024-06-22,HI
SEARCH_004073,2024-06-22,TX
SEARCH_004074,2024-06-22,NY
SEARCH_004075,2024-06-22,CT
SEARCH_004076,2024-06-23,TX
SEARCH_004077,2024-06-23,MN
SEARCH_004078,2024-06-23,NC
SEARCH_004079,2024-06-23,AZ
SEARCH_004080,2024-06-24,TX
SEARCH_004081,2024-06-24,NY
SEARCH_004082,2024-06-24,CA
SEARCH_004083,2024-06-24,AZ
SEARCH_004084,2024-06-24,OR
SEARCH_004085,2024-06-24,MA
SEARCH_004086,2024-06-24,TX
SEARCH_004087,2024-06-24,MN
SEARCH_004088,2024-06-24,SC
SEARCH_004089,2024-06-24,FL
SEARCH_004090,2024-06-24,CA
SEARCH_004091,2024-06-24,IL
SEARCH_004092,2024-06-24,IN
SEARCH_004093,2024-06-25,WI
SEARCH_004094,2024-06-25,WA
SEARCH_004095,2024-06-25,CA
SEARCH_004096,2024-06-25,NJ
SEARCH_004097,2024-06-25,CA
SEARCH_004098,2024-06-25,MI
SEARCH_004099,2024-06-25,GA
SEARCH_004100,2024-06-25,NJ
SEARCH_004101,2024-06-25,GA
SEARCH_004102,2024-06-25,MS
SEARCH_004103,2024-06-25,AZ
SEARCH_004104,2024-06-25,CO
SEARCH_004105,2024-06-25,FL
SEARCH_004106,2024-06-25,NJ
SEARCH_004107,2024-06-25,AZ
SEARCH_004108,2024-06-25,MI
SEARCH_004109,2024-06-26,TX
SEARCH_004110,2024-06-26,OR
SEARCH_004111,2024-06-26,CO
SEARCH_004112,2024-06-26,MN
SEARCH_004113,2024-06-26,TX
SEARCH_004114,2024-06-27,UT
SEARCH_004115,2024-06-27,LA
SEARCH_004116,2024-06-27,CA
SEARCH_004117,2024-06-27,OH
SEARCH_004118,2024-06-27,CA
SEARCH_004119,2024-06-27,CA
SEARCH_004120,2024-06-28,MA
SEARCH_004121,2024-06-28,NV
SEARCH_004122,2024-06-28,FL
SEARCH_004123,2024-06-28,OH
SEARCH_004124,2024-06-28,OR
SEARCH_004125,2024-06-28,AZ
SEARCH_004126,2024-06-28,OH
SEARCH_004127,2024-06-28,CA
SEARCH_004128,2024-06-28,NJ
SEARCH_004129,2024-06-28,MI
SEARCH_004130,2024-06-28,NV
SEARCH_004131,2024-06-29,CA
SEARCH_004132,2024-06-29,MS
SEARCH_004133,2024-06-30,VT
SEARCH_004134,2024-06-30,WA
SEARCH_004135,2024-06-30,IL
SEARCH_004136,2024-06-30,CA
SEARCH_004137,2024-06-30,MD
SEARCH_004138,2024-06-30,OK
SEARCH_004139,2024-06-30,LA
SEARCH_004140,2024-07-01,NY
SEARCH_004141,2024-07-01,GA
SEARCH_004142,2024-07-01,FL
SEARCH_004143,2024-07-01,MO
SEARCH_004144,2024-07-01,OR
SEARCH_004145,2024-07-01,FL
SEARCH_004146,2024-07-02,VA
SEARCH_004147,2024-07-02,FL
SEARCH_004148,2024-07-02,MS
SEARCH_004149,2024-07-02,FL
SEARCH_004150,2024-07-02,GA
SEARCH_004151,2024-07-02,TN
SEARCH_004152,2024-07-02,CA
SEARCH_004153,2024-07-02,GA
SEARCH_004154,2024-07-02,CO
SEARCH_004155,2024-07-02,WA
SEARCH_004156,2024-07-02,CA
SEARCH_004157,2024-07-03,VA
SEARCH_004158,2024-07-03,IL
SEARCH_004159,2024-07-03,NY
SEARCH_004160,2024-07-03,CA
SEARCH_004161,2024-07-03,LA
SEARCH_004162,2024-07-03,CO
SEARCH_004163,2024-07-03,MI
SEARCH_004164,2024-07-03,VA
SEARCH_004165,2024-07-03,IL
SEARCH_004166,2024-07-03,CA
SEARCH_004167,2024-07-04,IN
SEARCH_004168,2024-07-04,ND
SEARCH_004169,2024-07-04,FL
SEARCH_004170,2024-07-04,AL
SEARCH_004171,2024-07-04,GA
SEARCH_004172,2024-07-04,FL
SEARCH_004173,2024-07-04,CA
SEARCH_004174,2024-07-04,OH
SEARCH_004175,2024-07-04,WI
SEARCH_004176,2024-07-04,NY
SEARCH_004177,2024-07-05,AZ
SEARCH_004178,2024-07-05,WI
SEARCH_004179,2024-07-05,LA
SEARCH_004180,2024-07-05,IN
SEARCH_004181,2024-07-05,CA
SEARCH_004182,2024-07-05,CT
SEARCH_004183,2024-07-06,MA
SEARCH_004184,2024-07-06,NY
SEARCH_004185,2024-07-06,TN
SEARCH_004186,2024-07-07,IN
SEARCH_004187,2024-07-07,MO
SEARCH_004188,2024-07-07,MO
SEARCH_004189,2024-07-07,PA
SEARCH_004190,2024-07-08,TX
SEARCH_004191,2024-07-08,FL
SEARCH_004192,2024-07-08,AZ
SEARCH_004193,2024-07-08,PA
SEARCH_004194,2024-07-08,IL
SEARCH_004195,2024-07-09,WA
SEARCH_004196,2024-07-09,TX
SEARCH_004197,2024-07-09,FL
SEARCH_004198,2024-07-09,NY
SEARCH_004199,2024-07-09,WA
SEARCH_004200,2024-07-09,NJ
SEARCH_004201,2024-07-09,NE
SEARCH_004202,2024-07-09,ID
SEARCH_004203,2024-07-09,LA
SEARCH_004204,2024-07-09,TX
SEARCH_004205,2024-07-09,TN
SEARCH_004206,2024-07-10,TX
SEARCH_004207,2024-07-10,MO
SEARCH_004208,2024-07-10,IA
SEARCH_004209,2024-07-10,OH
SEARCH_004210,2024-07-10,KS
SEARCH_004211,2024-07-10,WA
SEARCH_004212,2024-07-10,TX
SEARCH_004213,2024-07-10,WA
SEARCH_004214,2024-07-10,IL
SEARCH_004215,2024-07-10,NC
SEARCH_004216,2024-07-10,FL
SEARCH_004217,2024-07-10,CA
SEARCH_004218,2024-07-10,AL
SEARCH_004219,2024-07-10,NC
SEARCH_004220,2024-07-10,CA
SEARCH_004221,2024-07-11,CT
SEARCH_004222,2024-07-11,PA
SEARCH_004223,2024-07-11,KY
SEARCH_004224,2024-07-11,CA
SEARCH_004225,2024-07-11,VA
SEARCH_004226,2024-07-11,MI
SEARCH_004227,2024-07-11,MO
SEARCH_004228,2024-07-11,NJ
SEARCH_004229,2024-07-11,NC
SEARCH_004230,2024-07-11,TX
SEARCH_004231,2024-07-11,WA
SEARCH_004232,2024-07-11,CA
SEARCH_004233,2024-07-11,TX
SEARCH_004234,2024-07-12,OH
SEARCH_004235,2024-07-12,NC
SEARCH_004236,2024-07-12,IN
SEARCH_004237,2024-07-12,CA
SEARCH_004238,2024-07-12,CA
SEARCH_004239,2024-07-12,IN
SEARCH_004240,2024-07-12,CA
SEARCH_004241,2024-07-13,MA
SEARCH_004242,2024-07-13,FL
SEARCH_004243,2024-07-13,IL
SEARCH_004244,2024-07-13,IN
SEARCH_004245,2024-07-13,CA
SEARCH_004246,2024-07-13,NV
SEARCH_004247,2024-07-13,CT
SEARCH_004248,2024-07-14,ID
SEARCH_004249,2024-07-14,CA
SEARCH_004250,2024-07-14,OK
SEARCH_004251,2024-07-14,NY
SEARCH_004252,2024-07-14,CA
SEARCH_004253,2024-07-14,OH
SEARCH_004254,2024-07-15,UT
SEARCH_004255,2024-07-15,VA
SEARCH_004256,2024-07-15,TN
SEARCH_004257,2024-07-15,TX
SEARCH_004258,2024-07-15,TX
SEARCH_004259,2024-07-15,NY
SEARCH_004260,2024-07-15,TX
SEARCH_004261,2024-07-15,SC
SEARCH_004262,2024-07-15,MD
SEARCH_004263,2024-07-16,NV
SEARCH_004264,2024-07-16,IA
SEARCH_004265,2024-07-16,VA
SEARCH_004266,2024-07-16,CA
SEARCH_004267,2024-07-16,AZ
SEARCH_004268,2024-07-16,NC
SEARCH_004269,2024-07-16,MI
SEARCH_004270,2024-07-16,MN
SEARCH_004271,2024-07-16,WI
SEARCH_004272,2024-07-16,SC
SEARCH_004273,2024-07-16,MD
SEARCH_004274,2024-07-17,OK
SEARCH_004275,2024-07-17,NJ
SEARCH_004276,2024-07-17,SC
SEARCH_004277,2024-07-17,NV
SEARCH_004278,2024-07-17,FL
SEARCH_004279,2024-07-17,GA
SEARCH_004280,2024-07-17,TX
SEARCH_004281,2024-07-17,VA
SEARCH_004282,2024-07-17,NC
SEARCH_004283,2024-07-17,CA
SEARCH_004284,2024-07-18,UT
SEARCH_004285,2024-07-18,ME
SEARCH_004286,2024-07-18,NH
SEARCH_004287,2024-07-18,IL
SEARCH_004288,2024-07-19,GA
SEARCH_004289,2024-07-19,PA
SEARCH_004290,2024-07-19,NE
SEARCH_004291,2024-07-19,NY
SEARCH_004292,2024-07-19,CT
SEARCH_004293,2024-07-19,TX
SEARCH_004294,2024-07-19,KS
SEARCH_004295,2024-07-19,AR
SEARCH_004296,2024-07-19,TN
SEARCH_004297,2024-07-20,WA
SEARCH_004298,2024-07-20,CA
SEARCH_004299,2024-07-20,GA
SEARCH_004300,2024-07-20,AL
SEARCH_004301,2024-07-20,MI
SEARCH_004302,2024-07-20,IN
SEARCH_004303,2024-07-20,AZ
SEARCH_004304,2024-07-20,CA
SEARCH_004305,2024-07-21,CO
SEARCH_004306,2024-07-21,LA
SEARCH_004307,2024-07-21,WA
SEARCH_004308,2024-07-22,SC
SEARCH_004309,2024-07-22,NJ
SEARCH_004310,2024-07-22,OK
SEARCH_004311,2024-07-22,NJ
SEARCH_004312,2024-07-22,CA
SEARCH_004313,2024-07-22,LA
SEARCH_004314,2024-07-22,WI
SEARCH_004315,2024-07-23,CA
SEARCH_004316,2024-07-23,AL
SEARCH_004317,2024-07-23,OK
SEARCH_004318,2024-07-23,MD
SEARCH_004319,2024-07-23,MT
SEARCH_004320,2024-07-24,LA
SEARCH_004321,2024-07-24,FL
SEARCH_004322,2024-07-24,NJ
SEARCH_004323,2024-07-24,NV
SEARCH_004324,2024-07-24,MD
SEARCH_004325,2024-07-24,VA
SEARCH_004326,2024-07-24,CA
SEARCH_004327,2024-07-25,MS
SEARCH_004328,2024-07-25,IL
SEARCH_004329,2024-07-25,PA
SEARCH_004330,2024-07-26,WA
SEARCH_004331,2024-07-26,TN
SEARCH_004332,2024-07-26,FL
SEARCH_004333,2024-07-26,OH
SEARCH_004334,2024-07-26,OH
SEARCH_004335,2024-07-27,GA
SEARCH_004336,2024-07-27,AZ
SEARCH_004337,2024-07-27,FL
SEARCH_004338,2024-07-27,AZ
SEARCH_004339,2024-07-28,TN
SEARCH_004340,2024-07-28,IL
SEARCH_004341,2024-07-28,NJ
SEARCH_004342,2024-07-28,CA
SEARCH_004343,2024-07-28,NJ
SEARCH_004344,2024-07-28,MI
SEARCH_004345,2024-07-28,MN
SEARCH_004346,2024-07-28,TX
SEARCH_004347,2024-07-28,LA
SEARCH_004348,2024-07-28,OH
SEARCH_004349,2024-07-28,CA
SEARCH_004350,2024-07-29,CO
SEARCH_004351,2024-07-29,GA
SEARCH_004352,2024-07-29,CA
SEARCH_004353,2024-07-29,CA
SEARCH_004354,2024-07-29,MI
SEARCH_004355,2024-07-29,FL
SEARCH_004356,2024-07-29,IA
SEARCH_004357,2024-07-29,MI
SEARCH_004358,2024-07-29,CO
SEARCH_004359,2024-07-29,NC
SEARCH_004360,2024-07-29,CA
SEARCH_004361,2024-07-29,KY
SEARCH_004362,2024-07-29,CA
SEARCH_004363,2024-07-30,CA
SEARCH_004364,2024-07-30,MN
SEARCH_004365,2024-07-30,MN
SEARCH_004366,2024-07-30,NJ
SEARCH_004367,2024-07-30,NY
SEARCH_004368,2024-07-31,MO
SEARCH_004369,2024-07-31,NY
SEARCH_004370,2024-07-31,TX
SEARCH_004371,2024-07-31,WA
SEARCH_004372,2024-07-31,CA
SEARCH_004373,2024-07-31,CA
SEARCH_004374,2024-08-01,FL
SEARCH_004375,2024-08-01,IL
SEARCH_004376,2024-08-01,MO
SEARCH_004377,2024-08-01,TX
SEARCH_004378,2024-08-01,TX
SEARCH_004379,2024-08-01,AR
SEARCH_004380,2024-08-01,NJ
SEARCH_004381,2024-08-01,TX
SEARCH_004382,2024-08-01,MN
SEARCH_004383,2024-08-01,MT
SEARCH_004384,2024-08-01,MI
SEARCH_004385,2024-08-01,LA
SEARCH_004386,2024-08-01,WA
SEARCH_004387,2024-08-01,AL
SEARCH_004388,2024-08-01,KY
SEARCH_004389,2024-08-01,FL
SEARCH_004390,2024-08-01,CA
SEARCH_004391,2024-08-02,NY
SEARCH_004392,2024-08-02,NJ
SEARCH_004393,2024-08-02,CA
SEARCH_004394,2024-08-02,WA
SEARCH_004395,2024-08-02,SC
SEARCH_004396,2024-08-02,OH
SEARCH_004397,2024-08-02,NY
SEARCH_004398,2024-08-02,TX
SEARCH_004399,2024-08-02,PA
SEARCH_004400,2024-08-03,VA
SEARCH_004401,2024-08-03,PA
SEARCH_004402,2024-08-03,TX
SEARCH_004403,2024-08-03,MD
SEARCH_004404,2024-08-03,PA
SEARCH_004405,2024-08-03,AZ
SEARCH_004406,2024-08-03,CA
SEARCH_004407,2024-08-03,HI
SEARCH_004408,2024-08-04,TN
SEARCH_004409,2024-08-04,GA
SEARCH_004410,2024-08-04,NC
SEARCH_004411,2024-08-04,TX
SEARCH_004412,2024-08-04,UT
SEARCH_004413,2024-08-04,CO
SEARCH_004414,2024-08-05,FL
SEARCH_004415,2024-08-05,NY
SEARCH_004416,2024-08-05,TX
SEARCH_004417,2024-08-05,MI
SEARCH_004418,2024-08-05,GA
SEARCH_004419,2024-08-05,CT
SEARCH_004420,2024-08-05,MA
SEARCH_004421,2024-08-05,CO
SEARCH_004422,2024-08-05,OH
SEARCH_004423,2024-08-06,UT
SEARCH_004424,2024-08-06,SC
SEARCH_004425,2024-08-06,MO
SEARCH_004426,2024-08-06,TX
SEARCH_004427,2024-08-06,IL
SEARCH_004428,2024-08-06,CO
SEARCH_004429,2024-08-06,KY
SEARCH_004430,2024-08-07,CA
SEARCH_004431,2024-08-07,CA
SEARCH_004432,2024-08-07,AR
SEARCH_004433,2024-08-07,TX
SEARCH_004434,2024-08-08,NE
SEARCH_004435,2024-08-08,IN
SEARCH_004436,2024-08-08,CO
SEARCH_004437,2024-08-08,NY
SEARCH_004438,2024-08-08,TX
SEARCH_004439,2024-08-08,MO
SEARCH_004440,2024-08-08,PA
SEARCH_004441,2024-08-09,FL
SEARCH_004442,2024-08-09,DE
SEARCH_004443,2024-08-09,NY
SEARCH_004444,2024-08-09,MI
SEARCH_004445,2024-08-09,FL
SEARCH_004446,2024-08-09,NV
SEARCH_004447,2024-08-09,OK
SEARCH_004448,2024-08-09,NY
SEARCH_004449,2024-08-09,NC
SEARCH_004450,2024-08-09,SC
SEARCH_004451,2024-08-10,MA
SEARCH_004452,2024-08-10,TX
SEARCH_004453,2024-08-10,MN
SEARCH_004454,2024-08-10,NC
SEARCH_004455,2024-08-10,CT
SEARCH_004456,2024-08-11,DE
SEARCH_004457,2024-08-11,CA
SEARCH_004458,2024-08-11,NV
SEARCH_004459,2024-08-11,OH
SEARCH_004460,2024-08-11,CA
SEARCH_004461,2024-08-12,FL
SEARCH_004462,2024-08-12,MN
SEARCH_004463,2024-08-12,SC
SEARCH_004464,2024-08-12,KY
SEARCH_004465,2024-08-12,TN
SEARCH_004466,2024-08-12,MO
SEARCH_004467,2024-08-12,NY
SEARCH_004468,2024-08-12,TX
SEARCH_004469,2024-08-12,PA
SEARCH_004470,2024-08-13,OH
SEARCH_004471,2024-08-13,TX
SEARCH_004472,2024-08-13,KS
SEARCH_004473,2024-08-13,TX
SEARCH_004474,2024-08-13,NY
SEARCH_004475,2024-08-13,NC
SEARCH_004476,2024-08-13,CO
SEARCH_004477,2024-08-13,WI
SEARCH_004478,2024-08-13,WI
SEARCH_004479,2024-08-13,CO
SEARCH_004480,2024-08-13,IN
SEARCH_004481,2024-08-13,NC
SEARCH_004482,2024-08-13,NH
SEARCH_004483,2024-08-13,CT
SEARCH_004484,2024-08-13,GA
SEARCH_004485,2024-08-14,TX
SEARCH_004486,2024-08-14,WY
SEARCH_004487,2024-08-14,PA
SEARCH_004488,2024-08-14,HI
SEARCH_004489,2024-08-14,FL
SEARCH_004490,2024-08-14,MI
SEARCH_004491,2024-08-14,LA
SEARCH_004492,2024-08-14,MO
SEARCH_004493,2024-08-14,KY
SEARCH_004494,2024-08-15,MI
SEARCH_004495,2024-08-15,UT
SEARCH_004496,2024-08-15,PA
SEARCH_004497,2024-08-15,CA
SEARCH_004498,2024-08-16,CT
SEARCH_004499,2024-08-16,MN
SEARCH_004500,2024-08-16,TX
SEARCH_004501,2024-08-17,TX
SEARCH_004502,2024-08-17,OH
SEARCH_004503,2024-08-17,WV
SEARCH_004504,2024-08-18,CO
SEARCH_004505,2024-08-18,MI
SEARCH_004506,2024-08-18,OH
SEARCH_004507,2024-08-18,FL
SEARCH_004508,2024-08-18,MA
SEARCH_004509,2024-08-19,MI
SEARCH_004510,2024-08-19,CO
SEARCH_004511,2024-08-19,IL
SEARCH_004512,2024-08-19,MA
SEARCH_004513,2024-08-19,NC
SEARCH_004514,2024-08-20,MA
SEARCH_004515,2024-08-20,NJ
SEARCH_004516,2024-08-20,UT
SEARCH_004517,2024-08-20,TX
SEARCH_004518,2024-08-20,IL
SEARCH_004519,2024-08-20,NY
SEARCH_004520,2024-08-21,IL
SEARCH_004521,2024-08-21,CA
SEARCH_004522,2024-08-21,CA
SEARCH_004523,2024-08-21,AZ
SEARCH_004524,2024-08-21,VA
SEARCH_004525,2024-08-21,SC
SEARCH_004526,2024-08-21,OK
SEARCH_004527,2024-08-21,NJ
SEARCH_004528,2024-08-21,TX
SEARCH_004529,2024-08-21,NY
SEARCH_004530,2024-08-22,NJ
SEARCH_004531,2024-08-22,TX
SEARCH_004532,2024-08-22,MN
SEARCH_004533,2024-08-22,IL
SEARCH_004534,2024-08-23,CA
SEARCH_004535,2024-08-23,NY
SEARCH_004536,2024-08-23,AK
SEARCH_004537,2024-08-23,NJ
SEARCH_004538,2024-08-23,NJ
SEARCH_004539,2024-08-23,NH
SEARCH_004540,2024-08-23,FL
SEARCH_004541,2024-08-23,CA
SEARCH_004542,2024-08-24,OR
SEARCH_004543,2024-08-24,IL
SEARCH_004544,2024-08-24,CA
SEARCH_004545,2024-08-24,CA
SEARCH_004546,2024-08-24,NY
SEARCH_004547,2024-08-24,FL
SEARCH_004548,2024-08-24,CO
SEARCH_004549,2024-08-25,MA
SEARCH_004550,2024-08-25,CA
SEARCH_004551,2024-08-25,IL
SEARCH_004552,2024-08-25,CT
SEARCH_004553,2024-08-25,WA
SEARCH_004554,2024-08-25,PA
SEARCH_004555,2024-08-26,NJ
SEARCH_004556,2024-08-26,PA
SEARCH_004557,2024-08-26,CA
SEARCH_004558,2024-08-26,TX
SEARCH_004559,2024-08-26,IN
SEARCH_004560,2024-08-26,TN
SEARCH_004561,2024-08-26,WI
SEARCH_004562,2024-08-26,OR
SEARCH_004563,2024-08-26,CA
SEARCH_004564,2024-08-27,HI
SEARCH_004565,2024-08-27,CA
SEARCH_004566,2024-08-27,ID
SEARCH_004567,2024-08-27,TN
SEARCH_004568,2024-08-27,IA
SEARCH_004569,2024-08-27,VA
SEARCH_004570,2024-08-27,CA
SEARCH_004571,2024-08-27,KS
SEARCH_004572,2024-08-27,MA
SEARCH_004573,2024-08-27,NJ
SEARCH_004574,2024-08-27,NJ
SEARCH_004575,2024-08-27,VA
SEARCH_004576,2024-08-28,NJ
SEARCH_004577,2024-08-28,GA
SEARCH_004578,2024-08-28,SC
SEARCH_004579,2024-08-28,LA
SEARCH_004580,2024-08-28,CA
SEARCH_004581,2024-08-28,WI
SEARCH_004582,2024-08-29,IN
SEARCH_004583,2024-08-29,LA
SEARCH_004584,2024-08-29,NC
SEARCH_004585,2024-08-29,NV
SEARCH_004586,2024-08-29,AZ
SEARCH_004587,2024-08-29,WA
SEARCH_004588,2024-08-30,GA
SEARCH_004589,2024-08-30,CA
SEARCH_004590,2024-08-30,MD
SEARCH_004591,2024-08-30,NY
SEARCH_004592,2024-08-30,NY
SEARCH_004593,2024-08-30,LA
SEARCH_004594,2024-08-30,FL
SEARCH_004595,2024-08-30,AL
SEARCH_004596,2024-08-30,CA
SEARCH_004597,2024-08-30,CA
SEARCH_004598,2024-08-30,MI
SEARCH_004599,2024-08-30,OH
SEARCH_004600,2024-08-31,VA
SEARCH_004601,2024-08-31,FL
SEARCH_004602,2024-08-31,NY
SEARCH_004603,2024-08-31,HI
SEARCH_004604,2024-09-01,TX
SEARCH_004605,2024-09-01,CA
SEARCH_004606,2024-09-01,WI
SEARCH_004607,2024-09-01,CA
SEARCH_004608,2024-09-01,WY
SEARCH_004609,2024-09-01,MO
SEARCH_004610,2024-09-01,LA
SEARCH_004611,2024-09-01,OH
SEARCH_004612,2024-09-01,IL
SEARCH_004613,2024-09-02,OK
SEARCH_004614,2024-09-02,NC
SEARCH_004615,2024-09-02,TX
SEARCH_004616,2024-09-02,KY
SEARCH_004617,2024-09-02,LA
SEARCH_004618,2024-09-02,TX
SEARCH_004619,2024-09-02,AZ
SEARCH_004620,2024-09-02,TX
SEARCH_004621,2024-09-03,CA
SEARCH_004622,2024-09-03,MA
SEARCH_004623,2024-09-03,CA
SEARCH_004624,2024-09-03,TN
SEARCH_004625,2024-09-03,WI
SEARCH_004626,2024-09-03,MI
SEARCH_004627,2024-09-03,NC
SEARCH_004628,2024-09-03,CT
SEARCH_004629,2024-09-03,MN
SEARCH_004630,2024-09-03,CO
SEARCH_004631,2024-09-04,NC
SEARCH_004632,2024-09-04,PA
SEARCH_004633,2024-09-04,NC
SEARCH_004634,2024-09-04,IL
SEARCH_004635,2024-09-04,TN
SEARCH_004636,2024-09-04,FL
SEARCH_004637,2024-09-04,IN
SEARCH_004638,2024-09-04,VA
SEARCH_004639,2024-09-04,CA
SEARCH_004640,2024-09-04,TX
SEARCH_004641,2024-09-04,TX
SEARCH_004642,2024-09-05,IN
SEARCH_004643,2024-09-05,AL
SEARCH_004644,2024-09-05,NJ
SEARCH_004645,2024-09-05,TN
SEARCH_004646,2024-09-05,FL
SEARCH_004647,2024-09-05,TX
SEARCH_004648,2024-09-05,AZ
SEARCH_004649,2024-09-05,NC
SEARCH_004650,2024-09-05,CA
SEARCH_004651,2024-09-05,PA
SEARCH_004652,2024-09-06,NY
SEARCH_004653,2024-09-06,AZ
SEARCH_004654,2024-09-06,CA
SEARCH_004655,2024-09-06,SC
SEARCH_004656,2024-09-06,SC
SEARCH_004657,2024-09-06,CA
SEARCH_004658,2024-09-06,FL
SEARCH_004659,2024-09-06,ME
SEARCH_004660,2024-09-06,PA
SEARCH_004661,2024-09-06,IN
SEARCH_004662,2024-09-06,OR
SEARCH_004663,2024-09-06,CA
SEARCH_004664,2024-09-06,NY
SEARCH_004665,2024-09-06,CA
SEARCH_004666,2024-09-06,MO
SEARCH_004667,2024-09-06,TN
SEARCH_004668,2024-09-07,IL
SEARCH_004669,2024-09-07,TX
SEARCH_004670,2024-09-07,TX
SEARCH_004671,2024-09-07,KS
SEARCH_004672,2024-09-07,PA
SEARCH_004673,2024-09-07,GA
SEARCH_004674,2024-09-07,GA
SEARCH_004675,2024-09-07,IL
SEARCH_004676,2024-09-08,MN
SEARCH_004677,2024-09-08,MI
SEARCH_004678,2024-09-08,MI
SEARCH_004679,2024-09-08,MN
SEARCH_004680,2024-09-08,NJ
SEARCH_004681,2024-09-09,CA
SEARCH_004682,2024-09-09,CA
SEARCH_004683,2024-09-09,TX
SEARCH_004684,2024-09-09,NC
SEARCH_004685,2024-09-09,FL
SEARCH_004686,2024-09-09,UT
SEARCH_004687,2024-09-09,IL
SEARCH_004688,2024-09-10,OK
SEARCH_004689,2024-09-10,MD
SEARCH_004690,2024-09-10,GA
SEARCH_004691,2024-09-10,TX
SEARCH_004692,2024-09-11,TX
SEARCH_004693,2024-09-11,MI
SEARCH_004694,2024-09-11,OK
SEARCH_004695,2024-09-11,AL
SEARCH_004696,2024-09-11,NY
SEARCH_004697,2024-09-11,CA
SEARCH_004698,2024-09-11,MD
SEARCH_004699,2024-09-11,FL
SEARCH_004700,2024-09-11,OH
SEARCH_004701,2024-09-12,MI
SEARCH_004702,2024-09-12,TX
SEARCH_004703,2024-09-12,CA
SEARCH_004704,2024-09-12,CT
SEARCH_004705,2024-09-12,WA
SEARCH_004706,2024-09-12,NY
SEARCH_004707,2024-09-12,AZ
SEARCH_004708,2024-09-12,NC
SEARCH_004709,2024-09-13,GA
SEARCH_004710,2024-09-13,MI
SEARCH_004711,2024-09-13,ID
SEARCH_004712,2024-09-14,IL
SEARCH_004713,2024-09-14,IA
SEARCH_004714,2024-09-15,MN
SEARCH_004715,2024-09-15,OH
SEARCH_004716,2024-09-15,CA
SEARCH_004717,2024-09-15,MA
SEARCH_004718,2024-09-15,WA
SEARCH_004719,2024-09-15,MI
SEARCH_004720,2024-09-16,PA
SEARCH_004721,2024-09-16,TX
SEARCH_004722,2024-09-16,AR
SEARCH_004723,2024-09-16,TX
SEARCH_004724,2024-09-16,TX
SEARCH_004725,2024-09-16,CA
SEARCH_004726,2024-09-16,MD
SEARCH_004727,2024-09-16,MS
SEARCH_004728,2024-09-17,PA
SEARCH_004729,2024-09-17,WA
SEARCH_004730,2024-09-17,NY
SEARCH_004731,2024-09-17,AL
SEARCH_004732,2024-09-17,KY
SEARCH_004733,2024-09-17,HI
SEARCH_004734,2024-09-17,WI
SEARCH_004735,2024-09-17,CA
SEARCH_004736,2024-09-18,PA
SEARCH_004737,2024-09-18,KS
SEARCH_004738,2024-09-18,PA
SEARCH_004739,2024-09-18,CA
SEARCH_004740,2024-09-19,CA
SEARCH_004741,2024-09-19,WA
SEARCH_004742,2024-09-20,TX
SEARCH_004743,2024-09-20,FL
SEARCH_004744,2024-09-20,NC
SEARCH_004745,2024-09-20,MI
SEARCH_004746,2024-09-20,CA
SEARCH_004747,2024-09-20,CA
SEARCH_004748,2024-09-20,SC
SEARCH_004749,2024-09-21,CA
SEARCH_004750,2024-09-21,GA
SEARCH_004751,2024-09-21,CA
SEARCH_004752,2024-09-21,SD
SEARCH_004753,2024-09-21,NE
SEARCH_004754,2024-09-21,CA
SEARCH_004755,2024-09-21,UT
SEARCH_004756,2024-09-22,MD
SEARCH_004757,2024-09-22,CA
SEARCH_004758,2024-09-22,RI
SEARCH_004759,2024-09-22,FL
SEARCH_004760,2024-09-22,TN
SEARCH_004761,2024-09-22,MI
SEARCH_004762,2024-09-23,NJ
SEARCH_004763,2024-09-23,SC
SEARCH_004764,2024-09-23,NC
SEARCH_004765,2024-09-23,MS
SEARCH_004766,2024-09-23,MA
SEARCH_004767,2024-09-23,TN
SEARCH_004768,2024-09-24,FL
SEARCH_004769,2024-09-24,CA
SEARCH_004770,2024-09-24,CA
SEARCH_004771,2024-09-24,VA
SEARCH_004772,2024-09-24,MD
SEARCH_004773,2024-09-24,PA
SEARCH_004774,2024-09-25,HI
SEARCH_004775,2024-09-25,FL
SEARCH_004776,2024-09-25,AZ
SEARCH_004777,2024-09-25,CT
SEARCH_004778,2024-09-25,ME
SEARCH_004779,2024-09-25,NY
SEARCH_004780,2024-09-25,CA
SEARCH_004781,2024-09-25,MI
SEARCH_004782,2024-09-25,NC
SEARCH_004783,2024-09-25,IL
SEARCH_004784,2024-09-25,FL
SEARCH_004785,2024-09-26,MA
SEARCH_004786,2024-09-26,VA
SEARCH_004787,2024-09-26,VA
SEARCH_004788,2024-09-26,MN
SEARCH_004789,2024-09-26,SD
SEARCH_004790,2024-09-26,CA
SEARCH_004791,2024-09-26,CA
SEARCH_004792,2024-09-26,CA
SEARCH_004793,2024-09-26,TX
SEARCH_004794,2024-09-26,PA
SEARCH_004795,2024-09-27,GA
SEARCH_004796,2024-09-27,FL
SEARCH_004797,2024-09-28,MN
SEARCH_004798,2024-09-28,LA
SEARCH_004799,2024-09-28,MD
SEARCH_004800,2024-09-28,TX
SEARCH_004801,2024-09-28,NC
SEARCH_004802,2024-09-28,CA
SEARCH_004803,2024-09-28,MD
SEARCH_004804,2024-09-28,NC
SEARCH_004805,2024-09-29,GA
SEARCH_004806,2024-09-29,NY
SEARCH_004807,2024-09-29,KY
SEARCH_004808,2024-09-29,CA
SEARCH_004809,2024-09-29,CA
SEARCH_004810,2024-09-29,CT
SEARCH_004811,2024-09-30,NY
SEARCH_004812,2024-09-30,LA
SEARCH_004813,2024-09-30,NY
SEARCH_004814,2024-09-30,CA
SEARCH_004815,2024-10-01,CO
SEARCH_004816,2024-10-01,NY
SEARCH_004817,2024-10-01,IA
SEARCH_004818,2024-10-01,NC
SEARCH_004819,2024-10-01,NJ
SEARCH_004820,2024-10-02,MN
SEARCH_004821,2024-10-02,TX
SEARCH_004822,2024-10-02,UT
SEARCH_004823,2024-10-02,CA
SEARCH_004824,2024-10-02,UT
SEARCH_004825,2024-10-02,IN
SEARCH_004826,2024-10-03,IL
SEARCH_004827,2024-10-03,MD
SEARCH_004828,2024-10-03,OH
SEARCH_004829,2024-10-03,TX
SEARCH_004830,2024-10-03,LA
SEARCH_004831,2024-10-03,TX
SEARCH_004832,2024-10-03,NJ
SEARCH_004833,2024-10-03,TX
SEARCH_004834,2024-10-04,IL
SEARCH_004835,2024-10-04,SC
SEARCH_004836,2024-10-04,MD
SEARCH_004837,2024-10-04,PA
SEARCH_004838,2024-10-04,TX
SEARCH_004839,2024-10-04,AL
SEARCH_004840,2024-10-05,CA
SEARCH_004841,2024-10-05,OH
SEARCH_004842,2024-10-05,SC
SEARCH_004843,2024-10-05,CA
SEARCH_004844,2024-10-06,FL
SEARCH_004845,2024-10-07,TX
SEARCH_004846,2024-10-07,IN
SEARCH_004847,2024-10-07,TX
SEARCH_004848,2024-10-07,LA
SEARCH_004849,2024-10-07,WA
SEARCH_004850,2024-10-07,MS
SEARCH_004851,2024-10-07,NY
SEARCH_004852,2024-10-07,FL
SEARCH_004853,2024-10-07,GA
SEARCH_004854,2024-10-07,PA
SEARCH_004855,2024-10-08,OH
SEARCH_004856,2024-10-08,TX
SEARCH_004857,2024-10-08,MA
SEARCH_004858,2024-10-08,VA
SEARCH_004859,2024-10-08,GA
SEARCH_004860,2024-10-08,TX
SEARCH_004861,2024-10-09,VA
SEARCH_004862,2024-10-09,FL
SEARCH_004863,2024-10-09,AL
SEARCH_004864,2024-10-09,SC
SEARCH_004865,2024-10-09,CA
SEARCH_004866,2024-10-09,MD
SEARCH_004867,2024-10-09,OH
SEARCH_004868,2024-10-10,CA
SEARCH_004869,2024-10-10,TN
SEARCH_004870,2024-10-10,HI
SEARCH_004871,2024-10-10,PA
SEARCH_004872,2024-10-10,CA
SEARCH_004873,2024-10-10,CA
SEARCH_004874,2024-10-10,NY
SEARCH_004875,2024-10-10,FL
SEARCH_004876,2024-10-10,FL
SEARCH_004877,2024-10-10,FL
SEARCH_004878,2024-10-10,UT
SEARCH_004879,2024-10-11,MD
SEARCH_004880,2024-10-11,FL
SEARCH_004881,2024-10-11,IL
SEARCH_004882,2024-10-11,FL
SEARCH_004883,2024-10-11,MI
SEARCH_004884,2024-10-11,ID
SEARCH_004885,2024-10-11,CA
SEARCH_004886,2024-10-11,CA
SEARCH_004887,2024-10-11,WV
SEARCH_004888,2024-10-12,MO
SEARCH_004889,2024-10-12,PA
SEARCH_004890,2024-10-12,MI
SEARCH_004891,2024-10-12,WA
SEARCH_004892,2024-10-12,OH
SEARCH_004893,2024-10-12,CA
SEARCH_004894,2024-10-12,FL
SEARCH_004895,2024-10-12,MN
SEARCH_004896,2024-10-13,NC
SEARCH_004897,2024-10-13,VA
SEARCH_004898,2024-10-13,FL
SEARCH_004899,2024-10-13,NC
SEARCH_004900,2024-10-13,NY
SEARCH_004901,2024-10-13,SC
SEARCH_004902,2024-10-13,NY
SEARCH_004903,2024-10-13,OH
SEARCH_004904,2024-10-13,NY
SEARCH_004905,2024-10-14,TX
SEARCH_004906,2024-10-14,CA
SEARCH_004907,2024-10-14,MI
SEARCH_004908,2024-10-14,OH
SEARCH_004909,2024-10-14,DC
SEARCH_004910,2024-10-14,NC
SEARCH_004911,2024-10-14,AZ
SEARCH_004912,2024-10-15,TX
SEARCH_004913,2024-10-15,TX
SEARCH_004914,2024-10-15,TX
SEARCH_004915,2024-10-15,CA
SEARCH_004916,2024-10-15,PA
SEARCH_004917,2024-10-15,HI
SEARCH_004918,2024-10-15,NY
SEARCH_004919,2024-10-15,NY
SEARCH_004920,2024-10-16,FL
SEARCH_004921,2024-10-16,WA
SEARCH_004922,2024-10-16,OR
SEARCH_004923,2024-10-16,VA
SEARCH_004924,2024-10-16,OK
SEARCH_004925,2024-10-16,NV
SEARCH_004926,2024-10-16,VA
SEARCH_004927,2024-10-17,IL
SEARCH_004928,2024-10-17,PA
SEARCH_004929,2024-10-17,NY
SEARCH_004930,2024-10-17,CA
SEARCH_004931,2024-10-17,NJ
SEARCH_004932,2024-10-17,DC
SEARCH_004933,2024-10-17,TX
SEARCH_004934,2024-10-17,FL
SEARCH_004935,2024-10-18,NY
SEARCH_004936,2024-10-18,KS
SEARCH_004937,2024-10-18,IN
SEARCH_004938,2024-10-18,FL
SEARCH_004939,2024-10-18,KY
SEARCH_004940,2024-10-18,PA
SEARCH_004941,2024-10-18,IL
SEARCH_004942,2024-10-18,CA
SEARCH_004943,2024-10-18,MD
SEARCH_004944,2024-10-18,TN
SEARCH_004945,2024-10-18,OR
SEARCH_004946,2024-10-18,OH
SEARCH_004947,2024-10-18,NY
SEARCH_004948,2024-10-19,MD
SEARCH_004949,2024-10-19,CA
SEARCH_004950,2024-10-19,AL
SEARCH_004951,2024-10-20,NC
SEARCH_004952,2024-10-20,NE
SEARCH_004953,2024-10-20,WI
SEARCH_004954,2024-10-20,CA
SEARCH_004955,2024-10-20,CA
SEARCH_004956,2024-10-20,TX
SEARCH_004957,2024-10-20,PA
SEARCH_004958,2024-10-20,NY
SEARCH_004959,2024-10-20,FL
SEARCH_004960,2024-10-20,CA
SEARCH_004961,2024-10-21,TN
SEARCH_004962,2024-10-21,TN
SEARCH_004963,2024-10-21,WA
SEARCH_004964,2024-10-21,TN
SEARCH_004965,2024-10-21,FL
SEARCH_004966,2024-10-21,NY
SEARCH_004967,2024-10-21,WA
SEARCH_004968,2024-10-21,MA
SEARCH_004969,2024-10-22,GA
SEARCH_004970,2024-10-22,TX
SEARCH_004971,2024-10-22,NC
SEARCH_004972,2024-10-22,MN
SEARCH_004973,2024-10-22,CA
SEARCH_004974,2024-10-22,NY
SEARCH_004975,2024-10-22,IL
SEARCH_004976,2024-10-23,MA
SEARCH_004977,2024-10-23,FL
SEARCH_004978,2024-10-23,CA
SEARCH_004979,2024-10-24,AZ
SEARCH_004980,2024-10-24,FL
SEARCH_004981,2024-10-24,FL
SEARCH_004982,2024-10-24,CO
SEARCH_004983,2024-10-24,TN
SEARCH_004984,2024-10-24,CA
SEARCH_004985,2024-10-24,MA
SEARCH_004986,2024-10-24,MD
SEARCH_004987,2024-10-24,DE
SEARCH_004988,2024-10-24,WI
SEARCH_004989,2024-10-24,WA
SEARCH_004990,2024-10-25,MO
SEARCH_004991,2024-10-25,NJ
SEARCH_004992,2024-10-25,GA
SEARCH_004993,2024-10-25,VT
SEARCH_004994,2024-10-25,KY
SEARCH_004995,2024-10-25,FL
SEARCH_004996,2024-10-25,ID
SEARCH_004997,2024-10-25,IL
SEARCH_004998,2024-10-25,NJ
SEARCH_004999,2024-10-26,GA
SEARCH_005000,2024-10-26,ID
SEARCH_005001,2024-10-26,CA
SEARCH_005002,2024-10-26,IL
SEARCH_005003,2024-10-26,MD
SEARCH_005004,2024-10-26,MA
SEARCH_005005,2024-10-26,AZ
SEARCH_005006,2024-10-27,IL
SEARCH_005007,2024-10-27,MS
SEARCH_005008,2024-10-27,CA
SEARCH_005009,2024-10-28,MA
SEARCH_005010,2024-10-28,MI
SEARCH_005011,2024-10-28,TX
SEARCH_005012,2024-10-28,MI
SEARCH_005013,2024-10-28,NY
SEARCH_005014,2024-10-28,KY
SEARCH_005015,2024-10-28,LA
SEARCH_005016,2024-10-28,TX
SEARCH_005017,2024-10-29,FL
SEARCH_005018,2024-10-29,OH
SEARCH_005019,2024-10-29,FL
SEARCH_005020,2024-10-29,NY
SEARCH_005021,2024-10-29,CA
SEARCH_005022,2024-10-29,CA
SEARCH_005023,2024-10-29,FL
SEARCH_005024,2024-10-29,NC
SEARCH_005025,2024-10-30,IA
SEARCH_005026,2024-10-30,FL
SEARCH_005027,2024-10-30,AR
SEARCH_005028,2024-10-30,NV
SEARCH_005029,2024-10-30,CA
SEARCH_005030,2024-10-30,NY
SEARCH_005031,2024-10-30,NJ
SEARCH_005032,2024-10-31,MD
SEARCH_005033,2024-10-31,NY
SEARCH_005034,2024-10-31,PA
SEARCH_005035,2024-10-31,AZ
SEARCH_005036,2024-11-01,CA
SEARCH_005037,2024-11-01,PA
SEARCH_005038,2024-11-01,IN
SEARCH_005039,2024-11-01,GA
SEARCH_005040,2024-11-01,DE
SEARCH_005041,2024-11-02,RI
SEARCH_005042,2024-11-02,OH
SEARCH_005043,2024-11-02,KY
SEARCH_005044,2024-11-02,GA
SEARCH_005045,2024-11-02,TX
SEARCH_005046,2024-11-02,CA
SEARCH_005047,2024-11-02,TX
SEARCH_005048,2024-11-02,MI
SEARCH_005049,2024-11-02,OH
SEARCH_005050,2024-11-03,CA
SEARCH_005051,2024-11-03,TX
SEARCH_005052,2024-11-03,CT
SEARCH_005053,2024-11-03,CA
SEARCH_005054,2024-11-03,OR
SEARCH_005055,2024-11-03,MI
SEARCH_005056,2024-11-03,OR
SEARCH_005057,2024-11-03,NC
SEARCH_005058,2024-11-03,VA
SEARCH_005059,2024-11-03,CA
SEARCH_005060,2024-11-03,CA
SEARCH_005061,2024-11-04,MI
SEARCH_005062,2024-11-04,MA
SEARCH_005063,2024-11-04,MD
SEARCH_005064,2024-11-04,LA
SEARCH_005065,2024-11-04,TX
SEARCH_005066,2024-11-04,TN
SEARCH_005067,2024-11-04,KY
SEARCH_005068,2024-11-04,NJ
SEARCH_005069,2024-11-04,NC
SEARCH_005070,2024-11-04,TX
SEARCH_005071,2024-11-05,IL
SEARCH_005072,2024-11-05,AZ
SEARCH_005073,2024-11-05,LA
SEARCH_005074,2024-11-05,CA
SEARCH_005075,2024-11-05,UT
SEARCH_005076,2024-11-05,MO
SEARCH_005077,2024-11-05,NY
SEARCH_005078,2024-11-06,CA
SEARCH_005079,2024-11-06,WA
SEARCH_005080,2024-11-06,VA
SEARCH_005081,2024-11-06,IL
SEARCH_005082,2024-11-06,TX
SEARCH_005083,2024-11-06,AZ
SEARCH_005084,2024-11-06,OH
SEARCH_005085,2024-11-06,NJ
SEARCH_005086,2024-11-06,OR
SEARCH_005087,2024-11-06,NV
SEARCH_005088,2024-11-07,NY
SEARCH_005089,2024-11-07,VA
SEARCH_005090,2024-11-07,CA
SEARCH_005091,2024-11-07,WI
SEARCH_005092,2024-11-07,TN
SEARCH_005093,2024-11-07,OH
SEARCH_005094,2024-11-07,TX
SEARCH_005095,2024-11-07,MA
SEARCH_005096,2024-11-08,KY
SEARCH_005097,2024-11-08,FL
SEARCH_005098,2024-11-08,KY
SEARCH_005099,2024-11-08,CO
SEARCH_005100,2024-11-08,NV
SEARCH_005101,2024-11-08,MA
SEARCH_005102,2024-11-08,FL
SEARCH_005103,2024-11-08,OK
SEARCH_005104,2024-11-09,CA
SEARCH_005105,2024-11-09,PA
SEARCH_005106,2024-11-09,WA
SEARCH_005107,2024-11-09,NY
SEARCH_005108,2024-11-09,CA
SEARCH_005109,2024-11-09,FL
SEARCH_005110,2024-11-09,SD
SEARCH_005111,2024-11-09,FL
SEARCH_005112,2024-11-10,PA
SEARCH_005113,2024-11-10,MI
SEARCH_005114,2024-11-10,GA
SEARCH_005115,2024-11-10,MA
SEARCH_005116,2024-11-10,IN
SEARCH_005117,2024-11-11,IN
SEARCH_005118,2024-11-11,OH
SEARCH_005119,2024-11-11,NY
SEARCH_005120,2024-11-11,MO
SEARCH_005121,2024-11-11,PA
SEARCH_005122,2024-11-11,TX
SEARCH_005123,2024-11-11,IA
SEARCH_005124,2024-11-11,AZ
SEARCH_005125,2024-11-11,MN
SEARCH_005126,2024-11-11,NC
SEARCH_005127,2024-11-11,WI
SEARCH_005128,2024-11-11,AR
SEARCH_005129,2024-11-11,TX
SEARCH_005130,2024-11-12,AL
SEARCH_005131,2024-11-12,TN
SEARCH_005132,2024-11-12,NM
SEARCH_005133,2024-11-12,TX
SEARCH_005134,2024-11-12,CT
SEARCH_005135,2024-11-12,MD
SEARCH_005136,2024-11-13,MS
SEARCH_005137,2024-11-13,NY
SEARCH_005138,2024-11-13,PA
SEARCH_005139,2024-11-13,CA
SEARCH_005140,2024-11-13,WI
SEARCH_005141,2024-11-13,WA
SEARCH_005142,2024-11-14,CA
SEARCH_005143,2024-11-14,FL
SEARCH_005144,2024-11-14,AZ
SEARCH_005145,2024-11-14,NY
SEARCH_005146,2024-11-14,SC
SEARCH_005147,2024-11-14,CT
SEARCH_005148,2024-11-14,WI
SEARCH_005149,2024-11-14,NC
SEARCH_005150,2024-11-14,TN
SEARCH_005151,2024-11-14,OH
SEARCH_005152,2024-11-14,GA
SEARCH_005153,2024-11-14,FL
SEARCH_005154,2024-11-15,MA
SEARCH_005155,2024-11-15,NH
SEARCH_005156,2024-11-15,NY
SEARCH_005157,2024-11-15,AR
SEARCH_005158,2024-11-15,NY
SEARCH_005159,2024-11-15,WI
SEARCH_005160,2024-11-15,CA
SEARCH_005161,2024-11-15,FL
SEARCH_005162,2024-11-15,CA
SEARCH_005163,2024-11-15,CT
SEARCH_005164,2024-11-15,CT
SEARCH_005165,2024-11-15,RI
SEARCH_005166,2024-11-16,CA
SEARCH_005167,2024-11-16,MS
SEARCH_005168,2024-11-16,VA
SEARCH_005169,2024-11-16,VA
SEARCH_005170,2024-11-16,IN
SEARCH_005171,2024-11-16,NM
SEARCH_005172,2024-11-16,TX
SEARCH_005173,2024-11-16,AZ
SEARCH_005174,2024-11-16,OK
SEARCH_005175,2024-11-17,CA
SEARCH_005176,2024-11-17,CA
SEARCH_005177,2024-11-17,TX
SEARCH_005178,2024-11-17,NY
SEARCH_005179,2024-11-17,TX
SEARCH_005180,2024-11-17,OH
SEARCH_005181,2024-11-18,TX
SEARCH_005182,2024-11-18,FL
SEARCH_005183,2024-11-18,RI
SEARCH_005184,2024-11-18,GA
SEARCH_005185,2024-11-18,AZ
SEARCH_005186,2024-11-18,CA
SEARCH_005187,2024-11-18,NC
SEARCH_005188,2024-11-18,OK
SEARCH_005189,2024-11-18,NV
SEARCH_005190,2024-11-18,NC
SEARCH_005191,2024-11-18,NJ
SEARCH_005192,2024-11-19,WA
SEARCH_005193,2024-11-19,CA
SEARCH_005194,2024-11-19,IL
SEARCH_005195,2024-11-19,NY
SEARCH_005196,2024-11-19,CA
SEARCH_005197,2024-11-19,TX
SEARCH_005198,2024-11-19,MO
SEARCH_005199,2024-11-19,MD
SEARCH_005200,2024-11-19,CA
SEARCH_005201,2024-11-19,NY
SEARCH_005202,2024-11-19,TX
SEARCH_005203,2024-11-19,MI
SEARCH_005204,2024-11-19,SD
SEARCH_005205,2024-11-20,OR
SEARCH_005206,2024-11-20,CA
SEARCH_005207,2024-11-20,MD
SEARCH_005208,2024-11-20,IL
SEARCH_005209,2024-11-20,IL
SEARCH_005210,2024-11-20,CA
SEARCH_005211,2024-11-20,GA
SEARCH_005212,2024-11-20,MN
SEARCH_005213,2024-11-21,TN
SEARCH_005214,2024-11-21,IL
SEARCH_005215,2024-11-22,FL
SEARCH_005216,2024-11-22,PA
SEARCH_005217,2024-11-22,VA
SEARCH_005218,2024-11-22,WV
SEARCH_005219,2024-11-22,CA
SEARCH_005220,2024-11-22,TX
SEARCH_005221,2024-11-22,WV
SEARCH_005222,2024-11-23,MA
SEARCH_005223,2024-11-23,WA
SEARCH_005224,2024-11-23,MI
SEARCH_005225,2024-11-23,MD
SEARCH_005226,2024-11-23,FL
SEARCH_005227,2024-11-23,NH
SEARCH_005228,2024-11-23,NJ
SEARCH_005229,2024-11-23,CA
SEARCH_005230,2024-11-24,SD
SEARCH_005231,2024-11-24,TN
SEARCH_005232,2024-11-24,IL
SEARCH_005233,2024-11-24,SC
SEARCH_005234,2024-11-24,NY
SEARCH_005235,2024-11-24,TX
SEARCH_005236,2024-11-24,IN
SEARCH_005237,2024-11-24,MO
SEARCH_005238,2024-11-24,IA
SEARCH_005239,2024-11-24,CA
SEARCH_005240,2024-11-24,NY
SEARCH_005241,2024-11-25,NJ
SEARCH_005242,2024-11-25,MS
SEARCH_005243,2024-11-25,CA
SEARCH_005244,2024-11-25,OH
SEARCH_005245,2024-11-25,CA
SEARCH_005246,2024-11-25,TN
SEARCH_005247,2024-11-25,NY
SEARCH_005248,2024-11-25,KY
SEARCH_005249,2024-11-25,TN
SEARCH_005250,2024-11-25,MO
SEARCH_005251,2024-11-25,FL
SEARCH_005252,2024-11-26,MA
SEARCH_005253,2024-11-26,CA
SEARCH_005254,2024-11-26,FL
SEARCH_005255,2024-11-26,CA
SEARCH_005256,2024-11-26,WV
SEARCH_005257,2024-11-27,LA
SEARCH_005258,2024-11-27,SD
SEARCH_005259,2024-11-27,MD
SEARCH_005260,2024-11-27,WA
SEARCH_005261,2024-11-27,VA
SEARCH_005262,2024-11-27,PA
SEARCH_005263,2024-11-27,WI
SEARCH_005264,2024-11-27,NY
SEARCH_005265,2024-11-27,AL
SEARCH_005266,2024-11-27,TN
SEARCH_005267,2024-11-27,MI
SEARCH_005268,2024-11-27,WI
SEARCH_005269,2024-11-27,TX
SEARCH_005270,2024-11-28,OR
SEARCH_005271,2024-11-28,NY
SEARCH_005272,2024-11-28,NJ
SEARCH_005273,2024-11-28,FL
SEARCH_005274,2024-11-28,FL
SEARCH_005275,2024-11-28,CA
SEARCH_005276,2024-11-28,NY
SEARCH_005277,2024-11-28,NJ
SEARCH_005278,2024-11-28,PA
SEARCH_005279,2024-11-28,NC
SEARCH_005280,2024-11-29,CA
SEARCH_005281,2024-11-29,AZ
SEARCH_005282,2024-11-29,AZ
SEARCH_005283,2024-11-29,TX
SEARCH_005284,2024-11-29,PA
SEARCH_005285,2024-11-30,AL
SEARCH_005286,2024-11-30,TN
SEARCH_005287,2024-11-30,WI
SEARCH_005288,2024-11-30,MI
SEARCH_005289,2024-11-30,HI
SEARCH_005290,2024-11-30,FL
SEARCH_005291,2024-11-30,CA
SEARCH_005292,2024-12-01,GA
SEARCH_005293,2024-12-01,IN
SEARCH_005294,2024-12-01,OH
SEARCH_005295,2024-12-01,UT
SEARCH_005296,2024-12-01,KS
SEARCH_005297,2024-12-01,WI
SEARCH_005298,2024-12-01,MS
SEARCH_005299,2024-12-01,MA
SEARCH_005300,2024-12-01,GA
SEARCH_005301,2024-12-02,MO
SEARCH_005302,2024-12-02,MA
SEARCH_005303,2024-12-02,TX
SEARCH_005304,2024-12-02,FL
SEARCH_005305,2024-12-02,WI
SEARCH_005306,2024-12-02,TX
SEARCH_005307,2024-12-02,MA
SEARCH_005308,2024-12-02,MA
SEARCH_005309,2024-12-02,FL
SEARCH_005310,2024-12-02,HI
SEARCH_005311,2024-12-02,IN
SEARCH_005312,2024-12-02,CA
SEARCH_005313,2024-12-02,CA
SEARCH_005314,2024-12-02,AL
SEARCH_005315,2024-12-03,NY
SEARCH_005316,2024-12-03,TX
SEARCH_005317,2024-12-03,WI
SEARCH_005318,2024-12-03,NC
SEARCH_005319,2024-12-03,MN
SEARCH_005320,2024-12-03,CO
SEARCH_005321,2024-12-03,SC
SEARCH_005322,2024-12-03,CA
SEARCH_005323,2024-12-03,MO
SEARCH_005324,2024-12-04,CA
SEARCH_005325,2024-12-04,WA
SEARCH_005326,2024-12-04,MN
SEARCH_005327,2024-12-04,IL
SEARCH_005328,2024-12-04,LA
SEARCH_005329,2024-12-04,IN
SEARCH_005330,2024-12-04,OH
SEARCH_005331,2024-12-04,MA
SEARCH_005332,2024-12-04,CA
SEARCH_005333,2024-12-05,HI
SEARCH_005334,2024-12-05,OH
SEARCH_005335,2024-12-05,MO
SEARCH_005336,2024-12-05,IN
SEARCH_005337,2024-12-05,FL
SEARCH_005338,2024-12-05,VA
SEARCH_005339,2024-12-06,PA
SEARCH_005340,2024-12-06,IL
SEARCH_005341,2024-12-06,IL
SEARCH_005342,2024-12-06,NH
SEARCH_005343,2024-12-06,MA
SEARCH_005344,2024-12-06,GA
SEARCH_005345,2024-12-06,FL
SEARCH_005346,2024-12-07,TX
SEARCH_005347,2024-12-07,NY
SEARCH_005348,2024-12-07,UT
SEARCH_005349,2024-12-07,AZ
SEARCH_005350,2024-12-08,LA
SEARCH_005351,2024-12-08,CT
SEARCH_005352,2024-12-09,NC
SEARCH_005353,2024-12-09,IL
SEARCH_005354,2024-12-09,UT
SEARCH_005355,2024-12-09,WI
SEARCH_005356,2024-12-10,NM
SEARCH_005357,2024-12-10,NC
SEARCH_005358,2024-12-10,NC
SEARCH_005359,2024-12-10,CA
SEARCH_005360,2024-12-10,LA
SEARCH_005361,2024-12-10,CT
SEARCH_005362,2024-12-10,OR
SEARCH_005363,2024-12-11,UT
SEARCH_005364,2024-12-11,WA
SEARCH_005365,2024-12-11,NC
SEARCH_005366,2024-12-11,CA
SEARCH_005367,2024-12-11,TX
SEARCH_005368,2024-12-11,MN
SEARCH_005369,2024-12-11,IL
SEARCH_005370,2024-12-11,CA
SEARCH_005371,2024-12-11,IA
SEARCH_005372,2024-12-11,PA
SEARCH_005373,2024-12-11,AR
SEARCH_005374,2024-12-11,NY
SEARCH_005375,2024-12-12,FL
SEARCH_005376,2024-12-12,CA
SEARCH_005377,2024-12-12,NC
SEARCH_005378,2024-12-12,CA
SEARCH_005379,2024-12-12,FL
SEARCH_005380,2024-12-12,CA
SEARCH_005381,2024-12-12,OK
SEARCH_005382,2024-12-13,WI
SEARCH_005383,2024-12-13,WI
SEARCH_005384,2024-12-13,MS
SEARCH_005385,2024-12-13,CT
SEARCH_005386,2024-12-13,CA
SEARCH_005387,2024-12-13,TX
SEARCH_005388,2024-12-13,NC
SEARCH_005389,2024-12-14,PA
SEARCH_005390,2024-12-14,CA
SEARCH_005391,2024-12-14,MO
SEARCH_005392,2024-12-14,NY
SEARCH_005393,2024-12-14,IL
SEARCH_005394,2024-12-14,CA
SEARCH_005395,2024-12-14,MO
SEARCH_005396,2024-12-14,SC
SEARCH_005397,2024-12-14,NY
SEARCH_005398,2024-12-14,WA
SEARCH_005399,2024-12-14,WA
SEARCH_005400,2024-12-15,GA
SEARCH_005401,2024-12-15,TN
SEARCH_005402,2024-12-15,NC
SEARCH_005403,2024-12-15,CA
SEARCH_005404,2024-12-15,UT
SEARCH_005405,2024-12-15,IL
SEARCH_005406,2024-12-15,ME
SEARCH_005407,2024-12-15,NJ
SEARCH_005408,2024-12-15,FL
SEARCH_005409,2024-12-16,AL
SEARCH_005410,2024-12-16,LA
SEARCH_005411,2024-12-16,NY
SEARCH_005412,2024-12-16,GA
SEARCH_005413,2024-12-16,IL
SEARCH_005414,2024-12-16,TX
SEARCH_005415,2024-12-16,IL
SEARCH_005416,2024-12-17,IL
SEARCH_005417,2024-12-17,NC
SEARCH_005418,2024-12-17,NC
SEARCH_005419,2024-12-17,SC
SEARCH_005420,2024-12-18,MO
SEARCH_005421,2024-12-18,MO
SEARCH_005422,2024-12-18,NV
SEARCH_005423,2024-12-18,LA
SEARCH_005424,2024-12-18,CA
SEARCH_005425,2024-12-19,TX
SEARCH_005426,2024-12-19,WI
SEARCH_005427,2024-12-19,FL
SEARCH_005428,2024-12-19,AZ
SEARCH_005429,2024-12-19,LA
SEARCH_005430,2024-12-19,PA
SEARCH_005431,2024-12-19,FL
SEARCH_005432,2024-12-19,NY
SEARCH_005433,2024-12-19,CA
SEARCH_005434,2024-12-19,MI
SEARCH_005435,2024-12-19,CA
SEARCH_005436,2024-12-19,CA
SEARCH_005437,2024-12-19,WV
SEARCH_005438,2024-12-20,TX
SEARCH_005439,2024-12-20,WA
SEARCH_005440,2024-12-20,CA
SEARCH_005441,2024-12-20,CA
SEARCH_005442,2024-12-20,IN
SEARCH_005443,2024-12-20,NY
SEARCH_005444,2024-12-20,FL
SEARCH_005445,2024-12-20,AK
SEARCH_005446,2024-12-20,CA
SEARCH_005447,2024-12-20,NC
SEARCH_005448,2024-12-20,KY
SEARCH_005449,2024-12-20,CA
SEARCH_005450,2024-12-20,VA
SEARCH_005451,2024-12-21,CA
SEARCH_005452,2024-12-21,PA
SEARCH_005453,2024-12-22,CA
SEARCH_005454,2024-12-23,MO
SEARCH_005455,2024-12-23,OK
SEARCH_005456,2024-12-23,UT
SEARCH_005457,2024-12-23,NY
SEARCH_005458,2024-12-23,PA
SEARCH_005459,2024-12-23,PA
SEARCH_005460,2024-12-23,NJ
SEARCH_005461,2024-12-23,CA
SEARCH_005462,2024-12-23,FL
SEARCH_005463,2024-12-23,MS
SEARCH_005464,2024-12-23,GA
SEARCH_005465,2024-12-23,TX
SEARCH_005466,2024-12-23,FL
SEARCH_005467,2024-12-23,NC
SEARCH_005468,2024-12-23,GA
SEARCH_005469,2024-12-23,FL
SEARCH_005470,2024-12-24,VA
SEARCH_005471,2024-12-24,CA
SEARCH_005472,2024-12-24,NC
SEARCH_005473,2024-12-24,GA
SEARCH_005474,2024-12-24,AL
SEARCH_005475,2024-12-24,TN
SEARCH_005476,2024-12-24,CT
SEARCH_005477,2024-12-25,CA
SEARCH_005478,2024-12-25,TN
SEARCH_005479,2024-12-25,MA
SEARCH_005480,2024-12-25,SC
SEARCH_005481,2024-12-25,FL
SEARCH_005482,2024-12-25,VA
SEARCH_005483,2024-12-25,TX
SEARCH_005484,2024-12-25,UT
SEARCH_005485,2024-12-25,VA
SEARCH_005486,2024-12-26,VA
SEARCH_005487,2024-12-26,NC
SEARCH_005488,2024-12-26,MI
SEARCH_005489,2024-12-26,FL
SEARCH_005490,2024-12-26,WI
SEARCH_005491,2024-12-26,MO
SEARCH_005492,2024-12-26,FL
SEARCH_005493,2024-12-26,NC
SEARCH_005494,2024-12-26,FL
SEARCH_005495,2024-12-26,AL
SEARCH_005496,2024-12-27,IL
SEARCH_005497,2024-12-27,MD
SEARCH_005498,2024-12-27,MI
SEARCH_005499,2024-12-27,NE
SEARCH_005500,2024-12-27,VA
SEARCH_005501,2024-12-28,IN
SEARCH_005502,2024-12-28,MO
SEARCH_005503,2024-12-28,AZ
SEARCH_005504,2024-12-28,IL
SEARCH_005505,2024-12-28,UT
SEARCH_005506,2024-12-29,HI
SEARCH_005507,2024-12-29,CA
SEARCH_005508,2024-12-30,VA
SEARCH_005509,2024-12-30,MI
SEARCH_005510,2024-12-30,NY
SEARCH_005511,2024-12-30,MI
SEARCH_005512,2024-12-30,TX
SEARCH_005513,2024-12-30,GA
SEARCH_005514,2024-12-30,MN
SEARCH_005515,2024-12-31,NJ
SEARCH_005516,2024-12-31,WA
SEARCH_005517,2024-12-31,CA
SEARCH_005518,2024-12-31,MA
SEARCH_005519,2024-12-31,OK
SEARCH_005520,2025-01-01,NV
SEARCH_005521,2025-01-01,WI
SEARCH_005522,2025-01-01,CO
SEARCH_005523,2025-01-01,CA
SEARCH_005524,2025-01-01,NC
SEARCH_005525,2025-01-01,FL
SEARCH_005526,2025-01-01,GA
SEARCH_005527,2025-01-02,CA
SEARCH_005528,2025-01-02,OH
SEARCH_005529,2025-01-02,TN
SEARCH_005530,2025-01-02,OR
SEARCH_005531,2025-01-02,TN
SEARCH_005532,2025-01-02,MI
SEARCH_005533,2025-01-02,CO
SEARCH_005534,2025-01-02,MS
SEARCH_005535,2025-01-02,FL
SEARCH_005536,2025-01-02,TX
SEARCH_005537,2025-01-02,PA
SEARCH_005538,2025-01-02,TX
SEARCH_005539,2025-01-02,FL
SEARCH_005540,2025-01-03,VA
SEARCH_005541,2025-01-03,VA
SEARCH_005542,2025-01-03,NM
SEARCH_005543,2025-01-03,PA
SEARCH_005544,2025-01-03,AZ
SEARCH_005545,2025-01-03,TX
SEARCH_005546,2025-01-04,IL
SEARCH_005547,2025-01-04,CA
SEARCH_005548,2025-01-04,FL
SEARCH_005549,2025-01-04,CA
SEARCH_005550,2025-01-04,PA
SEARCH_005551,2025-01-05,LA
SEARCH_005552,2025-01-05,NY
SEARCH_005553,2025-01-06,NY
SEARCH_005554,2025-01-06,TX
SEARCH_005555,2025-01-06,IL
SEARCH_005556,2025-01-06,MN
SEARCH_005557,2025-01-06,GA
SEARCH_005558,2025-01-06,UT
SEARCH_005559,2025-01-06,PA
SEARCH_005560,2025-01-06,AZ
SEARCH_005561,2025-01-06,AZ
SEARCH_005562,2025-01-07,TX
SEARCH_005563,2025-01-07,WA
SEARCH_005564,2025-01-07,FL
SEARCH_005565,2025-01-07,FL
SEARCH_005566,2025-01-07,TN
SEARCH_005567,2025-01-07,TX
SEARCH_005568,2025-01-07,OR
SEARCH_005569,2025-01-07,IA
SEARCH_005570,2025-01-07,ME
SEARCH_005571,2025-01-08,ME
SEARCH_005572,2025-01-08,IN
SEARCH_005573,2025-01-08,NJ
SEARCH_005574,2025-01-08,IN
SEARCH_005575,2025-01-08,CA
SEARCH_005576,2025-01-08,CT
SEARCH_005577,2025-01-08,MO
SEARCH_005578,2025-01-08,OH
SEARCH_005579,2025-01-08,VA
SEARCH_005580,2025-01-09,NY
SEARCH_005581,2025-01-09,IA
SEARCH_005582,2025-01-09,CA
SEARCH_005583,2025-01-09,WA
SEARCH_005584,2025-01-09,NM
SEARCH_005585,2025-01-09,TX
SEARCH_005586,2025-01-09,WI
SEARCH_005587,2025-01-09,FL
SEARCH_005588,2025-01-09,FL
SEARCH_005589,2025-01-09,TX
SEARCH_005590,2025-01-09,LA
SEARCH_005591,2025-01-09,FL
SEARCH_005592,2025-01-10,NC
SEARCH_005593,2025-01-10,NY
SEARCH_005594,2025-01-10,IL
SEARCH_005595,2025-01-10,UT
SEARCH_005596,2025-01-10,AL
SEARCH_005597,2025-01-11,OK
SEARCH_005598,2025-01-11,NC
SEARCH_005599,2025-01-11,MA
SEARCH_005600,2025-01-11,LA
SEARCH_005601,2025-01-11,NY
SEARCH_005602,2025-01-11,OH
SEARCH_005603,2025-01-12,MN
SEARCH_005604,2025-01-12,VA
SEARCH_005605,2025-01-12,CO
SEARCH_005606,2025-01-12,FL
SEARCH_005607,2025-01-12,AR
SEARCH_005608,2025-01-12,IN
SEARCH_005609,2025-01-13,CA
SEARCH_005610,2025-01-13,OH
SEARCH_005611,2025-01-13,IL
SEARCH_005612,2025-01-13,AL
SEARCH_005613,2025-01-13,OH
SEARCH_005614,2025-01-13,NE
SEARCH_005615,2025-01-13,IL
SEARCH_005616,2025-01-13,CA
SEARCH_005617,2025-01-13,NY
SEARCH_005618,2025-01-14,NJ
SEARCH_005619,2025-01-14,MN
SEARCH_005620,2025-01-14,CA
SEARCH_005621,2025-01-14,FL
SEARCH_005622,2025-01-14,AZ
SEARCH_005623,2025-01-14,MT
SEARCH_005624,2025-01-14,MN
SEARCH_005625,2025-01-15,TX
SEARCH_005626,2025-01-15,SC
SEARCH_005627,2025-01-15,CA
SEARCH_005628,2025-01-15,WA
SEARCH_005629,2025-01-15,CA
SEARCH_005630,2025-01-15,TX
SEARCH_005631,2025-01-15,TX
SEARCH_005632,2025-01-15,TX
SEARCH_005633,2025-01-15,MN
SEARCH_005634,2025-01-15,PA
SEARCH_005635,2025-01-15,VA
SEARCH_005636,2025-01-15,AZ
SEARCH_005637,2025-01-15,NC
SEARCH_005638,2025-01-15,CA
SEARCH_005639,2025-01-16,PA
SEARCH_005640,2025-01-16,MO
SEARCH_005641,2025-01-16,MS
SEARCH_005642,2025-01-16,CA
SEARCH_005643,2025-01-16,CA
SEARCH_005644,2025-01-16,NJ
SEARCH_005645,2025-01-16,SC
SEARCH_005646,2025-01-16,MA
SEARCH_005647,2025-01-16,CA
SEARCH_005648,2025-01-16,NY
SEARCH_005649,2025-01-16,WI
SEARCH_005650,2025-01-16,IL
SEARCH_005651,2025-01-17,PA
SEARCH_005652,2025-01-17,VA
SEARCH_005653,2025-01-17,LA
SEARCH_005654,2025-01-17,TX
SEARCH_005655,2025-01-17,MD
SEARCH_005656,2025-01-17,WA
SEARCH_005657,2025-01-18,CA
SEARCH_005658,2025-01-18,NJ
SEARCH_005659,2025-01-18,CO
SEARCH_005660,2025-01-19,NY
SEARCH_005661,2025-01-19,TX
SEARCH_005662,2025-01-19,CA
SEARCH_005663,2025-01-19,MD
SEARCH_005664,2025-01-19,NY
SEARCH_005665,2025-01-19,FL
SEARCH_005666,2025-01-19,MD
SEARCH_005667,2025-01-20,CA
SEARCH_005668,2025-01-20,WI
SEARCH_005669,2025-01-20,OR
SEARCH_005670,2025-01-21,IL
SEARCH_005671,2025-01-21,FL
SEARCH_005672,2025-01-21,MI
SEARCH_005673,2025-01-21,NY
SEARCH_005674,2025-01-21,CO
SEARCH_005675,2025-01-21,FL
SEARCH_005676,2025-01-22,WI
SEARCH_005677,2025-01-22,GA
SEARCH_005678,2025-01-22,IA
SEARCH_005679,2025-01-22,FL
SEARCH_005680,2025-01-22,NC
SEARCH_005681,2025-01-22,LA
SEARCH_005682,2025-01-22,NJ
SEARCH_005683,2025-01-22,NC
SEARCH_005684,2025-01-22,WI
SEARCH_005685,2025-01-22,CO
SEARCH_005686,2025-01-23,LA
SEARCH_005687,2025-01-23,FL
SEARCH_005688,2025-01-23,GA
SEARCH_005689,2025-01-23,FL
SEARCH_005690,2025-01-23,OH
SEARCH_005691,2025-01-24,NY
SEARCH_005692,2025-01-24,NV
SEARCH_005693,2025-01-24,CO
SEARCH_005694,2025-01-24,TX
SEARCH_005695,2025-01-24,WA
SEARCH_005696,2025-01-24,AL
SEARCH_005697,2025-01-24,ID
SEARCH_005698,2025-01-24,IL
SEARCH_005699,2025-01-24,LA
SEARCH_005700,2025-01-25,TX
SEARCH_005701,2025-01-25,HI
SEARCH_005702,2025-01-25,IL
SEARCH_005703,2025-01-26,CA
SEARCH_005704,2025-01-26,CT
SEARCH_005705,2025-01-26,AZ
SEARCH_005706,2025-01-26,MS
SEARCH_005707,2025-01-26,LA
SEARCH_005708,2025-01-26,VA
SEARCH_005709,2025-01-26,FL
SEARCH_005710,2025-01-27,MA
SEARCH_005711,2025-01-27,MO
SEARCH_005712,2025-01-27,FL
SEARCH_005713,2025-01-27,AL
SEARCH_005714,2025-01-27,NJ
SEARCH_005715,2025-01-27,CO
SEARCH_005716,2025-01-27,CA
SEARCH_005717,2025-01-27,MN
SEARCH_005718,2025-01-27,TX
SEARCH_005719,2025-01-27,FL
SEARCH_005720,2025-01-27,UT
SEARCH_005721,2025-01-27,PA
SEARCH_005722,2025-01-28,MD
SEARCH_005723,2025-01-28,CA
SEARCH_005724,2025-01-28,MI
SEARCH_005725,2025-01-29,TX
SEARCH_005726,2025-01-29,CA
SEARCH_005727,2025-01-29,AL
SEARCH_005728,2025-01-29,KY
SEARCH_005729,2025-01-30,NY
SEARCH_005730,2025-01-30,OH
SEARCH_005731,2025-01-30,CO
SEARCH_005732,2025-01-30,NJ
SEARCH_005733,2025-01-30,NC
SEARCH_005734,2025-01-31,OH
SEARCH_005735,2025-01-31,CA
SEARCH_005736,2025-01-31,NY
SEARCH_005737,2025-01-31,MD
SEARCH_005738,2025-01-31,CT
SEARCH_005739,2025-01-31,TX
SEARCH_005740,2025-01-31,WA
SEARCH_005741,2025-01-31,MI
SEARCH_005742,2025-01-31,IN
SEARCH_005743,2025-02-01,CT
SEARCH_005744,2025-02-01,CA
SEARCH_005745,2025-02-01,IN
SEARCH_005746,2025-02-01,ND
SEARCH_005747,2025-02-01,TX
SEARCH_005748,2025-02-01,AZ
SEARCH_005749,2025-02-01,TX
SEARCH_005750,2025-02-02,NY
SEARCH_005751,2025-02-02,NC
SEARCH_005752,2025-02-02,TX
SEARCH_005753,2025-02-02,TX
SEARCH_005754,2025-02-03,NC
SEARCH_005755,2025-02-03,NY
SEARCH_005756,2025-02-03,OH
SEARCH_005757,2025-02-03,NY
SEARCH_005758,2025-02-03,FL
SEARCH_005759,2025-02-03,GA
SEARCH_005760,2025-02-04,NC
SEARCH_005761,2025-02-04,TX
SEARCH_005762,2025-02-04,MI
SEARCH_005763,2025-02-04,CA
SEARCH_005764,2025-02-04,PA
SEARCH_005765,2025-02-04,FL
SEARCH_005766,2025-02-05,OK
SEARCH_005767,2025-02-05,CA
SEARCH_005768,2025-02-05,LA
SEARCH_005769,2025-02-05,AL
SEARCH_005770,2025-02-05,OH
SEARCH_005771,2025-02-05,CO
SEARCH_005772,2025-02-05,SC
SEARCH_005773,2025-02-05,NY
SEARCH_005774,2025-02-05,NJ
SEARCH_005775,2025-02-06,WI
SEARCH_005776,2025-02-06,NM
SEARCH_005777,2025-02-06,AR
SEARCH_005778,2025-02-06,FL
SEARCH_005779,2025-02-06,FL
SEARCH_005780,2025-02-06,NY
SEARCH_005781,2025-02-06,PA
SEARCH_005782,2025-02-07,CA
SEARCH_005783,2025-02-07,PA
SEARCH_005784,2025-02-07,OH
SEARCH_005785,2025-02-07,OH
SEARCH_005786,2025-02-07,NC
SEARCH_005787,2025-02-07,NY
SEARCH_005788,2025-02-08,CA
SEARCH_005789,2025-02-08,OH
SEARCH_005790,2025-02-08,CO
SEARCH_005791,2025-02-08,NY
SEARCH_005792,2025-02-08,GA
SEARCH_005793,2025-02-08,NJ
SEARCH_005794,2025-02-09,TX
SEARCH_005795,2025-02-09,PA
SEARCH_005796,2025-02-09,CA
SEARCH_005797,2025-02-09,TX
SEARCH_005798,2025-02-09,WA
SEARCH_005799,2025-02-09,MI
SEARCH_005800,2025-02-09,LA
SEARCH_005801,2025-02-09,CA
SEARCH_005802,2025-02-10,NM
SEARCH_005803,2025-02-10,TX
SEARCH_005804,2025-02-10,IN
SEARCH_005805,2025-02-10,NY
SEARCH_005806,2025-02-10,NY
SEARCH_005807,2025-02-11,OH
SEARCH_005808,2025-02-11,VA
SEARCH_005809,2025-02-11,TX
SEARCH_005810,2025-02-11,GA
SEARCH_005811,2025-02-11,WI
SEARCH_005812,2025-02-11,SC
SEARCH_005813,2025-02-11,VA
SEARCH_005814,2025-02-11,ND
SEARCH_005815,2025-02-11,KS
SEARCH_005816,2025-02-12,IL
SEARCH_005817,2025-02-12,NJ
SEARCH_005818,2025-02-12,WA
SEARCH_005819,2025-02-12,OR
SEARCH_005820,2025-02-12,NJ
SEARCH_005821,2025-02-12,VA
SEARCH_005822,2025-02-12,CA
SEARCH_005823,2025-02-12,WA
SEARCH_005824,2025-02-12,AZ
SEARCH_005825,2025-02-12,OH
SEARCH_005826,2025-02-12,SC
SEARCH_005827,2025-02-12,WI
SEARCH_005828,2025-02-12,PA
SEARCH_005829,2025-02-13,KY
SEARCH_005830,2025-02-13,GA
SEARCH_005831,2025-02-13,VA
SEARCH_005832,2025-02-13,FL
SEARCH_005833,2025-02-13,CA
SEARCH_005834,2025-02-14,TN
SEARCH_005835,2025-02-14,OR
SEARCH_005836,2025-02-14,NY
SEARCH_005837,2025-02-15,FL
SEARCH_005838,2025-02-15,IN
SEARCH_005839,2025-02-15,NJ
SEARCH_005840,2025-02-15,NY
SEARCH_005841,2025-02-15,FL
SEARCH_005842,2025-02-16,WA
SEARCH_005843,2025-02-16,CO
SEARCH_005844,2025-02-16,FL
SEARCH_005845,2025-02-16,GA
SEARCH_005846,2025-02-16,AK
SEARCH_005847,2025-02-16,DC
SEARCH_005848,2025-02-16,VA
SEARCH_005849,2025-02-16,IL
SEARCH_005850,2025-02-16,WA
SEARCH_005851,2025-02-16,CA
SEARCH_005852,2025-02-16,LA
SEARCH_005853,2025-02-17,NY
SEARCH_005854,2025-02-17,IN
SEARCH_005855,2025-02-17,TN
SEARCH_005856,2025-02-17,TX
SEARCH_005857,2025-02-17,NY
SEARCH_005858,2025-02-18,IL
SEARCH_005859,2025-02-18,NJ
SEARCH_005860,2025-02-18,CA
SEARCH_005861,2025-02-18,AL
SEARCH_005862,2025-02-18,FL
SEARCH_005863,2025-02-18,CA
SEARCH_005864,2025-02-18,TX
SEARCH_005865,2025-02-19,GA
SEARCH_005866,2025-02-19,TN
SEARCH_005867,2025-02-19,MN
SEARCH_005868,2025-02-19,KY
SEARCH_005869,2025-02-19,ID
SEARCH_005870,2025-02-20,MO
SEARCH_005871,2025-02-20,SC
SEARCH_005872,2025-02-20,NM
SEARCH_005873,2025-02-20,FL
SEARCH_005874,2025-02-20,IL
SEARCH_005875,2025-02-20,TN
SEARCH_005876,2025-02-20,KS
SEARCH_005877,2025-02-20,FL
SEARCH_005878,2025-02-20,MA
SEARCH_005879,2025-02-20,VA
SEARCH_005880,2025-02-20,NY
SEARCH_005881,2025-02-21,PA
SEARCH_005882,2025-02-21,TX
SEARCH_005883,2025-02-21,CA
SEARCH_005884,2025-02-21,KS
SEARCH_005885,2025-02-21,OH
SEARCH_005886,2025-02-21,OH
SEARCH_005887,2025-02-22,IL
SEARCH_005888,2025-02-22,NE
SEARCH_005889,2025-02-22,FL
SEARCH_005890,2025-02-23,CT
SEARCH_005891,2025-02-23,KY
SEARCH_005892,2025-02-23,TN
SEARCH_005893,2025-02-23,IN
SEARCH_005894,2025-02-23,UT
SEARCH_005895,2025-02-23,NY
SEARCH_005896,2025-02-24,MA
SEARCH_005897,2025-02-24,FL
SEARCH_005898,2025-02-24,OH
SEARCH_005899,2025-02-24,WI
SEARCH_005900,2025-02-24,TX
SEARCH_005901,2025-02-24,NM
SEARCH_005902,2025-02-25,CT
SEARCH_005903,2025-02-25,CA
SEARCH_005904,2025-02-25,TN
SEARCH_005905,2025-02-25,AR
SEARCH_005906,2025-02-25,HI
SEARCH_005907,2025-02-26,IA
SEARCH_005908,2025-02-26,MO
SEARCH_005909,2025-02-26,KY
SEARCH_005910,2025-02-26,TX
SEARCH_005911,2025-02-26,AR
SEARCH_005912,2025-02-26,WA
SEARCH_005913,2025-02-26,NC
SEARCH_005914,2025-02-27,CA
SEARCH_005915,2025-02-27,NY
SEARCH_005916,2025-02-27,MO
SEARCH_005917,2025-02-27,CO
SEARCH_005918,2025-02-27,HI
SEARCH_005919,2025-02-27,CO
SEARCH_005920,2025-02-28,CA
SEARCH_005921,2025-02-28,UT
SEARCH_005922,2025-02-28,CA
SEARCH_005923,2025-02-28,NV
SEARCH_005924,2025-03-01,MD
SEARCH_005925,2025-03-01,FL
SEARCH_005926,2025-03-01,MS
SEARCH_005927,2025-03-01,CA
SEARCH_005928,2025-03-01,FL
SEARCH_005929,2025-03-02,WA
SEARCH_005930,2025-03-02,MN
SEARCH_005931,2025-03-02,NJ
SEARCH_005932,2025-03-02,VA
SEARCH_005933,2025-03-02,FL
SEARCH_005934,2025-03-02,CA
SEARCH_005935,2025-03-03,LA
SEARCH_005936,2025-03-03,OR
SEARCH_005937,2025-03-03,VA
SEARCH_005938,2025-03-03,MO
SEARCH_005939,2025-03-03,GA
SEARCH_005940,2025-03-03,MA
SEARCH_005941,2025-03-03,AR
SEARCH_005942,2025-03-03,CA
SEARCH_005943,2025-03-03,MN
SEARCH_005944,2025-03-03,MI
SEARCH_005945,2025-03-03,CA
SEARCH_005946,2025-03-03,NJ
SEARCH_005947,2025-03-04,TX
SEARCH_005948,2025-03-04,NC
SEARCH_005949,2025-03-04,CA
SEARCH_005950,2025-03-04,MN
SEARCH_005951,2025-03-04,AR
SEARCH_005952,2025-03-04,OK
SEARCH_005953,2025-03-04,WA
SEARCH_005954,2025-03-05,VA
SEARCH_005955,2025-03-05,SC
SEARCH_005956,2025-03-05,CA
SEARCH_005957,2025-03-05,NV
SEARCH_005958,2025-03-05,MI
SEARCH_005959,2025-03-05,KY
SEARCH_005960,2025-03-05,IA
SEARCH_005961,2025-03-05,AZ
SEARCH_005962,2025-03-05,TX
SEARCH_005963,2025-03-05,FL
SEARCH_005964,2025-03-05,MI
SEARCH_005965,2025-03-06,CA
SEARCH_005966,2025-03-06,FL
SEARCH_005967,2025-03-06,PA
SEARCH_005968,2025-03-06,AR
SEARCH_005969,2025-03-06,IA
SEARCH_005970,2025-03-06,NV
SEARCH_005971,2025-03-06,CA
SEARCH_005972,2025-03-06,NJ
SEARCH_005973,2025-03-06,IL
SEARCH_005974,2025-03-07,NM
SEARCH_005975,2025-03-07,PA
SEARCH_005976,2025-03-07,IL
SEARCH_005977,2025-03-07,CA
SEARCH_005978,2025-03-07,OH
SEARCH_005979,2025-03-07,MN
SEARCH_005980,2025-03-07,NY
SEARCH_005981,2025-03-07,NM
SEARCH_005982,2025-03-07,OH
SEARCH_005983,2025-03-08,GA
SEARCH_005984,2025-03-08,MT
SEARCH_005985,2025-03-08,CA
SEARCH_005986,2025-03-08,OH
SEARCH_005987,2025-03-08,TX
SEARCH_005988,2025-03-09,CA
SEARCH_005989,2025-03-09,NV
SEARCH_005990,2025-03-09,GA
SEARCH_005991,2025-03-09,IL
SEARCH_005992,2025-03-10,TX
SEARCH_005993,2025-03-10,MA
SEARCH_005994,2025-03-10,FL
SEARCH_005995,2025-03-10,MA
SEARCH_005996,2025-03-10,NC
SEARCH_005997,2025-03-10,CA
SEARCH_005998,2025-03-10,UT
SEARCH_005999,2025-03-10,NC
SEARCH_006000,2025-03-10,PA
SEARCH_006001,2025-03-10,TX
SEARCH_006002,2025-03-10,OH
SEARCH_006003,2025-03-10,MN
SEARCH_006004,2025-03-10,IA
SEARCH_006005,2025-03-11,CA
SEARCH_006006,2025-03-11,CA
SEARCH_006007,2025-03-11,CA
SEARCH_006008,2025-03-11,OH
SEARCH_006009,2025-03-11,WI
SEARCH_006010,2025-03-11,CA
SEARCH_006011,2025-03-11,CA
SEARCH_006012,2025-03-11,NE
SEARCH_006013,2025-03-11,IL
SEARCH_006014,2025-03-12,PA
SEARCH_006015,2025-03-12,PA
SEARCH_006016,2025-03-12,CA
SEARCH_006017,2025-03-12,CA
SEARCH_006018,2025-03-12,NY
SEARCH_006019,2025-03-12,CA
SEARCH_006020,2025-03-12,TX
SEARCH_006021,2025-03-12,OH
SEARCH_006022,2025-03-13,NY
SEARCH_006023,2025-03-13,KY
SEARCH_006024,2025-03-13,UT
SEARCH_006025,2025-03-13,FL
SEARCH_006026,2025-03-13,MI
SEARCH_006027,2025-03-13,VA
SEARCH_006028,2025-03-13,GA
SEARCH_006029,2025-03-13,CT
SEARCH_006030,2025-03-13,NY
SEARCH_006031,2025-03-14,NY
SEARCH_006032,2025-03-14,TX
SEARCH_006033,2025-03-14,PA
SEARCH_006034,2025-03-14,WA
SEARCH_006035,2025-03-14,GA
SEARCH_006036,2025-03-14,AL
SEARCH_006037,2025-03-14,NV
SEARCH_006038,2025-03-14,MO
SEARCH_006039,2025-03-14,WA
SEARCH_006040,2025-03-14,IL
SEARCH_006041,2025-03-14,GA
SEARCH_006042,2025-03-14,IN
SEARCH_006043,2025-03-14,CA
SEARCH_006044,2025-03-15,OH
SEARCH_006045,2025-03-15,TX
SEARCH_006046,2025-03-15,OH
SEARCH_006047,2025-03-15,NC
SEARCH_006048,2025-03-15,WY
SEARCH_006049,2025-03-15,IA
SEARCH_006050,2025-03-16,OH
SEARCH_006051,2025-03-16,MO
SEARCH_006052,2025-03-16,GA
SEARCH_006053,2025-03-16,NY
SEARCH_006054,2025-03-16,MI
SEARCH_006055,2025-03-17,DE
SEARCH_006056,2025-03-17,GA
SEARCH_006057,2025-03-17,IA
SEARCH_006058,2025-03-17,OH
SEARCH_006059,2025-03-17,WA
SEARCH_006060,2025-03-17,OH
SEARCH_006061,2025-03-17,CO
SEARCH_006062,2025-03-17,NV
SEARCH_006063,2025-03-17,TX
SEARCH_006064,2025-03-17,CA
SEARCH_006065,2025-03-17,MI
SEARCH_006066,2025-03-17,AZ
SEARCH_006067,2025-03-17,MA
SEARCH_006068,2025-03-17,CA
SEARCH_006069,2025-03-18,NY
SEARCH_006070,2025-03-18,PA
SEARCH_006071,2025-03-18,AL
SEARCH_006072,2025-03-18,WI
SEARCH_006073,2025-03-18,TX
SEARCH_006074,2025-03-18,KS
SEARCH_006075,2025-03-18,TX
SEARCH_006076,2025-03-18,TN
SEARCH_006077,2025-03-18,NC
SEARCH_006078,2025-03-18,CA
SEARCH_006079,2025-03-18,KY
SEARCH_006080,2025-03-19,IL
SEARCH_006081,2025-03-19,PA
SEARCH_006082,2025-03-19,NC
SEARCH_006083,2025-03-19,SC
SEARCH_006084,2025-03-19,IA
SEARCH_006085,2025-03-19,MN
SEARCH_006086,2025-03-19,MD
SEARCH_006087,2025-03-20,KY
SEARCH_006088,2025-03-20,MD
SEARCH_006089,2025-03-20,TX
SEARCH_006090,2025-03-20,GA
SEARCH_006091,2025-03-20,ID
SEARCH_006092,2025-03-20,TX
SEARCH_006093,2025-03-20,NE
SEARCH_006094,2025-03-21,NJ
SEARCH_006095,2025-03-21,TN
SEARCH_006096,2025-03-21,IL
SEARCH_006097,2025-03-21,MD
SEARCH_006098,2025-03-21,MA
SEARCH_006099,2025-03-21,WI
SEARCH_006100,2025-03-21,CA
SEARCH_006101,2025-03-21,KY
SEARCH_006102,2025-03-21,MA
SEARCH_006103,2025-03-21,MA
SEARCH_006104,2025-03-22,SC
SEARCH_006105,2025-03-22,CA
SEARCH_006106,2025-03-22,NJ
SEARCH_006107,2025-03-22,OK
SEARCH_006108,2025-03-22,NC
SEARCH_006109,2025-03-23,OH
SEARCH_006110,2025-03-23,TX
SEARCH_006111,2025-03-23,MA
SEARCH_006112,2025-03-23,NC
SEARCH_006113,2025-03-23,GA
SEARCH_006114,2025-03-23,OK
SEARCH_006115,2025-03-23,MD
SEARCH_006116,2025-03-23,CA
SEARCH_006117,2025-03-23,GA
SEARCH_006118,2025-03-24,NV
SEARCH_006119,2025-03-24,MA
SEARCH_006120,2025-03-24,KS
SEARCH_006121,2025-03-24,ME
SEARCH_006122,2025-03-24,MO
SEARCH_006123,2025-03-24,NY
SEARCH_006124,2025-03-25,NY
SEARCH_006125,2025-03-25,OH
SEARCH_006126,2025-03-25,MO
SEARCH_006127,2025-03-25,TX
SEARCH_006128,2025-03-25,AL
SEARCH_006129,2025-03-25,NY
SEARCH_006130,2025-03-25,WV
SEARCH_006131,2025-03-26,FL
SEARCH_006132,2025-03-26,TN
SEARCH_006133,2025-03-26,MI
SEARCH_006134,2025-03-27,MA
SEARCH_006135,2025-03-27,TX
SEARCH_006136,2025-03-27,PA
SEARCH_006137,2025-03-27,AL
SEARCH_006138,2025-03-27,NJ
SEARCH_006139,2025-03-27,NC
SEARCH_006140,2025-03-28,WI
SEARCH_006141,2025-03-28,NY
SEARCH_006142,2025-03-28,CA
SEARCH_006143,2025-03-28,CA
SEARCH_006144,2025-03-28,TX
SEARCH_006145,2025-03-28,IL
SEARCH_006146,2025-03-28,CA
SEARCH_006147,2025-03-28,PA
SEARCH_006148,2025-03-28,OK
SEARCH_006149,2025-03-29,NY
SEARCH_006150,2025-03-29,NC
SEARCH_006151,2025-03-29,IN
SEARCH_006152,2025-03-30,TX
SEARCH_006153,2025-03-30,GA
SEARCH_006154,2025-03-30,PA
SEARCH_006155,2025-03-30,KS
SEARCH_006156,2025-03-31,NY
SEARCH_006157,2025-03-31,CA
SEARCH_006158,2025-03-31,NY
SEARCH_006159,2025-03-31,CA
SEARCH_006160,2025-03-31,NC
SEARCH_006161,2025-03-31,OK
SEARCH_006162,2025-03-31,TX
SEARCH_006163,2025-03-31,GA
SEARCH_006164,2025-03-31,TX
SEARCH_006165,2025-03-31,DC
SEARCH_006166,2025-03-31,LA
SEARCH_006167,2025-03-31,PA
SEARCH_006168,2025-03-31,TX
SEARCH_006169,2025-03-31,FL
SEARCH_006170,2025-03-31,AZ
SEARCH_006171,2025-03-31,NY
SEARCH_006172,2025-04-01,CA
SEARCH_006173,2025-04-01,NM
SEARCH_006174,2025-04-01,CA
SEARCH_006175,2025-04-01,FL
SEARCH_006176,2025-04-01,MI
SEARCH_006177,2025-04-01,FL
SEARCH_006178,2025-04-01,CA
SEARCH_006179,2025-04-01,OH
SEARCH_006180,2025-04-01,MO
SEARCH_006181,2025-04-01,NJ
SEARCH_006182,2025-04-01,NC
SEARCH_006183,2025-04-01,PA
SEARCH_006184,2025-04-02,VA
SEARCH_006185,2025-04-02,VA
SEARCH_006186,2025-04-02,CA
SEARCH_006187,2025-04-02,GA
SEARCH_006188,2025-04-02,CA
SEARCH_006189,2025-04-02,VA
SEARCH_006190,2025-04-02,CA
SEARCH_006191,2025-04-02,FL
SEARCH_006192,2025-04-02,NY
SEARCH_006193,2025-04-02,AR
SEARCH_006194,2025-04-02,CA
SEARCH_006195,2025-04-02,PA
SEARCH_006196,2025-04-03,AZ
SEARCH_006197,2025-04-03,OR
SEARCH_006198,2025-04-03,WI
SEARCH_006199,2025-04-03,NY
SEARCH_006200,2025-04-03,KS
SEARCH_006201,2025-04-03,FL
SEARCH_006202,2025-04-04,PA
SEARCH_006203,2025-04-04,FL
SEARCH_006204,2025-04-04,TX
SEARCH_006205,2025-04-04,MN
SEARCH_006206,2025-04-04,TX
SEARCH_006207,2025-04-04,AR
SEARCH_006208,2025-04-05,MA
SEARCH_006209,2025-04-05,OH
SEARCH_006210,2025-04-05,NY
SEARCH_006211,2025-04-05,IL
SEARCH_006212,2025-04-06,MA
SEARCH_006213,2025-04-06,FL
SEARCH_006214,2025-04-06,TX
SEARCH_006215,2025-04-06,MI
SEARCH_006216,2025-04-06,NY
SEARCH_006217,2025-04-06,OH
SEARCH_006218,2025-04-07,CA
SEARCH_006219,2025-04-07,PA
SEARCH_006220,2025-04-07,CA
SEARCH_006221,2025-04-07,CA
SEARCH_006222,2025-04-07,WA
SEARCH_006223,2025-04-07,GA
SEARCH_006224,2025-04-07,CT
SEARCH_006225,2025-04-07,OH
SEARCH_006226,2025-04-07,ME
SEARCH_006227,2025-04-07,MO
SEARCH_006228,2025-04-07,WA
SEARCH_006229,2025-04-07,MD
SEARCH_006230,2025-04-08,CA
SEARCH_006231,2025-04-08,OK
SEARCH_006232,2025-04-08,KY
SEARCH_006233,2025-04-08,VA
SEARCH_006234,2025-04-08,SD
SEARCH_006235,2025-04-08,GA
SEARCH_006236,2025-04-08,WI
SEARCH_006237,2025-04-08,FL
SEARCH_006238,2025-04-09,WI
SEARCH_006239,2025-04-09,NC
SEARCH_006240,2025-04-09,CT
SEARCH_006241,2025-04-09,TX
SEARCH_006242,2025-04-09,WA
SEARCH_006243,2025-04-09,MS
SEARCH_006244,2025-04-09,MD
SEARCH_006245,2025-04-09,NC
SEARCH_006246,2025-04-09,CA
SEARCH_006247,2025-04-10,IA
SEARCH_006248,2025-04-10,NM
SEARCH_006249,2025-04-10,FL
SEARCH_006250,2025-04-10,CT
SEARCH_006251,2025-04-10,OH
SEARCH_006252,2025-04-10,IN
SEARCH_006253,2025-04-10,AR
SEARCH_006254,2025-04-10,OK
SEARCH_006255,2025-04-10,TX
SEARCH_006256,2025-04-10,CO
SEARCH_006257,2025-04-11,IL
SEARCH_006258,2025-04-11,TX
SEARCH_006259,2025-04-11,CA
SEARCH_006260,2025-04-11,VT
SEARCH_006261,2025-04-11,OK
SEARCH_006262,2025-04-11,FL
SEARCH_006263,2025-04-11,NH
SEARCH_006264,2025-04-11,KS
SEARCH_006265,2025-04-11,OK
SEARCH_006266,2025-04-11,CT
SEARCH_006267,2025-04-11,CO
SEARCH_006268,2025-04-11,FL
SEARCH_006269,2025-04-11,MA
SEARCH_006270,2025-04-11,NJ
SEARCH_006271,2025-04-11,IL
SEARCH_006272,2025-04-11,WA
SEARCH_006273,2025-04-11,CA
SEARCH_006274,2025-04-11,NJ
SEARCH_006275,2025-04-12,CA
SEARCH_006276,2025-04-12,NY
SEARCH_006277,2025-04-12,TX
SEARCH_006278,2025-04-12,CA
SEARCH_006279,2025-04-12,UT
SEARCH_006280,2025-04-12,TX
SEARCH_006281,2025-04-12,KS
SEARCH_006282,2025-04-13,ME
SEARCH_006283,2025-04-13,PA
SEARCH_006284,2025-04-14,NY
SEARCH_006285,2025-04-14,TN
SEARCH_006286,2025-04-14,MN
SEARCH_006287,2025-04-14,LA
SEARCH_006288,2025-04-14,FL
SEARCH_006289,2025-04-14,OH
SEARCH_006290,2025-04-14,TX
SEARCH_006291,2025-04-15,WI
SEARCH_006292,2025-04-15,PA
SEARCH_006293,2025-04-15,NC
SEARCH_006294,2025-04-15,MA
SEARCH_006295,2025-04-15,WI
SEARCH_006296,2025-04-15,KY
SEARCH_006297,2025-04-15,OR
SEARCH_006298,2025-04-15,AL
SEARCH_006299,2025-04-15,NC
SEARCH_006300,2025-04-15,CT
SEARCH_006301,2025-04-15,ND
SEARCH_006302,2025-04-15,NV
SEARCH_006303,2025-04-15,OH
SEARCH_006304,2025-04-15,CA
SEARCH_006305,2025-04-16,TN
SEARCH_006306,2025-04-16,AR
SEARCH_006307,2025-04-16,NY
SEARCH_006308,2025-04-16,TX
SEARCH_006309,2025-04-16,IN
SEARCH_006310,2025-04-16,NC
SEARCH_006311,2025-04-16,KS
SEARCH_006312,2025-04-16,WA
SEARCH_006313,2025-04-16,OH
SEARCH_006314,2025-04-16,CA
SEARCH_006315,2025-04-17,TX
SEARCH_006316,2025-04-17,GA
SEARCH_006317,2025-04-17,VA
SEARCH_006318,2025-04-17,FL
SEARCH_006319,2025-04-17,ID
SEARCH_006320,2025-04-18,TX
SEARCH_006321,2025-04-18,FL
SEARCH_006322,2025-04-18,CA
SEARCH_006323,2025-04-18,MO
SEARCH_006324,2025-04-18,PA
SEARCH_006325,2025-04-18,NJ
SEARCH_006326,2025-04-18,CA
SEARCH_006327,2025-04-18,NJ
SEARCH_006328,2025-04-19,WI
SEARCH_006329,2025-04-19,OK
SEARCH_006330,2025-04-19,NY
SEARCH_006331,2025-04-19,IL
SEARCH_006332,2025-04-19,WI
SEARCH_006333,2025-04-19,OH
SEARCH_006334,2025-04-20,NJ
SEARCH_006335,2025-04-20,IN
SEARCH_006336,2025-04-20,NY
SEARCH_006337,2025-04-20,KS
SEARCH_006338,2025-04-20,FL
SEARCH_006339,2025-04-20,LA
SEARCH_006340,2025-04-21,MO
SEARCH_006341,2025-04-21,CA
SEARCH_006342,2025-04-21,MA
SEARCH_006343,2025-04-21,OH
SEARCH_006344,2025-04-21,HI
SEARCH_006345,2025-04-21,WI
SEARCH_006346,2025-04-21,MI
SEARCH_006347,2025-04-21,IL
SEARCH_006348,2025-04-21,CA
SEARCH_006349,2025-04-21,CA
SEARCH_006350,2025-04-21,IA
SEARCH_006351,2025-04-22,FL
SEARCH_006352,2025-04-22,TX
SEARCH_006353,2025-04-22,UT
SEARCH_006354,2025-04-22,TX
SEARCH_006355,2025-04-22,IA
SEARCH_006356,2025-04-22,NY
SEARCH_006357,2025-04-22,FL
SEARCH_006358,2025-04-22,NJ
SEARCH_006359,2025-04-23,AL
SEARCH_006360,2025-04-23,AZ
SEARCH_006361,2025-04-23,AL
SEARCH_006362,2025-04-23,WA
SEARCH_006363,2025-04-23,TX
SEARCH_006364,2025-04-23,IL
SEARCH_006365,2025-04-23,TX
SEARCH_006366,2025-04-23,LA
SEARCH_006367,2025-04-23,NC
SEARCH_006368,2025-04-23,VA
SEARCH_006369,2025-04-23,CO
SEARCH_006370,2025-04-24,SC
SEARCH_006371,2025-04-24,VA
SEARCH_006372,2025-04-24,WI
SEARCH_006373,2025-04-24,TX
SEARCH_006374,2025-04-24,TX
SEARCH_006375,2025-04-24,FL
SEARCH_006376,2025-04-24,OH
SEARCH_006377,2025-04-24,OH
SEARCH_006378,2025-04-24,IL
SEARCH_006379,2025-04-24,TX
SEARCH_006380,2025-04-24,NM
SEARCH_006381,2025-04-25,NC
SEARCH_006382,2025-04-25,MO
SEARCH_006383,2025-04-25,IN
SEARCH_006384,2025-04-25,NM
SEARCH_006385,2025-04-26,TX
SEARCH_006386,2025-04-26,MA
SEARCH_006387,2025-04-26,TX
SEARCH_006388,2025-04-27,KY
SEARCH_006389,2025-04-27,CA
SEARCH_006390,2025-04-27,OR
SEARCH_006391,2025-04-27,FL
SEARCH_006392,2025-04-27,VA
SEARCH_006393,2025-04-27,OH
SEARCH_006394,2025-04-27,CA
SEARCH_006395,2025-04-28,CA
SEARCH_006396,2025-04-28,CA
SEARCH_006397,2025-04-28,NM
SEARCH_006398,2025-04-28,CA
SEARCH_006399,2025-04-28,IN
SEARCH_006400,2025-04-28,TX
SEARCH_006401,2025-04-28,AL
SEARCH_006402,2025-04-28,NY
SEARCH_006403,2025-04-28,TX
SEARCH_006404,2025-04-28,CA
SEARCH_006405,2025-04-28,NJ
SEARCH_006406,2025-04-28,WI
SEARCH_006407,2025-04-29,NJ
SEARCH_006408,2025-04-29,WI
SEARCH_006409,2025-04-29,CA
SEARCH_006410,2025-04-29,SC
SEARCH_006411,2025-04-29,FL
SEARCH_006412,2025-04-29,PA
SEARCH_006413,2025-04-29,CA
SEARCH_006414,2025-04-29,CA
SEARCH_006415,2025-04-29,PA
SEARCH_006416,2025-04-29,FL
SEARCH_006417,2025-04-29,NM
SEARCH_006418,2025-04-30,TN
SEARCH_006419,2025-04-30,CA
SEARCH_006420,2025-04-30,CA
SEARCH_006421,2025-04-30,OK
SEARCH_006422,2025-04-30,NY
SEARCH_006423,2025-04-30,WA
SEARCH_006424,2025-04-30,OH
SEARCH_006425,2025-04-30,TN
SEARCH_006426,2025-05-01,MA
SEARCH_006427,2025-05-01,NM
SEARCH_006428,2025-05-01,OH
SEARCH_006429,2025-05-01,TN
SEARCH_006430,2025-05-01,OK
SEARCH_006431,2025-05-01,NC
SEARCH_006432,2025-05-01,NC
SEARCH_006433,2025-05-02,OK
SEARCH_006434,2025-05-02,AR
SEARCH_006435,2025-05-02,NV
SEARCH_006436,2025-05-02,NY
SEARCH_006437,2025-05-02,DE
SEARCH_006438,2025-05-02,AZ
SEARCH_006439,2025-05-02,IL
SEARCH_006440,2025-05-02,GA
SEARCH_006441,2025-05-02,IN
SEARCH_006442,2025-05-02,IL
SEARCH_006443,2025-05-02,NM
SEARCH_006444,2025-05-03,CA
SEARCH_006445,2025-05-03,GA
SEARCH_006446,2025-05-03,NE
SEARCH_006447,2025-05-03,OH
SEARCH_006448,2025-05-03,TX
SEARCH_006449,2025-05-03,LA
SEARCH_006450,2025-05-04,WA
SEARCH_006451,2025-05-04,PA
SEARCH_006452,2025-05-04,FL
SEARCH_006453,2025-05-05,WA
SEARCH_006454,2025-05-05,DE
SEARCH_006455,2025-05-05,CA
SEARCH_006456,2025-05-05,WA
SEARCH_006457,2025-05-05,CA
SEARCH_006458,2025-05-05,KS
SEARCH_006459,2025-05-05,WV
SEARCH_006460,2025-05-05,OH
SEARCH_006461,2025-05-05,OH
SEARCH_006462,2025-05-06,CA
SEARCH_006463,2025-05-07,CA
SEARCH_006464,2025-05-07,TX
SEARCH_006465,2025-05-07,KY
SEARCH_006466,2025-05-07,AZ
SEARCH_006467,2025-05-07,IL
SEARCH_006468,2025-05-07,CA
SEARCH_006469,2025-05-07,FL
SEARCH_006470,2025-05-08,OR
SEARCH_006471,2025-05-08,PA
SEARCH_006472,2025-05-08,PA
SEARCH_006473,2025-05-08,CA
SEARCH_006474,2025-05-08,PA
SEARCH_006475,2025-05-08,IN
SEARCH_006476,2025-05-09,DC
SEARCH_006477,2025-05-09,CA
SEARCH_006478,2025-05-09,PA
SEARCH_006479,2025-05-09,IA
SEARCH_006480,2025-05-09,FL
SEARCH_006481,2025-05-09,KS
SEARCH_006482,2025-05-09,IL
SEARCH_006483,2025-05-09,NC
SEARCH_006484,2025-05-09,TX
SEARCH_006485,2025-05-09,IL
SEARCH_006486,2025-05-10,CA
SEARCH_006487,2025-05-10,IN
SEARCH_006488,2025-05-10,IN
SEARCH_006489,2025-05-10,TN
SEARCH_006490,2025-05-10,NJ
SEARCH_006491,2025-05-10,FL
SEARCH_006492,2025-05-11,IL
SEARCH_006493,2025-05-11,CA
SEARCH_006494,2025-05-11,FL
SEARCH_006495,2025-05-11,WI
SEARCH_006496,2025-05-12,NC
SEARCH_006497,2025-05-12,CA
SEARCH_006498,2025-05-12,WI
SEARCH_006499,2025-05-12,TX
SEARCH_006500,2025-05-13,DE
SEARCH_006501,2025-05-13,PA
SEARCH_006502,2025-05-13,LA
SEARCH_006503,2025-05-13,NY
SEARCH_006504,2025-05-13,CA
SEARCH_006505,2025-05-13,IN
SEARCH_006506,2025-05-13,WA
SEARCH_006507,2025-05-13,IL
SEARCH_006508,2025-05-13,NY
SEARCH_006509,2025-05-13,CA
SEARCH_006510,2025-05-13,AZ
SEARCH_006511,2025-05-13,NY
SEARCH_006512,2025-05-13,OH
SEARCH_006513,2025-05-14,MI
SEARCH_006514,2025-05-14,FL
SEARCH_006515,2025-05-14,IA
SEARCH_006516,2025-05-14,NY
SEARCH_006517,2025-05-14,MI
SEARCH_006518,2025-05-14,KY
SEARCH_006519,2025-05-14,GA
SEARCH_006520,2025-05-14,CA
SEARCH_006521,2025-05-14,VA
SEARCH_006522,2025-05-14,MA
SEARCH_006523,2025-05-15,WA
SEARCH_006524,2025-05-15,TX
SEARCH_006525,2025-05-15,FL
SEARCH_006526,2025-05-15,AZ
SEARCH_006527,2025-05-16,NC
SEARCH_006528,2025-05-16,NY
SEARCH_006529,2025-05-16,NC
SEARCH_006530,2025-05-16,MN
SEARCH_006531,2025-05-16,VA
SEARCH_006532,2025-05-16,MI
SEARCH_006533,2025-05-17,NJ
SEARCH_006534,2025-05-17,NM
SEARCH_006535,2025-05-17,RI
SEARCH_006536,2025-05-17,NE
SEARCH_006537,2025-05-17,WA
SEARCH_006538,2025-05-17,MD
SEARCH_006539,2025-05-17,TX
SEARCH_006540,2025-05-18,CA
SEARCH_006541,2025-05-18,TX
SEARCH_006542,2025-05-18,FL
SEARCH_006543,2025-05-18,NJ
SEARCH_006544,2025-05-18,TX
SEARCH_006545,2025-05-18,IN
SEARCH_006546,2025-05-18,OR
SEARCH_006547,2025-05-18,OH
SEARCH_006548,2025-05-18,NC
SEARCH_006549,2025-05-18,OR
SEARCH_006550,2025-05-18,WA
SEARCH_006551,2025-05-19,FL
SEARCH_006552,2025-05-19,NY
SEARCH_006553,2025-05-19,PA
SEARCH_006554,2025-05-19,CT
SEARCH_006555,2025-05-19,OR
SEARCH_006556,2025-05-19,GA
SEARCH_006557,2025-05-19,VA
SEARCH_006558,2025-05-19,WI
SEARCH_006559,2025-05-19,PA
SEARCH_006560,2025-05-19,MD
SEARCH_006561,2025-05-19,OH
SEARCH_006562,2025-05-19,PA
SEARCH_006563,2025-05-19,FL
SEARCH_006564,2025-05-19,TX
SEARCH_006565,2025-05-19,OR
SEARCH_006566,2025-05-19,MA
SEARCH_006567,2025-05-20,AZ
SEARCH_006568,2025-05-20,TX
SEARCH_006569,2025-05-20,NY
SEARCH_006570,2025-05-20,WI
SEARCH_006571,2025-05-20,TX
SEARCH_006572,2025-05-20,NC
SEARCH_006573,2025-05-20,DC
SEARCH_006574,2025-05-20,OH
SEARCH_006575,2025-05-20,TX
SEARCH_006576,2025-05-20,PA
SEARCH_006577,2025-05-20,NE
SEARCH_006578,2025-05-21,NY
SEARCH_006579,2025-05-21,KY
SEARCH_006580,2025-05-21,MI
SEARCH_006581,2025-05-21,IN
SEARCH_006582,2025-05-21,VA
SEARCH_006583,2025-05-21,GA
SEARCH_006584,2025-05-21,AZ
SEARCH_006585,2025-05-21,NJ
SEARCH_006586,2025-05-21,TN
SEARCH_006587,2025-05-21,WA
SEARCH_006588,2025-05-21,TX
SEARCH_006589,2025-05-21,MD
SEARCH_006590,2025-05-21,MI
SEARCH_006591,2025-05-21,WA
SEARCH_006592,2025-05-22,TX
SEARCH_006593,2025-05-22,AZ
SEARCH_006594,2025-05-22,CO
SEARCH_006595,2025-05-22,FL
SEARCH_006596,2025-05-22,TX
SEARCH_006597,2025-05-22,MI
SEARCH_006598,2025-05-22,WI
SEARCH_006599,2025-05-22,TX
SEARCH_006600,2025-05-23,CA
SEARCH_006601,2025-05-23,NJ
SEARCH_006602,2025-05-23,CA
SEARCH_006603,2025-05-23,OK
SEARCH_006604,2025-05-23,CA
SEARCH_006605,2025-05-23,FL
SEARCH_006606,2025-05-23,HI
SEARCH_006607,2025-05-23,VA
SEARCH_006608,2025-05-23,TX
SEARCH_006609,2025-05-23,AZ
SEARCH_006610,2025-05-23,IL
SEARCH_006611,2025-05-23,IL
SEARCH_006612,2025-05-23,FL
SEARCH_006613,2025-05-24,CT
SEARCH_006614,2025-05-24,TX
SEARCH_006615,2025-05-24,CO
SEARCH_006616,2025-05-24,TX
SEARCH_006617,2025-05-24,IL
SEARCH_006618,2025-05-24,FL
SEARCH_006619,2025-05-25,TX
SEARCH_006620,2025-05-25,IL
SEARCH_006621,2025-05-25,CA
SEARCH_006622,2025-05-25,AL
SEARCH_006623,2025-05-25,MS
SEARCH_006624,2025-05-25,TX
SEARCH_006625,2025-05-25,TX
SEARCH_006626,2025-05-26,TX
SEARCH_006627,2025-05-26,TX
SEARCH_006628,2025-05-26,KY
SEARCH_006629,2025-05-26,SD
SEARCH_006630,2025-05-26,CO
SEARCH_006631,2025-05-26,FL
SEARCH_006632,2025-05-26,MO
SEARCH_006633,2025-05-27,MS
SEARCH_006634,2025-05-27,PA
SEARCH_006635,2025-05-27,TN
SEARCH_006636,2025-05-27,MA
SEARCH_006637,2025-05-27,WA
SEARCH_006638,2025-05-27,GA
SEARCH_006639,2025-05-27,IL
SEARCH_006640,2025-05-28,TX
SEARCH_006641,2025-05-28,UT
SEARCH_006642,2025-05-28,WA
SEARCH_006643,2025-05-28,CA
SEARCH_006644,2025-05-28,NC
SEARCH_006645,2025-05-28,TX
SEARCH_006646,2025-05-28,OH
SEARCH_006647,2025-05-28,KY
SEARCH_006648,2025-05-28,WA
SEARCH_006649,2025-05-28,FL
SEARCH_006650,2025-05-28,MO
SEARCH_006651,2025-05-29,CA
SEARCH_006652,2025-05-29,VA
SEARCH_006653,2025-05-29,PA
SEARCH_006654,2025-05-29,OH
SEARCH_006655,2025-05-29,CA
SEARCH_006656,2025-05-29,NC
SEARCH_006657,2025-05-29,NC
SEARCH_006658,2025-05-29,IL
SEARCH_006659,2025-05-29,CA
SEARCH_006660,2025-05-30,KY
SEARCH_006661,2025-05-30,RI
SEARCH_006662,2025-05-30,VA
SEARCH_006663,2025-05-30,WI
SEARCH_006664,2025-05-30,LA
SEARCH_006665,2025-05-30,NV
SEARCH_006666,2025-05-31,FL
SEARCH_006667,2025-05-31,GA
SEARCH_006668,2025-05-31,IN
SEARCH_006669,2025-05-31,MN
SEARCH_006670,2025-05-31,WI
SEARCH_006671,2025-05-31,CA
SEARCH_006672,2025-06-01,TX
SEARCH_006673,2025-06-01,CA
SEARCH_006674,2025-06-02,OR
SEARCH_006675,2025-06-02,FL
SEARCH_006676,2025-06-02,OH
SEARCH_006677,2025-06-02,RI
SEARCH_006678,2025-06-02,IN
SEARCH_006679,2025-06-02,TX
SEARCH_006680,2025-06-02,TX
SEARCH_006681,2025-06-02,OK
SEARCH_006682,2025-06-02,NJ
SEARCH_006683,2025-06-02,CA
SEARCH_006684,2025-06-02,NC
SEARCH_006685,2025-06-03,WI
SEARCH_006686,2025-06-03,PA
SEARCH_006687,2025-06-03,KY
SEARCH_006688,2025-06-03,VA
SEARCH_006689,2025-06-03,NY
SEARCH_006690,2025-06-03,FL
SEARCH_006691,2025-06-03,CA
SEARCH_006692,2025-06-03,OR
SEARCH_006693,2025-06-03,IL
SEARCH_006694,2025-06-03,NY
SEARCH_006695,2025-06-03,AZ
SEARCH_006696,2025-06-03,NY
SEARCH_006697,2025-06-03,OK
SEARCH_006698,2025-06-03,MN
SEARCH_006699,2025-06-04,NE
SEARCH_006700,2025-06-04,TX
SEARCH_006701,2025-06-04,GA
SEARCH_006702,2025-06-04,FL
SEARCH_006703,2025-06-05,NJ
SEARCH_006704,2025-06-05,GA
SEARCH_006705,2025-06-05,TX
SEARCH_006706,2025-06-05,WV
SEARCH_006707,2025-06-05,AL
SEARCH_006708,2025-06-05,NV
SEARCH_006709,2025-06-05,SC
SEARCH_006710,2025-06-05,GA
SEARCH_006711,2025-06-05,TN
SEARCH_006712,2025-06-06,CA
SEARCH_006713,2025-06-06,TN
SEARCH_006714,2025-06-06,CA
SEARCH_006715,2025-06-06,KY
SEARCH_006716,2025-06-06,IL
SEARCH_006717,2025-06-06,OH
SEARCH_006718,2025-06-06,CO
SEARCH_006719,2025-06-06,LA
SEARCH_006720,2025-06-06,CA
SEARCH_006721,2025-06-06,LA
SEARCH_006722,2025-06-07,TX
SEARCH_006723,2025-06-07,CA
SEARCH_006724,2025-06-07,NV
SEARCH_006725,2025-06-07,TX
SEARCH_006726,2025-06-07,ME
SEARCH_006727,2025-06-07,IN
SEARCH_006728,2025-06-07,IL
SEARCH_006729,2025-06-08,OK
SEARCH_006730,2025-06-08,AR
SEARCH_006731,2025-06-08,NY
SEARCH_006732,2025-06-08,NC
SEARCH_006733,2025-06-08,NJ
SEARCH_006734,2025-06-08,CA
SEARCH_006735,2025-06-08,CA
SEARCH_006736,2025-06-09,CA
SEARCH_006737,2025-06-09,PA
SEARCH_006738,2025-06-09,OH
SEARCH_006739,2025-06-09,OH
SEARCH_006740,2025-06-09,CT
SEARCH_006741,2025-06-09,IL
SEARCH_006742,2025-06-10,TN
SEARCH_006743,2025-06-10,KS
SEARCH_006744,2025-06-10,MA
SEARCH_006745,2025-06-10,CA
SEARCH_006746,2025-06-10,VA
SEARCH_006747,2025-06-10,GA
SEARCH_006748,2025-06-10,CA
SEARCH_006749,2025-06-10,MD
SEARCH_006750,2025-06-10,TX
SEARCH_006751,2025-06-11,CA
SEARCH_006752,2025-06-11,NY
SEARCH_006753,2025-06-11,CA
SEARCH_006754,2025-06-11,FL
SEARCH_006755,2025-06-11,OK
SEARCH_006756,2025-06-11,TX
SEARCH_006757,2025-06-11,MA
SEARCH_006758,2025-06-11,CA
SEARCH_006759,2025-06-11,OH
SEARCH_006760,2025-06-11,FL
SEARCH_006761,2025-06-11,NV
SEARCH_006762,2025-06-12,KS
SEARCH_006763,2025-06-12,WI
SEARCH_006764,2025-06-12,TN
SEARCH_006765,2025-06-13,MA
SEARCH_006766,2025-06-13,NM
SEARCH_006767,2025-06-13,MI
SEARCH_006768,2025-06-13,NV
SEARCH_006769,2025-06-13,PA
SEARCH_006770,2025-06-13,PA
SEARCH_006771,2025-06-13,GA
SEARCH_006772,2025-06-13,SC
SEARCH_006773,2025-06-14,OR
SEARCH_006774,2025-06-14,ID
SEARCH_006775,2025-06-14,OH
SEARCH_006776,2025-06-14,MD
SEARCH_006777,2025-06-15,MD
SEARCH_006778,2025-06-15,NM
SEARCH_006779,2025-06-16,CA
SEARCH_006780,2025-06-16,FL
SEARCH_006781,2025-06-16,MI
SEARCH_006782,2025-06-16,WA
SEARCH_006783,2025-06-16,NY
SEARCH_006784,2025-06-16,MN
SEARCH_006785,2025-06-16,LA
SEARCH_006786,2025-06-16,CA
SEARCH_006787,2025-06-16,TX
SEARCH_006788,2025-06-16,OR
SEARCH_006789,2025-06-17,CA
SEARCH_006790,2025-06-17,CA
SEARCH_006791,2025-06-17,MD
SEARCH_006792,2025-06-17,CA
SEARCH_006793,2025-06-17,GA
SEARCH_006794,2025-06-17,PA
SEARCH_006795,2025-06-17,CA
SEARCH_006796,2025-06-17,CA
SEARCH_006797,2025-06-17,MA
SEARCH_006798,2025-06-18,MI
SEARCH_006799,2025-06-18,TN
SEARCH_006800,2025-06-18,CA
SEARCH_006801,2025-06-18,PA
SEARCH_006802,2025-06-18,IN
SEARCH_006803,2025-06-18,OK
SEARCH_006804,2025-06-18,CA
SEARCH_006805,2025-06-18,WA
SEARCH_006806,2025-06-18,TX
SEARCH_006807,2025-06-19,MA
SEARCH_006808,2025-06-19,IL
SEARCH_006809,2025-06-19,SC
SEARCH_006810,2025-06-19,AR
SEARCH_006811,2025-06-19,FL
SEARCH_006812,2025-06-19,TX
SEARCH_006813,2025-06-19,FL
SEARCH_006814,2025-06-20,SC
SEARCH_006815,2025-06-20,VA
SEARCH_006816,2025-06-20,KY
SEARCH_006817,2025-06-20,NM
SEARCH_006818,2025-06-20,OH
SEARCH_006819,2025-06-20,MO
SEARCH_006820,2025-06-20,IN
SEARCH_006821,2025-06-20,GA
SEARCH_006822,2025-06-21,NC
SEARCH_006823,2025-06-21,NC
SEARCH_006824,2025-06-21,NJ
SEARCH_006825,2025-06-21,NM
SEARCH_006826,2025-06-21,PA
SEARCH_006827,2025-06-21,MA
SEARCH_006828,2025-06-21,WA
SEARCH_006829,2025-06-21,CA
SEARCH_006830,2025-06-22,VT
SEARCH_006831,2025-06-22,NC
SEARCH_006832,2025-06-22,FL
SEARCH_006833,2025-06-22,CT
SEARCH_006834,2025-06-23,VA
SEARCH_006835,2025-06-23,MO
SEARCH_006836,2025-06-23,NY
SEARCH_006837,2025-06-23,CA
SEARCH_006838,2025-06-23,MD
SEARCH_006839,2025-06-24,ME
SEARCH_006840,2025-06-24,AL
SEARCH_006841,2025-06-24,TX
SEARCH_006842,2025-06-24,CA
SEARCH_006843,2025-06-24,WA
SEARCH_006844,2025-06-24,CA
SEARCH_006845,2025-06-25,TX
SEARCH_006846,2025-06-25,MI
SEARCH_006847,2025-06-25,IL
SEARCH_006848,2025-06-25,VA
SEARCH_006849,2025-06-25,PA
SEARCH_006850,2025-06-25,TN
SEARCH_006851,2025-06-25,OR
SEARCH_006852,2025-06-25,TX
SEARCH_006853,2025-06-25,WY
SEARCH_006854,2025-06-25,NC
SEARCH_006855,2025-06-26,MS
SEARCH_006856,2025-06-26,NM
SEARCH_006857,2025-06-26,IL
SEARCH_006858,2025-06-26,LA
SEARCH_006859,2025-06-26,MA
SEARCH_006860,2025-06-26,IN
SEARCH_006861,2025-06-26,AL
SEARCH_006862,2025-06-26,TX
SEARCH_006863,2025-06-26,MO
SEARCH_006864,2025-06-26,GA
SEARCH_006865,2025-06-27,IA
SEARCH_006866,2025-06-27,VA
SEARCH_006867,2025-06-27,WV
SEARCH_006868,2025-06-27,CA
SEARCH_006869,2025-06-27,OH
SEARCH_006870,2025-06-27,CA
SEARCH_006871,2025-06-27,MA
SEARCH_006872,2025-06-27,NY
SEARCH_006873,2025-06-27,PA
SEARCH_006874,2025-06-27,PA
SEARCH_006875,2025-06-27,CA
SEARCH_006876,2025-06-28,WI
SEARCH_006877,2025-06-28,KY
SEARCH_006878,2025-06-28,SC
SEARCH_006879,2025-06-28,NC
SEARCH_006880,2025-06-28,CA
SEARCH_006881,2025-06-28,AZ
SEARCH_006882,2025-06-29,IL
SEARCH_006883,2025-06-29,WA
SEARCH_006884,2025-06-29,VA
SEARCH_006885,2025-06-29,CT
SEARCH_006886,2025-06-29,MD
SEARCH_006887,2025-06-29,CA
SEARCH_006888,2025-06-29,PA
SEARCH_006889,2025-06-30,OR
SEARCH_006890,2025-06-30,NY
SEARCH_006891,2025-06-30,NV
SEARCH_006892,2025-06-30,CA
SEARCH_006893,2025-06-30,FL
SEARCH_006894,2025-07-01,VA
SEARCH_006895,2025-07-01,WI
SEARCH_006896,2025-07-02,PA
SEARCH_006897,2025-07-02,MI
SEARCH_006898,2025-07-02,FL
SEARCH_006899,2025-07-02,CO
SEARCH_006900,2025-07-02,CA
SEARCH_006901,2025-07-02,MI
SEARCH_006902,2025-07-03,MT
SEARCH_006903,2025-07-03,OH
SEARCH_006904,2025-07-03,PA
SEARCH_006905,2025-07-03,IA
SEARCH_006906,2025-07-03,PA
SEARCH_006907,2025-07-03,NC
SEARCH_006908,2025-07-03,WI
SEARCH_006909,2025-07-04,OK
SEARCH_006910,2025-07-04,FL
SEARCH_006911,2025-07-04,MO
SEARCH_006912,2025-07-04,AL
SEARCH_006913,2025-07-04,NM
SEARCH_006914,2025-07-04,CA
SEARCH_006915,2025-07-04,VA
SEARCH_006916,2025-07-04,CA
SEARCH_006917,2025-07-04,PA
SEARCH_006918,2025-07-04,PA
SEARCH_006919,2025-07-04,TX
SEARCH_006920,2025-07-04,FL
SEARCH_006921,2025-07-04,MO
SEARCH_006922,2025-07-04,CT
SEARCH_006923,2025-07-05,TX
SEARCH_006924,2025-07-05,OH
SEARCH_006925,2025-07-05,KS
SEARCH_006926,2025-07-05,FL
SEARCH_006927,2025-07-05,FL
SEARCH_006928,2025-07-05,GA
SEARCH_006929,2025-07-05,NY
SEARCH_006930,2025-07-05,TX
SEARCH_006931,2025-07-06,NC
SEARCH_006932,2025-07-06,UT
SEARCH_006933,2025-07-06,AL
SEARCH_006934,2025-07-07,TX
SEARCH_006935,2025-07-07,FL
SEARCH_006936,2025-07-07,FL
SEARCH_006937,2025-07-07,FL
SEARCH_006938,2025-07-07,FL
SEARCH_006939,2025-07-08,IL
SEARCH_006940,2025-07-08,PA
SEARCH_006941,2025-07-08,TX
SEARCH_006942,2025-07-08,CA
SEARCH_006943,2025-07-08,FL
SEARCH_006944,2025-07-09,VA
SEARCH_006945,2025-07-09,LA
SEARCH_006946,2025-07-09,NV
SEARCH_006947,2025-07-09,MN
SEARCH_006948,2025-07-09,GA
SEARCH_006949,2025-07-09,AZ
SEARCH_006950,2025-07-09,TX
SEARCH_006951,2025-07-09,VA
SEARCH_006952,2025-07-10,IL
SEARCH_006953,2025-07-10,WI
SEARCH_006954,2025-07-10,CA
SEARCH_006955,2025-07-11,NJ
SEARCH_006956,2025-07-11,WI
SEARCH_006957,2025-07-11,AL
SEARCH_006958,2025-07-11,MN
SEARCH_006959,2025-07-11,PA
SEARCH_006960,2025-07-11,NH
SEARCH_006961,2025-07-11,AZ
SEARCH_006962,2025-07-11,NY
SEARCH_006963,2025-07-11,CA
SEARCH_006964,2025-07-12,TX
SEARCH_006965,2025-07-13,KY
SEARCH_006966,2025-07-13,SC
SEARCH_006967,2025-07-13,FL
SEARCH_006968,2025-07-13,IL
SEARCH_006969,2025-07-13,OH
SEARCH_006970,2025-07-14,OH
SEARCH_006971,2025-07-14,DE
SEARCH_006972,2025-07-14,MA
SEARCH_006973,2025-07-14,MO
SEARCH_006974,2025-07-14,NY
SEARCH_006975,2025-07-14,FL
SEARCH_006976,2025-07-14,FL
SEARCH_006977,2025-07-14,WA
SEARCH_006978,2025-07-14,MA
SEARCH_006979,2025-07-14,NY
SEARCH_006980,2025-07-14,CO
SEARCH_006981,2025-07-15,NE
SEARCH_006982,2025-07-15,OH
SEARCH_006983,2025-07-15,MA
SEARCH_006984,2025-07-15,NE
SEARCH_006985,2025-07-16,IL
SEARCH_006986,2025-07-16,PA
SEARCH_006987,2025-07-16,TX
SEARCH_006988,2025-07-16,CA
SEARCH_006989,2025-07-16,IN
SEARCH_006990,2025-07-16,ME
SEARCH_006991,2025-07-17,AR
SEARCH_006992,2025-07-17,ME
SEARCH_006993,2025-07-17,TN
SEARCH_006994,2025-07-17,IL
SEARCH_006995,2025-07-17,MI
SEARCH_006996,2025-07-18,KS
SEARCH_006997,2025-07-18,VA
SEARCH_006998,2025-07-18,MI
SEARCH_006999,2025-07-18,FL
SEARCH_007000,2025-07-18,CA
SEARCH_007001,2025-07-18,SC
SEARCH_007002,2025-07-18,NY
SEARCH_007003,2025-07-19,AZ
SEARCH_007004,2025-07-19,FL
SEARCH_007005,2025-07-19,CA
SEARCH_007006,2025-07-20,WA
SEARCH_007007,2025-07-20,NJ
SEARCH_007008,2025-07-20,WV
SEARCH_007009,2025-07-20,MA
SEARCH_007010,2025-07-20,CA
SEARCH_007011,2025-07-21,NC
SEARCH_007012,2025-07-21,MD
SEARCH_007013,2025-07-21,MS
SEARCH_007014,2025-07-21,FL
SEARCH_007015,2025-07-21,NJ
SEARCH_007016,2025-07-22,OR
SEARCH_007017,2025-07-22,MA
SEARCH_007018,2025-07-22,CT
SEARCH_007019,2025-07-22,WA
SEARCH_007020,2025-07-22,NY
SEARCH_007021,2025-07-23,FL
SEARCH_007022,2025-07-23,FL
SEARCH_007023,2025-07-23,CA
SEARCH_007024,2025-07-23,CA
SEARCH_007025,2025-07-23,VA
SEARCH_007026,2025-07-23,SC
SEARCH_007027,2025-07-23,SC
SEARCH_007028,2025-07-23,IL
SEARCH_007029,2025-07-23,FL
SEARCH_007030,2025-07-23,TX
SEARCH_007031,2025-07-23,FL
SEARCH_007032,2025-07-23,OR
SEARCH_007033,2025-07-23,CA
SEARCH_007034,2025-07-23,OK
SEARCH_007035,2025-07-24,GA
SEARCH_007036,2025-07-24,NY
SEARCH_007037,2025-07-24,NJ
SEARCH_007038,2025-07-24,KY
SEARCH_007039,2025-07-24,TN
SEARCH_007040,2025-07-24,CA
SEARCH_007041,2025-07-24,NY
SEARCH_007042,2025-07-24,TX
SEARCH_007043,2025-07-25,TX
SEARCH_007044,2025-07-25,MT
SEARCH_007045,2025-07-25,KS
SEARCH_007046,2025-07-25,CA
SEARCH_007047,2025-07-25,IN
SEARCH_007048,2025-07-25,TX
SEARCH_007049,2025-07-25,SD
SEARCH_007050,2025-07-25,GA
SEARCH_007051,2025-07-25,WI
SEARCH_007052,2025-07-25,IA
SEARCH_007053,2025-07-26,PA
SEARCH_007054,2025-07-26,WY
SEARCH_007055,2025-07-26,NV
SEARCH_007056,2025-07-27,NV
SEARCH_007057,2025-07-27,NJ
SEARCH_007058,2025-07-27,GA
SEARCH_007059,2025-07-27,TN
SEARCH_007060,2025-07-27,MN
SEARCH_007061,2025-07-28,SC
SEARCH_007062,2025-07-28,TX
SEARCH_007063,2025-07-28,WI
SEARCH_007064,2025-07-28,LA
SEARCH_007065,2025-07-28,CA
SEARCH_007066,2025-07-28,KS
SEARCH_007067,2025-07-28,GA
SEARCH_007068,2025-07-28,FL
SEARCH_007069,2025-07-29,MN
SEARCH_007070,2025-07-29,TX
SEARCH_007071,2025-07-29,OK
SEARCH_007072,2025-07-29,NC
SEARCH_007073,2025-07-29,MN
SEARCH_007074,2025-07-29,FL
SEARCH_007075,2025-07-29,WI
SEARCH_007076,2025-07-29,OH
SEARCH_007077,2025-07-29,TX
SEARCH_007078,2025-07-30,ID
SEARCH_007079,2025-07-30,HI
SEARCH_007080,2025-07-30,WI
SEARCH_007081,2025-07-30,PA
SEARCH_007082,2025-07-30,RI
SEARCH_007083,2025-07-30,FL
SEARCH_007084,2025-07-31,MI
SEARCH_007085,2025-07-31,GA
SEARCH_007086,2025-07-31,MN
SEARCH_007087,2025-07-31,OH
SEARCH_007088,2025-08-01,OR
SEARCH_007089,2025-08-01,NJ
SEARCH_007090,2025-08-02,RI
SEARCH_007091,2025-08-02,TN
SEARCH_007092,2025-08-02,TN
SEARCH_007093,2025-08-02,GA
SEARCH_007094,2025-08-02,AL
SEARCH_007095,2025-08-02,NY
SEARCH_007096,2025-08-03,MD
SEARCH_007097,2025-08-03,TX
SEARCH_007098,2025-08-03,LA
SEARCH_007099,2025-08-03,ND
SEARCH_007100,2025-08-03,TX
SEARCH_007101,2025-08-04,AZ
SEARCH_007102,2025-08-04,NY
SEARCH_007103,2025-08-04,OR
SEARCH_007104,2025-08-04,MD
SEARCH_007105,2025-08-04,CT
SEARCH_007106,2025-08-04,MO
SEARCH_007107,2025-08-04,OK
SEARCH_007108,2025-08-05,MA
SEARCH_007109,2025-08-05,FL
SEARCH_007110,2025-08-05,MI
SEARCH_007111,2025-08-06,TX
SEARCH_007112,2025-08-06,OR
SEARCH_007113,2025-08-06,CA
SEARCH_007114,2025-08-06,WI
SEARCH_007115,2025-08-06,OH
SEARCH_007116,2025-08-06,KS
SEARCH_007117,2025-08-06,ME
SEARCH_007118,2025-08-07,VA
SEARCH_007119,2025-08-07,GA
SEARCH_007120,2025-08-07,VA
SEARCH_007121,2025-08-07,TX
SEARCH_007122,2025-08-07,WA
SEARCH_007123,2025-08-07,TX
SEARCH_007124,2025-08-08,CA
SEARCH_007125,2025-08-08,CT
SEARCH_007126,2025-08-08,NJ
SEARCH_007127,2025-08-08,TX
SEARCH_007128,2025-08-08,GA
SEARCH_007129,2025-08-08,TX
SEARCH_007130,2025-08-09,CT
SEARCH_007131,2025-08-09,MS
SEARCH_007132,2025-08-09,OK
SEARCH_007133,2025-08-09,AL
SEARCH_007134,2025-08-09,FL
SEARCH_007135,2025-08-09,CA
SEARCH_007136,2025-08-10,CO
SEARCH_007137,2025-08-10,KY
SEARCH_007138,2025-08-10,IL
SEARCH_007139,2025-08-10,NY
SEARCH_007140,2025-08-10,CO
SEARCH_007141,2025-08-11,KY
SEARCH_007142,2025-08-11,WA
SEARCH_007143,2025-08-11,NV
SEARCH_007144,2025-08-11,CA
SEARCH_007145,2025-08-11,NJ
SEARCH_007146,2025-08-11,MO
SEARCH_007147,2025-08-11,NE
SEARCH_007148,2025-08-11,NY
SEARCH_007149,2025-08-11,CA
SEARCH_007150,2025-08-11,IL
SEARCH_007151,2025-08-11,OH
SEARCH_007152,2025-08-12,PA
SEARCH_007153,2025-08-12,CA
SEARCH_007154,2025-08-12,AL
SEARCH_007155,2025-08-12,NY
SEARCH_007156,2025-08-12,TN
SEARCH_007157,2025-08-12,TX
SEARCH_007158,2025-08-12,AK
SEARCH_007159,2025-08-12,FL
SEARCH_007160,2025-08-13,IL
SEARCH_007161,2025-08-13,TX
SEARCH_007162,2025-08-13,OH
SEARCH_007163,2025-08-13,OH
SEARCH_007164,2025-08-13,UT
SEARCH_007165,2025-08-13,FL
SEARCH_007166,2025-08-13,TX
SEARCH_007167,2025-08-14,OK
SEARCH_007168,2025-08-14,TN
SEARCH_007169,2025-08-14,CA
SEARCH_007170,2025-08-14,NJ
SEARCH_007171,2025-08-14,GA
SEARCH_007172,2025-08-14,NY
SEARCH_007173,2025-08-14,IN
SEARCH_007174,2025-08-14,NC
SEARCH_007175,2025-08-14,IL
SEARCH_007176,2025-08-14,FL
SEARCH_007177,2025-08-14,SC
SEARCH_007178,2025-08-14,MD
SEARCH_007179,2025-08-14,FL
SEARCH_007180,2025-08-15,NH
SEARCH_007181,2025-08-15,OK
SEARCH_007182,2025-08-15,KS
SEARCH_007183,2025-08-15,LA
SEARCH_007184,2025-08-15,NJ
SEARCH_007185,2025-08-15,GA
SEARCH_007186,2025-08-16,PA
SEARCH_007187,2025-08-16,CA
SEARCH_007188,2025-08-16,OH
SEARCH_007189,2025-08-16,IL
SEARCH_007190,2025-08-16,GA
SEARCH_007191,2025-08-16,OR
SEARCH_007192,2025-08-16,NC
SEARCH_007193,2025-08-16,PA
SEARCH_007194,2025-08-16,AR
SEARCH_007195,2025-08-16,TX
SEARCH_007196,2025-08-16,CA
SEARCH_007197,2025-08-16,MS
SEARCH_007198,2025-08-17,GA
SEARCH_007199,2025-08-17,FL
SEARCH_007200,2025-08-17,CA
SEARCH_007201,2025-08-17,CA
SEARCH_007202,2025-08-18,PA
SEARCH_007203,2025-08-18,CA
SEARCH_007204,2025-08-18,MA
SEARCH_007205,2025-08-18,AR
SEARCH_007206,2025-08-18,TX
SEARCH_007207,2025-08-18,NJ
SEARCH_007208,2025-08-19,OK
SEARCH_007209,2025-08-19,SC
SEARCH_007210,2025-08-19,SC
SEARCH_007211,2025-08-19,NJ
SEARCH_007212,2025-08-19,RI
SEARCH_007213,2025-08-19,TN
SEARCH_007214,2025-08-19,CT
SEARCH_007215,2025-08-19,UT
SEARCH_007216,2025-08-19,OK
SEARCH_007217,2025-08-20,TX
SEARCH_007218,2025-08-20,CA
SEARCH_007219,2025-08-20,TX
SEARCH_007220,2025-08-20,CT
SEARCH_007221,2025-08-20,TX
SEARCH_007222,2025-08-20,VA
SEARCH_007223,2025-08-21,MD
SEARCH_007224,2025-08-21,CA
SEARCH_007225,2025-08-21,MT
SEARCH_007226,2025-08-21,CA
SEARCH_007227,2025-08-21,OH
SEARCH_007228,2025-08-21,GA
SEARCH_007229,2025-08-21,TX
SEARCH_007230,2025-08-21,FL
SEARCH_007231,2025-08-21,NY
SEARCH_007232,2025-08-21,FL
SEARCH_007233,2025-08-21,OR
SEARCH_007234,2025-08-21,NY
SEARCH_007235,2025-08-21,OH
SEARCH_007236,2025-08-21,FL
SEARCH_007237,2025-08-22,GA
SEARCH_007238,2025-08-22,TX
SEARCH_007239,2025-08-22,IL
SEARCH_007240,2025-08-22,NY
SEARCH_007241,2025-08-22,MI
SEARCH_007242,2025-08-22,TX
SEARCH_007243,2025-08-23,PA
SEARCH_007244,2025-08-23,FL
SEARCH_007245,2025-08-23,NC
SEARCH_007246,2025-08-23,TX
SEARCH_007247,2025-08-23,CO
SEARCH_007248,2025-08-23,NY
SEARCH_007249,2025-08-23,GA
SEARCH_007250,2025-08-24,NY
SEARCH_007251,2025-08-24,GA
SEARCH_007252,2025-08-24,AK
SEARCH_007253,2025-08-24,TX
SEARCH_007254,2025-08-24,NY
SEARCH_007255,2025-08-24,TX
SEARCH_007256,2025-08-25,NJ
SEARCH_007257,2025-08-25,OR
SEARCH_007258,2025-08-25,IL
SEARCH_007259,2025-08-25,NJ
SEARCH_007260,2025-08-26,NC
SEARCH_007261,2025-08-26,ME
SEARCH_007262,2025-08-26,MN
SEARCH_007263,2025-08-26,AR
SEARCH_007264,2025-08-26,NC
SEARCH_007265,2025-08-26,NM
SEARCH_007266,2025-08-26,MD
SEARCH_007267,2025-08-26,NJ
SEARCH_007268,2025-08-26,OR
SEARCH_007269,2025-08-26,AZ
SEARCH_007270,2025-08-26,FL
SEARCH_007271,2025-08-26,FL
SEARCH_007272,2025-08-26,ID
SEARCH_007273,2025-08-27,NV
SEARCH_007274,2025-08-27,WI
SEARCH_007275,2025-08-27,TX
SEARCH_007276,2025-08-28,WI
SEARCH_007277,2025-08-28,MD
SEARCH_007278,2025-08-28,FL
SEARCH_007279,2025-08-28,GA
SEARCH_007280,2025-08-28,CA
SEARCH_007281,2025-08-28,IA
SEARCH_007282,2025-08-28,MO
SEARCH_007283,2025-08-28,SC
SEARCH_007284,2025-08-29,TX
SEARCH_007285,2025-08-29,MI
SEARCH_007286,2025-08-29,AL
SEARCH_007287,2025-08-29,FL
SEARCH_007288,2025-08-29,WA
SEARCH_007289,2025-08-29,NC
SEARCH_007290,2025-08-30,TX
SEARCH_007291,2025-08-30,WA
SEARCH_007292,2025-08-30,FL
SEARCH_007293,2025-08-30,OR
SEARCH_007294,2025-08-30,AR
SEARCH_007295,2025-08-31,WV
SEARCH_007296,2025-08-31,TX
SEARCH_007297,2025-08-31,KY
SEARCH_007298,2025-08-31,IL
SEARCH_007299,2025-08-31,NY
SEARCH_007300,2025-08-31,NC
SEARCH_007301,2025-09-01,OH
SEARCH_007302,2025-09-01,NY
SEARCH_007303,2025-09-02,NC
SEARCH_007304,2025-09-02,KY
SEARCH_007305,2025-09-02,NY
SEARCH_007306,2025-09-02,AZ
SEARCH_007307,2025-09-02,CA
SEARCH_007308,2025-09-02,TX
SEARCH_007309,2025-09-02,CA
SEARCH_007310,2025-09-02,NV
SEARCH_007311,2025-09-02,TX
SEARCH_007312,2025-09-02,FL
SEARCH_007313,2025-09-02,TN
SEARCH_007314,2025-09-03,MI
SEARCH_007315,2025-09-03,MA
SEARCH_007316,2025-09-03,PA
SEARCH_007317,2025-09-03,NY
SEARCH_007318,2025-09-03,ID
SEARCH_007319,2025-09-03,IL
SEARCH_007320,2025-09-04,PA
SEARCH_007321,2025-09-04,WA
SEARCH_007322,2025-09-04,CA
SEARCH_007323,2025-09-04,TX
SEARCH_007324,2025-09-04,FL
SEARCH_007325,2025-09-04,NV
SEARCH_007326,2025-09-04,AL
SEARCH_007327,2025-09-04,IN
SEARCH_007328,2025-09-05,OR
SEARCH_007329,2025-09-05,NJ
SEARCH_007330,2025-09-05,NV
SEARCH_007331,2025-09-06,CA
SEARCH_007332,2025-09-06,MO
SEARCH_007333,2025-09-06,MI
SEARCH_007334,2025-09-06,FL
SEARCH_007335,2025-09-06,CA
SEARCH_007336,2025-09-07,MA
SEARCH_007337,2025-09-07,NY
SEARCH_007338,2025-09-07,IA
SEARCH_007339,2025-09-07,OR
SEARCH_007340,2025-09-08,OK
SEARCH_007341,2025-09-08,CA
SEARCH_007342,2025-09-08,WV
SEARCH_007343,2025-09-08,NY
SEARCH_007344,2025-09-08,CT
SEARCH_007345,2025-09-08,FL
SEARCH_007346,2025-09-08,MA
SEARCH_007347,2025-09-08,TN
SEARCH_007348,2025-09-08,OH
SEARCH_007349,2025-09-08,MA
SEARCH_007350,2025-09-08,CA
SEARCH_007351,2025-09-09,OR
SEARCH_007352,2025-09-09,PA
SEARCH_007353,2025-09-09,HI
SEARCH_007354,2025-09-09,OH
SEARCH_007355,2025-09-09,TX
SEARCH_007356,2025-09-09,TX
SEARCH_007357,2025-09-09,AK
SEARCH_007358,2025-09-10,CO
SEARCH_007359,2025-09-10,CA
SEARCH_007360,2025-09-10,NY
SEARCH_007361,2025-09-10,MA
SEARCH_007362,2025-09-10,TX
SEARCH_007363,2025-09-10,VA
SEARCH_007364,2025-09-10,LA
SEARCH_007365,2025-09-11,OK
SEARCH_007366,2025-09-11,WV
SEARCH_007367,2025-09-11,CA
SEARCH_007368,2025-09-11,ID
SEARCH_007369,2025-09-11,TX
SEARCH_007370,2025-09-11,TN
SEARCH_007371,2025-09-11,MI
SEARCH_007372,2025-09-12,CA
SEARCH_007373,2025-09-12,NC
SEARCH_007374,2025-09-12,NC
SEARCH_007375,2025-09-12,NJ
SEARCH_007376,2025-09-12,CA
SEARCH_007377,2025-09-13,VA
SEARCH_007378,2025-09-13,AR
SEARCH_007379,2025-09-13,OR
SEARCH_007380,2025-09-13,IL
SEARCH_007381,2025-09-14,WI
SEARCH_007382,2025-09-14,NC
SEARCH_007383,2025-09-14,NY
SEARCH_007384,2025-09-14,TX
SEARCH_007385,2025-09-15,FL
SEARCH_007386,2025-09-15,NC
SEARCH_007387,2025-09-15,CA
SEARCH_007388,2025-09-15,NM
SEARCH_007389,2025-09-15,FL
SEARCH_007390,2025-09-15,NJ
SEARCH_007391,2025-09-16,WA
SEARCH_007392,2025-09-16,WI
SEARCH_007393,2025-09-16,NM
SEARCH_007394,2025-09-16,CO
SEARCH_007395,2025-09-16,NC
SEARCH_007396,2025-09-16,CA
SEARCH_007397,2025-09-16,NM
SEARCH_007398,2025-09-16,MA
SEARCH_007399,2025-09-16,CA
SEARCH_007400,2025-09-17,OH
SEARCH_007401,2025-09-17,KY
SEARCH_007402,2025-09-17,LA
SEARCH_007403,2025-09-17,NY
SEARCH_007404,2025-09-17,NC
SEARCH_007405,2025-09-17,VA
SEARCH_007406,2025-09-17,SC
SEARCH_007407,2025-09-17,FL
SEARCH_007408,2025-09-17,CA
SEARCH_007409,2025-09-17,MI
SEARCH_007410,2025-09-18,WA
SEARCH_007411,2025-09-18,CA
SEARCH_007412,2025-09-18,NY
SEARCH_007413,2025-09-18,IL
SEARCH_007414,2025-09-18,OR
SEARCH_007415,2025-09-18,AZ
SEARCH_007416,2025-09-18,WV
SEARCH_007417,2025-09-18,NM
SEARCH_007418,2025-09-19,NY
SEARCH_007419,2025-09-19,WI
SEARCH_007420,2025-09-19,CO
SEARCH_007421,2025-09-19,OH
SEARCH_007422,2025-09-19,ND
SEARCH_007423,2025-09-19,CA
SEARCH_007424,2025-09-19,GA
SEARCH_007425,2025-09-19,NC
SEARCH_007426,2025-09-19,CA
SEARCH_007427,2025-09-19,FL
SEARCH_007428,2025-09-20,CO
SEARCH_007429,2025-09-20,FL
SEARCH_007430,2025-09-20,MS
SEARCH_007431,2025-09-20,GA
SEARCH_007432,2025-09-20,IA
SEARCH_007433,2025-09-20,WA
SEARCH_007434,2025-09-21,TX
SEARCH_007435,2025-09-21,FL
SEARCH_007436,2025-09-21,NY
SEARCH_007437,2025-09-21,TX
SEARCH_007438,2025-09-21,TX
SEARCH_007439,2025-09-21,CO
SEARCH_007440,2025-09-21,MO
SEARCH_007441,2025-09-21,NC
SEARCH_007442,2025-09-21,CA
SEARCH_007443,2025-09-22,GA
SEARCH_007444,2025-09-22,AL
SEARCH_007445,2025-09-22,NC
SEARCH_007446,2025-09-22,TX
SEARCH_007447,2025-09-22,GA
SEARCH_007448,2025-09-22,FL
SEARCH_007449,2025-09-23,AL
SEARCH_007450,2025-09-23,PA
SEARCH_007451,2025-09-23,AZ
SEARCH_007452,2025-09-23,MA
SEARCH_007453,2025-09-23,KY
SEARCH_007454,2025-09-23,NJ
SEARCH_007455,2025-09-23,IL
SEARCH_007456,2025-09-23,CA
SEARCH_007457,2025-09-23,DE
SEARCH_007458,2025-09-23,NC
SEARCH_007459,2025-09-23,TX
SEARCH_007460,2025-09-24,TX
SEARCH_007461,2025-09-24,TX
SEARCH_007462,2025-09-24,NY
SEARCH_007463,2025-09-24,LA
SEARCH_007464,2025-09-24,LA
SEARCH_007465,2025-09-24,MD
SEARCH_007466,2025-09-24,NJ
SEARCH_007467,2025-09-24,NJ
SEARCH_007468,2025-09-24,IN
SEARCH_007469,2025-09-24,PA
SEARCH_007470,2025-09-24,MI
SEARCH_007471,2025-09-25,IL
SEARCH_007472,2025-09-25,CA
SEARCH_007473,2025-09-25,NY
SEARCH_007474,2025-09-25,ME
SEARCH_007475,2025-09-25,WI
SEARCH_007476,2025-09-25,NY
SEARCH_007477,2025-09-25,FL
SEARCH_007478,2025-09-25,IN
SEARCH_007479,2025-09-26,CA
SEARCH_007480,2025-09-26,TN
SEARCH_007481,2025-09-26,VA
SEARCH_007482,2025-09-26,OH
SEARCH_007483,2025-09-26,GA
SEARCH_007484,2025-09-26,AL
SEARCH_007485,2025-09-26,FL
SEARCH_007486,2025-09-26,NY
SEARCH_007487,2025-09-27,CA
SEARCH_007488,2025-09-27,CA
SEARCH_007489,2025-09-27,MN
SEARCH_007490,2025-09-27,PA
SEARCH_007491,2025-09-27,IL
SEARCH_007492,2025-09-27,CA
SEARCH_007493,2025-09-28,IL
SEARCH_007494,2025-09-28,CA
SEARCH_007495,2025-09-28,HI
SEARCH_007496,2025-09-28,CA
SEARCH_007497,2025-09-28,WA
SEARCH_007498,2025-09-28,TX
SEARCH_007499,2025-09-28,CA
SEARCH_007500,2025-09-29,CA
SEARCH_007501,2025-09-29,SC
SEARCH_007502,2025-09-29,NC
SEARCH_007503,2025-09-29,SC
SEARCH_007504,2025-09-29,DE
SEARCH_007505,2025-09-29,KS
SEARCH_007506,2025-09-29,FL
SEARCH_007507,2025-09-29,SC
SEARCH_007508,2025-09-29,FL
SEARCH_007509,2025-09-29,TX
SEARCH_007510,2025-09-30,NC
SEARCH_007511,2025-09-30,AZ
SEARCH_007512,2025-09-30,NY
SEARCH_007513,2025-09-30,CA
SEARCH_007514,2025-09-30,WV
SEARCH_007515,2025-09-30,MA
SEARCH_007516,2025-09-30,IL
SEARCH_007517,2025-09-30,SC
SEARCH_007518,2025-09-30,CA
SEARCH_007519,2025-09-30,LA
SEARCH_007520,2025-09-30,CA
SEARCH_007521,2025-09-30,MO
SEARCH_007522,2025-10-01,KS
SEARCH_007523,2025-10-01,CO
SEARCH_007524,2025-10-01,GA
SEARCH_007525,2025-10-01,FL
SEARCH_007526,2025-10-02,IN
SEARCH_007527,2025-10-02,NY
SEARCH_007528,2025-10-02,CT
SEARCH_007529,2025-10-02,GA
SEARCH_007530,2025-10-02,WA
SEARCH_007531,2025-10-02,PA
SEARCH_007532,2025-10-02,DE
SEARCH_007533,2025-10-02,CT
SEARCH_007534,2025-10-02,MN
SEARCH_007535,2025-10-03,NC
SEARCH_007536,2025-10-03,IL
SEARCH_007537,2025-10-03,IL
SEARCH_007538,2025-10-03,LA
SEARCH_007539,2025-10-03,MD
SEARCH_007540,2025-10-03,CA
SEARCH_007541,2025-10-03,TN
SEARCH_007542,2025-10-03,NC
SEARCH_007543,2025-10-04,MA
SEARCH_007544,2025-10-04,TX
SEARCH_007545,2025-10-04,IN
SEARCH_007546,2025-10-04,KY
SEARCH_007547,2025-10-04,MO
SEARCH_007548,2025-10-04,NC
SEARCH_007549,2025-10-05,FL
SEARCH_007550,2025-10-05,MA
SEARCH_007551,2025-10-06,TX
SEARCH_007552,2025-10-06,NV
SEARCH_007553,2025-10-06,OH
SEARCH_007554,2025-10-06,IL
SEARCH_007555,2025-10-06,TX
SEARCH_007556,2025-10-06,NC
SEARCH_007557,2025-10-07,GA
SEARCH_007558,2025-10-07,NY
SEARCH_007559,2025-10-07,MD
SEARCH_007560,2025-10-07,CA
SEARCH_007561,2025-10-07,VA
SEARCH_007562,2025-10-07,CT
SEARCH_007563,2025-10-07,FL
SEARCH_007564,2025-10-08,WA
SEARCH_007565,2025-10-08,CO
SEARCH_007566,2025-10-08,MN
SEARCH_007567,2025-10-08,TX
SEARCH_007568,2025-10-08,LA
SEARCH_007569,2025-10-08,NV
SEARCH_007570,2025-10-08,MI
SEARCH_007571,2025-10-08,NM
SEARCH_007572,2025-10-08,VA
SEARCH_007573,2025-10-08,PA
SEARCH_007574,2025-10-08,TX
SEARCH_007575,2025-10-08,GA
SEARCH_007576,2025-10-08,CA
SEARCH_007577,2025-10-09,SC
SEARCH_007578,2025-10-09,VA
SEARCH_007579,2025-10-09,NJ
SEARCH_007580,2025-10-10,NY
SEARCH_007581,2025-10-10,NJ
SEARCH_007582,2025-10-10,OR
SEARCH_007583,2025-10-10,MS
SEARCH_007584,2025-10-10,AL
SEARCH_007585,2025-10-10,MO
SEARCH_007586,2025-10-10,NY
SEARCH_007587,2025-10-10,OR
SEARCH_007588,2025-10-10,NY
SEARCH_007589,2025-10-10,MO
SEARCH_007590,2025-10-11,GA
SEARCH_007591,2025-10-11,CA
SEARCH_007592,2025-10-11,TX
SEARCH_007593,2025-10-11,IA
SEARCH_007594,2025-10-12,WA
SEARCH_007595,2025-10-12,CT
SEARCH_007596,2025-10-12,NC
SEARCH_007597,2025-10-12,TX
SEARCH_007598,2025-10-12,IN
SEARCH_007599,2025-10-12,FL
SEARCH_007600,2025-10-12,KY
SEARCH_007601,2025-10-13,OH
SEARCH_007602,2025-10-13,MN
SEARCH_007603,2025-10-13,UT
SEARCH_007604,2025-10-13,MA
SEARCH_007605,2025-10-13,FL
SEARCH_007606,2025-10-13,IN
SEARCH_007607,2025-10-13,IN
SEARCH_007608,2025-10-13,WI
SEARCH_007609,2025-10-14,OH
SEARCH_007610,2025-10-14,TX
SEARCH_007611,2025-10-14,MD
SEARCH_007612,2025-10-14,CA
SEARCH_007613,2025-10-14,SD
SEARCH_007614,2025-10-14,IL
SEARCH_007615,2025-10-14,CA
SEARCH_007616,2025-10-14,CO
SEARCH_007617,2025-10-14,IL
SEARCH_007618,2025-10-14,IL
SEARCH_007619,2025-10-14,MS
SEARCH_007620,2025-10-14,WA
SEARCH_007621,2025-10-14,MI
SEARCH_007622,2025-10-14,FL
SEARCH_007623,2025-10-14,MA
SEARCH_007624,2025-10-14,MA
SEARCH_007625,2025-10-15,NY
SEARCH_007626,2025-10-15,GA
SEARCH_007627,2025-10-15,CA
SEARCH_007628,2025-10-15,WI
SEARCH_007629,2025-10-15,WY
SEARCH_007630,2025-10-15,NV
SEARCH_007631,2025-10-15,CA
SEARCH_007632,2025-10-15,MI
SEARCH_007633,2025-10-15,OH
SEARCH_007634,2025-10-15,MT
SEARCH_007635,2025-10-16,KY
SEARCH_007636,2025-10-16,SC
SEARCH_007637,2025-10-16,RI
SEARCH_007638,2025-10-16,NJ
SEARCH_007639,2025-10-16,FL
SEARCH_007640,2025-10-16,AZ
SEARCH_007641,2025-10-16,IL
SEARCH_007642,2025-10-16,FL
SEARCH_007643,2025-10-16,MD
SEARCH_007644,2025-10-17,TX
SEARCH_007645,2025-10-17,NY
SEARCH_007646,2025-10-17,MI
SEARCH_007647,2025-10-18,ND
SEARCH_007648,2025-10-18,TN
SEARCH_007649,2025-10-18,OH
SEARCH_007650,2025-10-19,TX
SEARCH_007651,2025-10-19,NJ
SEARCH_007652,2025-10-19,NV
SEARCH_007653,2025-10-19,WV
SEARCH_007654,2025-10-20,NM
SEARCH_007655,2025-10-20,TX
SEARCH_007656,2025-10-20,NY
SEARCH_007657,2025-10-20,OH
SEARCH_007658,2025-10-20,MD
SEARCH_007659,2025-10-20,CA
SEARCH_007660,2025-10-21,VA
SEARCH_007661,2025-10-21,FL
SEARCH_007662,2025-10-21,AZ
SEARCH_007663,2025-10-21,WA
SEARCH_007664,2025-10-21,ME
SEARCH_007665,2025-10-21,CT
SEARCH_007666,2025-10-21,TX
SEARCH_007667,2025-10-21,OH
SEARCH_007668,2025-10-21,NH
SEARCH_007669,2025-10-21,VA
SEARCH_007670,2025-10-21,SC
SEARCH_007671,2025-10-21,TN
SEARCH_007672,2025-10-21,LA
SEARCH_007673,2025-10-21,AZ
SEARCH_007674,2025-10-22,HI
SEARCH_007675,2025-10-22,IN
SEARCH_007676,2025-10-22,MD
SEARCH_007677,2025-10-22,CT
SEARCH_007678,2025-10-22,GA
SEARCH_007679,2025-10-22,MI
SEARCH_007680,2025-10-23,LA
SEARCH_007681,2025-10-23,WI
SEARCH_007682,2025-10-23,IL
SEARCH_007683,2025-10-23,IA
SEARCH_007684,2025-10-23,TX
SEARCH_007685,2025-10-23,CT
SEARCH_007686,2025-10-24,OH
SEARCH_007687,2025-10-24,NY
SEARCH_007688,2025-10-24,CA
SEARCH_007689,2025-10-24,OH
SEARCH_007690,2025-10-24,CA
SEARCH_007691,2025-10-24,KY
SEARCH_007692,2025-10-24,NE
SEARCH_007693,2025-10-25,CA
SEARCH_007694,2025-10-25,TN
SEARCH_007695,2025-10-25,TX
SEARCH_007696,2025-10-25,CA
SEARCH_007697,2025-10-25,OR
SEARCH_007698,2025-10-25,CA
SEARCH_007699,2025-10-26,TX
SEARCH_007700,2025-10-26,AR
SEARCH_007701,2025-10-26,GA
SEARCH_007702,2025-10-26,HI
SEARCH_007703,2025-10-26,CA
SEARCH_007704,2025-10-26,FL
SEARCH_007705,2025-10-26,AL
SEARCH_007706,2025-10-26,IA
SEARCH_007707,2025-10-27,OK
SEARCH_007708,2025-10-27,NY
SEARCH_007709,2025-10-27,GA
SEARCH_007710,2025-10-27,FL
SEARCH_007711,2025-10-27,MA
SEARCH_007712,2025-10-27,WA
SEARCH_007713,2025-10-28,OH
SEARCH_007714,2025-10-28,TX
SEARCH_007715,2025-10-28,KY
SEARCH_007716,2025-10-28,TX
SEARCH_007717,2025-10-28,NV
SEARCH_007718,2025-10-28,AZ
SEARCH_007719,2025-10-28,TN
SEARCH_007720,2025-10-28,GA
SEARCH_007721,2025-10-28,NC
SEARCH_007722,2025-10-28,FL
SEARCH_007723,2025-10-28,WA
SEARCH_007724,2025-10-28,LA
SEARCH_007725,2025-10-29,VA
SEARCH_007726,2025-10-29,UT
SEARCH_007727,2025-10-29,MO
SEARCH_007728,2025-10-29,PA
SEARCH_007729,2025-10-29,NY
SEARCH_007730,2025-10-29,NH
SEARCH_007731,2025-10-29,PA
SEARCH_007732,2025-10-29,TX
SEARCH_007733,2025-10-29,CO
SEARCH_007734,2025-10-29,LA
SEARCH_007735,2025-10-29,NJ
SEARCH_007736,2025-10-29,ND
SEARCH_007737,2025-10-29,OH
SEARCH_007738,2025-10-29,KY
SEARCH_007739,2025-10-30,ME
SEARCH_007740,2025-10-30,NY
SEARCH_007741,2025-10-30,FL
SEARCH_007742,2025-10-30,KY
SEARCH_007743,2025-10-30,TX
SEARCH_007744,2025-10-30,MS
SEARCH_007745,2025-10-30,TX
SEARCH_007746,2025-10-30,DC
SEARCH_007747,2025-10-31,TN
SEARCH_007748,2025-10-31,KY
SEARCH_007749,2025-10-31,AZ
SEARCH_007750,2025-10-31,PA
SEARCH_007751,2025-10-31,IN
SEARCH_007752,2025-10-31,TX
SEARCH_007753,2025-10-31,WA
SEARCH_007754,2025-10-31,TX
SEARCH_007755,2025-10-31,NC
SEARCH_007756,2025-11-01,NC
SEARCH_007757,2025-11-01,PA
SEARCH_007758,2025-11-01,AL
SEARCH_007759,2025-11-01,UT
SEARCH_007760,2025-11-01,NV
SEARCH_007761,2025-11-01,CA
SEARCH_007762,2025-11-02,NC
SEARCH_007763,2025-11-02,FL
SEARCH_007764,2025-11-02,WA
SEARCH_007765,2025-11-02,MA
SEARCH_007766,2025-11-02,WA
SEARCH_007767,2025-11-02,TX
SEARCH_007768,2025-11-02,NE
SEARCH_007769,2025-11-03,PA
SEARCH_007770,2025-11-03,VA
SEARCH_007771,2025-11-03,TX
SEARCH_007772,2025-11-03,SC
SEARCH_007773,2025-11-03,OH
SEARCH_007774,2025-11-03,LA
SEARCH_007775,2025-11-04,FL
SEARCH_007776,2025-11-04,MN
SEARCH_007777,2025-11-04,MA
SEARCH_007778,2025-11-04,CA
SEARCH_007779,2025-11-04,GA
SEARCH_007780,2025-11-04,FL
SEARCH_007781,2025-11-04,TX
SEARCH_007782,2025-11-04,MA
SEARCH_007783,2025-11-04,IA
SEARCH_007784,2025-11-05,VA
SEARCH_007785,2025-11-05,TX
SEARCH_007786,2025-11-05,SC
SEARCH_007787,2025-11-05,FL
SEARCH_007788,2025-11-05,MN
SEARCH_007789,2025-11-05,NY
SEARCH_007790,2025-11-05,MI
SEARCH_007791,2025-11-05,NC
SEARCH_007792,2025-11-05,LA
SEARCH_007793,2025-11-05,UT
SEARCH_007794,2025-11-05,MI
SEARCH_007795,2025-11-05,IL
SEARCH_007796,2025-11-06,NC
SEARCH_007797,2025-11-06,TX
SEARCH_007798,2025-11-06,NH
SEARCH_007799,2025-11-06,MI
SEARCH_007800,2025-11-06,TN
SEARCH_007801,2025-11-06,IL
SEARCH_007802,2025-11-06,GA
SEARCH_007803,2025-11-06,MS
SEARCH_007804,2025-11-06,TX
SEARCH_007805,2025-11-07,PA
SEARCH_007806,2025-11-07,HI
SEARCH_007807,2025-11-07,AZ
SEARCH_007808,2025-11-07,TX
SEARCH_007809,2025-11-07,MT
SEARCH_007810,2025-11-07,OH
SEARCH_007811,2025-11-07,MI
SEARCH_007812,2025-11-07,FL
SEARCH_007813,2025-11-08,MI
SEARCH_007814,2025-11-08,TX
SEARCH_007815,2025-11-08,OK
SEARCH_007816,2025-11-08,MS
SEARCH_007817,2025-11-08,TN
SEARCH_007818,2025-11-08,IL
SEARCH_007819,2025-11-08,IL
SEARCH_007820,2025-11-09,TX
SEARCH_007821,2025-11-09,CT
SEARCH_007822,2025-11-09,MI
SEARCH_007823,2025-11-09,MI
SEARCH_007824,2025-11-09,OH
SEARCH_007825,2025-11-09,NC
SEARCH_007826,2025-11-09,OH
SEARCH_007827,2025-11-09,CA
SEARCH_007828,2025-11-10,AZ
SEARCH_007829,2025-11-10,CA
SEARCH_007830,2025-11-10,NY
SEARCH_007831,2025-11-10,FL
SEARCH_007832,2025-11-11,IL
SEARCH_007833,2025-11-11,NY
SEARCH_007834,2025-11-11,PA
SEARCH_007835,2025-11-11,CA
SEARCH_007836,2025-11-11,TX
SEARCH_007837,2025-11-11,TX
SEARCH_007838,2025-11-11,PA
SEARCH_007839,2025-11-12,CT
SEARCH_007840,2025-11-12,CA
SEARCH_007841,2025-11-12,CA
SEARCH_007842,2025-11-13,NC
SEARCH_007843,2025-11-13,NC
SEARCH_007844,2025-11-13,IL
SEARCH_007845,2025-11-13,NJ
SEARCH_007846,2025-11-13,CO
SEARCH_007847,2025-11-13,OR
SEARCH_007848,2025-11-14,AZ
SEARCH_007849,2025-11-14,FL
SEARCH_007850,2025-11-14,CA
SEARCH_007851,2025-11-14,CA
SEARCH_007852,2025-11-14,LA
SEARCH_007853,2025-11-14,IL
SEARCH_007854,2025-11-14,TX
SEARCH_007855,2025-11-14,OH
SEARCH_007856,2025-11-14,TX
SEARCH_007857,2025-11-14,TX
SEARCH_007858,2025-11-14,OK
SEARCH_007859,2025-11-14,OH
SEARCH_007860,2025-11-14,GA
SEARCH_007861,2025-11-15,NY
SEARCH_007862,2025-11-15,KS
SEARCH_007863,2025-11-15,PA
SEARCH_007864,2025-11-15,CA
SEARCH_007865,2025-11-15,FL
SEARCH_007866,2025-11-16,TX
SEARCH_007867,2025-11-16,NH
SEARCH_007868,2025-11-16,MN
SEARCH_007869,2025-11-16,VA
SEARCH_007870,2025-11-16,NC
SEARCH_007871,2025-11-16,TX
SEARCH_007872,2025-11-17,IN
SEARCH_007873,2025-11-17,NC
SEARCH_007874,2025-11-17,CO
SEARCH_007875,2025-11-17,DC
SEARCH_007876,2025-11-18,CA
SEARCH_007877,2025-11-18,IL
SEARCH_007878,2025-11-18,ID
SEARCH_007879,2025-11-18,TN
SEARCH_007880,2025-11-18,OH
SEARCH_007881,2025-11-18,CA
SEARCH_007882,2025-11-19,AZ
SEARCH_007883,2025-11-19,AL
SEARCH_007884,2025-11-19,OH
SEARCH_007885,2025-11-19,PA
SEARCH_007886,2025-11-19,IA
SEARCH_007887,2025-11-19,FL
SEARCH_007888,2025-11-19,MN
SEARCH_007889,2025-11-19,OH
SEARCH_007890,2025-11-19,NY
SEARCH_007891,2025-11-19,GA
SEARCH_007892,2025-11-19,FL
SEARCH_007893,2025-11-19,MA
SEARCH_007894,2025-11-19,CA
SEARCH_007895,2025-11-19,FL
SEARCH_007896,2025-11-19,CA
SEARCH_007897,2025-11-20,MN
SEARCH_007898,2025-11-20,TN
SEARCH_007899,2025-11-20,MI
SEARCH_007900,2025-11-20,FL
SEARCH_007901,2025-11-20,MA
SEARCH_007902,2025-11-21,NC
SEARCH_007903,2025-11-21,KY
SEARCH_007904,2025-11-21,FL
SEARCH_007905,2025-11-21,PA
SEARCH_007906,2025-11-22,MO
SEARCH_007907,2025-11-22,MA
SEARCH_007908,2025-11-22,MD
SEARCH_007909,2025-11-22,VA
SEARCH_007910,2025-11-22,CA
SEARCH_007911,2025-11-22,IL
SEARCH_007912,2025-11-22,CA
SEARCH_007913,2025-11-22,OR
SEARCH_007914,2025-11-23,MI
SEARCH_007915,2025-11-23,CA
SEARCH_007916,2025-11-23,ID
SEARCH_007917,2025-11-23,MD
SEARCH_007918,2025-11-23,OH
SEARCH_007919,2025-11-23,AZ
SEARCH_007920,2025-11-23,FL
SEARCH_007921,2025-11-24,TX
SEARCH_007922,2025-11-24,TX
SEARCH_007923,2025-11-24,AZ
SEARCH_007924,2025-11-24,PA
SEARCH_007925,2025-11-24,NC
SEARCH_007926,2025-11-25,NV
SEARCH_007927,2025-11-25,KY
SEARCH_007928,2025-11-25,SC
SEARCH_007929,2025-11-25,MN
SEARCH_007930,2025-11-25,TX
SEARCH_007931,2025-11-26,WY
SEARCH_007932,2025-11-26,TX
SEARCH_007933,2025-11-26,TX
SEARCH_007934,2025-11-26,ID
SEARCH_007935,2025-11-26,LA
SEARCH_007936,2025-11-26,OK
SEARCH_007937,2025-11-26,NJ
SEARCH_007938,2025-11-26,VA
SEARCH_007939,2025-11-26,CA
SEARCH_007940,2025-11-26,CA
SEARCH_007941,2025-11-27,FL
SEARCH_007942,2025-11-27,TX
SEARCH_007943,2025-11-27,CA
SEARCH_007944,2025-11-27,FL
SEARCH_007945,2025-11-27,MA
SEARCH_007946,2025-11-28,FL
SEARCH_007947,2025-11-28,PA
SEARCH_007948,2025-11-28,GA
SEARCH_007949,2025-11-28,CA
SEARCH_007950,2025-11-28,TN
SEARCH_007951,2025-11-28,DE
SEARCH_007952,2025-11-28,MO
SEARCH_007953,2025-11-28,TX
SEARCH_007954,2025-11-28,NJ
SEARCH_007955,2025-11-28,IL
SEARCH_007956,2025-11-28,FL
SEARCH_007957,2025-11-29,NY
SEARCH_007958,2025-11-29,CT
SEARCH_007959,2025-11-29,TX
SEARCH_007960,2025-11-29,NY
SEARCH_007961,2025-11-29,OH
SEARCH_007962,2025-11-30,IL
SEARCH_007963,2025-11-30,AR
SEARCH_007964,2025-11-30,GA
SEARCH_007965,2025-11-30,FL
SEARCH_007966,2025-12-01,FL
SEARCH_007967,2025-12-01,CT
SEARCH_007968,2025-12-01,NC
SEARCH_007969,2025-12-01,MI
SEARCH_007970,2025-12-01,CA
SEARCH_007971,2025-12-01,NC
SEARCH_007972,2025-12-01,MN
SEARCH_007973,2025-12-02,IL
SEARCH_007974,2025-12-02,CA
SEARCH_007975,2025-12-02,IL
SEARCH_007976,2025-12-02,CA
SEARCH_007977,2025-12-02,NH
SEARCH_007978,2025-12-02,TX
SEARCH_007979,2025-12-02,GA
SEARCH_007980,2025-12-02,TX
SEARCH_007981,2025-12-02,CT
SEARCH_007982,2025-12-02,MI
SEARCH_007983,2025-12-02,NC
SEARCH_007984,2025-12-02,CA
SEARCH_007985,2025-12-02,CT
SEARCH_007986,2025-12-03,OH
SEARCH_007987,2025-12-03,OH
SEARCH_007988,2025-12-03,NY
SEARCH_007989,2025-12-03,IN
SEARCH_007990,2025-12-03,MD
SEARCH_007991,2025-12-03,LA
SEARCH_007992,2025-12-03,NY
SEARCH_007993,2025-12-03,VA
SEARCH_007994,2025-12-04,FL
SEARCH_007995,2025-12-04,NY
SEARCH_007996,2025-12-04,MO
SEARCH_007997,2025-12-04,NC
SEARCH_007998,2025-12-04,MN
SEARCH_007999,2025-12-04,SD
SEARCH_008000,2025-12-04,OH
SEARCH_008001,2025-12-04,TX
SEARCH_008002,2025-12-05,IL
SEARCH_008003,2025-12-05,MD
SEARCH_008004,2025-12-05,TX
SEARCH_008005,2025-12-05,IA
SEARCH_008006,2025-12-05,GA
SEARCH_008007,2025-12-05,FL
SEARCH_008008,2025-12-05,MN
SEARCH_008009,2025-12-05,GA
SEARCH_008010,2025-12-05,MS
SEARCH_008011,2025-12-05,FL
SEARCH_008012,2025-12-06,SC
SEARCH_008013,2025-12-06,TX
SEARCH_008014,2025-12-06,VA
SEARCH_008015,2025-12-06,CA
SEARCH_008016,2025-12-06,FL
SEARCH_008017,2025-12-06,NC
SEARCH_008018,2025-12-07,WI
SEARCH_008019,2025-12-07,TX
SEARCH_008020,2025-12-07,AR
SEARCH_008021,2025-12-07,FL
SEARCH_008022,2025-12-07,PA
SEARCH_008023,2025-12-07,FL
SEARCH_008024,2025-12-07,NC
SEARCH_008025,2025-12-07,IN
SEARCH_008026,2025-12-07,TN
SEARCH_008027,2025-12-08,FL
SEARCH_008028,2025-12-08,CA
SEARCH_008029,2025-12-08,FL
SEARCH_008030,2025-12-08,UT
SEARCH_008031,2025-12-08,MS
SEARCH_008032,2025-12-09,TX
SEARCH_008033,2025-12-09,CA
SEARCH_008034,2025-12-09,AZ
SEARCH_008035,2025-12-09,MI
SEARCH_008036,2025-12-09,FL
SEARCH_008037,2025-12-09,CO
SEARCH_008038,2025-12-10,WV
SEARCH_008039,2025-12-10,CA
SEARCH_008040,2025-12-10,IA
SEARCH_008041,2025-12-10,FL
SEARCH_008042,2025-12-10,VA
SEARCH_008043,2025-12-10,TX
SEARCH_008044,2025-12-10,IL
SEARCH_008045,2025-12-10,PA
SEARCH_008046,2025-12-10,CT
SEARCH_008047,2025-12-10,NE
SEARCH_008048,2025-12-10,FL
SEARCH_008049,2025-12-10,NY
SEARCH_008050,2025-12-11,FL
SEARCH_008051,2025-12-11,KY
SEARCH_008052,2025-12-11,NJ
SEARCH_008053,2025-12-11,GA
SEARCH_008054,2025-12-11,MA
SEARCH_008055,2025-12-11,CA
SEARCH_008056,2025-12-11,FL
SEARCH_008057,2025-12-12,KY
SEARCH_008058,2025-12-12,CT
SEARCH_008059,2025-12-12,KS
SEARCH_008060,2025-12-12,UT
SEARCH_008061,2025-12-12,TX
SEARCH_008062,2025-12-12,FL
SEARCH_008063,2025-12-12,CA
SEARCH_008064,2025-12-12,NV
SEARCH_008065,2025-12-12,LA
SEARCH_008066,2025-12-12,CA
SEARCH_008067,2025-12-13,AZ
SEARCH_008068,2025-12-13,CA
SEARCH_008069,2025-12-13,TX
SEARCH_008070,2025-12-13,VA
SEARCH_008071,2025-12-13,MA
SEARCH_008072,2025-12-14,NJ
SEARCH_008073,2025-12-14,MI
SEARCH_008074,2025-12-14,ID
SEARCH_008075,2025-12-14,FL
SEARCH_008076,2025-12-14,NC
SEARCH_008077,2025-12-15,GA
SEARCH_008078,2025-12-15,NC
SEARCH_008079,2025-12-15,TX
SEARCH_008080,2025-12-15,PA
SEARCH_008081,2025-12-15,IN
SEARCH_008082,2025-12-15,GA
SEARCH_008083,2025-12-15,NY
SEARCH_008084,2025-12-15,WA
SEARCH_008085,2025-12-16,FL
SEARCH_008086,2025-12-16,AZ
SEARCH_008087,2025-12-16,MA
SEARCH_008088,2025-12-16,IN
SEARCH_008089,2025-12-16,MD
SEARCH_008090,2025-12-16,PA
SEARCH_008091,2025-12-16,TX
SEARCH_008092,2025-12-16,WA
SEARCH_008093,2025-12-16,CA
SEARCH_008094,2025-12-16,MI
SEARCH_008095,2025-12-16,TN
SEARCH_008096,2025-12-16,IL
SEARCH_008097,2025-12-17,NJ
SEARCH_008098,2025-12-17,FL
SEARCH_008099,2025-12-17,CO
SEARCH_008100,2025-12-17,NY
SEARCH_008101,2025-12-18,TN
SEARCH_008102,2025-12-18,GA
SEARCH_008103,2025-12-18,SC
SEARCH_008104,2025-12-18,TX
SEARCH_008105,2025-12-18,CO
SEARCH_008106,2025-12-18,MD
SEARCH_008107,2025-12-18,CA
SEARCH_008108,2025-12-18,PA
SEARCH_008109,2025-12-18,CA
SEARCH_008110,2025-12-18,TX
SEARCH_008111,2025-12-18,NJ
SEARCH_008112,2025-12-18,TX
SEARCH_008113,2025-12-18,NY
SEARCH_008114,2025-12-18,AZ
SEARCH_008115,2025-12-18,CA
SEARCH_008116,2025-12-18,CT
SEARCH_008117,2025-12-19,OH
SEARCH_008118,2025-12-19,IA
SEARCH_008119,2025-12-19,PA
SEARCH_008120,2025-12-19,WV
SEARCH_008121,2025-12-19,CA
SEARCH_008122,2025-12-19,FL
SEARCH_008123,2025-12-19,CA
SEARCH_008124,2025-12-19,TX
SEARCH_008125,2025-12-19,TX
SEARCH_008126,2025-12-19,MI
SEARCH_008127,2025-12-20,MA
SEARCH_008128,2025-12-20,KS
SEARCH_008129,2025-12-20,SC
SEARCH_008130,2025-12-20,FL
SEARCH_008131,2025-12-20,AR
SEARCH_008132,2025-12-20,CO
SEARCH_008133,2025-12-20,NV
SEARCH_008134,2025-12-21,NJ
SEARCH_008135,2025-12-21,WA
SEARCH_008136,2025-12-21,IN
SEARCH_008137,2025-12-21,TN
SEARCH_008138,2025-12-21,MI
SEARCH_008139,2025-12-21,NJ
SEARCH_008140,2025-12-21,VA
SEARCH_008141,2025-12-21,NJ
SEARCH_008142,2025-12-22,CA
SEARCH_008143,2025-12-22,NC
SEARCH_008144,2025-12-22,IA
SEARCH_008145,2025-12-22,WA
SEARCH_008146,2025-12-22,OH
SEARCH_008147,2025-12-22,CA
SEARCH_008148,2025-12-22,MA
SEARCH_008149,2025-12-22,MS
SEARCH_008150,2025-12-22,NY
SEARCH_008151,2025-12-22,OH
SEARCH_008152,2025-12-22,UT
SEARCH_008153,2025-12-23,TX
SEARCH_008154,2025-12-23,MO
SEARCH_008155,2025-12-23,IL
SEARCH_008156,2025-12-23,NC
SEARCH_008157,2025-12-23,FL
SEARCH_008158,2025-12-23,CA
SEARCH_008159,2025-12-24,TX
SEARCH_008160,2025-12-24,WI
SEARCH_008161,2025-12-24,IN
SEARCH_008162,2025-12-24,MD
SEARCH_008163,2025-12-24,OR
SEARCH_008164,2025-12-24,CA
SEARCH_008165,2025-12-24,VA
SEARCH_008166,2025-12-24,PA
SEARCH_008167,2025-12-24,TX
SEARCH_008168,2025-12-24,GA
SEARCH_008169,2025-12-24,IA
SEARCH_008170,2025-12-24,CA
SEARCH_008171,2025-12-25,PA
SEARCH_008172,2025-12-25,FL
SEARCH_008173,2025-12-25,MS
SEARCH_008174,2025-12-25,AL
SEARCH_008175,2025-12-25,TX
SEARCH_008176,2025-12-26,SC
SEARCH_008177,2025-12-26,FL
SEARCH_008178,2025-12-26,MO
SEARCH_008179,2025-12-26,MA
SEARCH_008180,2025-12-26,WA
SEARCH_008181,2025-12-26,MO
SEARCH_008182,2025-12-26,WV
SEARCH_008183,2025-12-26,GA
SEARCH_008184,2025-12-26,CA
SEARCH_008185,2025-12-26,FL
SEARCH_008186,2025-12-26,MI
SEARCH_008187,2025-12-27,WV
SEARCH_008188,2025-12-27,TX
SEARCH_008189,2025-12-27,FL
SEARCH_008190,2025-12-27,IA
SEARCH_008191,2025-12-27,CA
SEARCH_008192,2025-12-27,NY
SEARCH_008193,2025-12-28,OH
SEARCH_008194,2025-12-28,MI
SEARCH_008195,2025-12-28,IL
SEARCH_008196,2025-12-28,KY
SEARCH_008197,2025-12-28,ME
SEARCH_008198,2025-12-28,KY
SEARCH_008199,2025-12-29,NY
SEARCH_008200,2025-12-29,AL
SEARCH_008201,2025-12-29,NJ
SEARCH_008202,2025-12-29,WA
SEARCH_008203,2025-12-29,CO
SEARCH_008204,2025-12-29,TX
SEARCH_008205,2025-12-29,IN
SEARCH_008206,2025-12-30,CA
SEARCH_008207,2025-12-30,CA
SEARCH_008208,2025-12-30,CA
SEARCH_008209,2025-12-30,NY
SEARCH_008210,2025-12-30,LA
SEARCH_008211,2025-12-31,AZ
SEARCH_008212,2025-12-31,NM
SEARCH_008213,2025-12-31,GA
SEARCH_008214,2025-12-31,KY
SEARCH_008215,2025-12-31,FL
SEARCH_008216,2025-12-31,SC
SEARCH_008217,2025-12-31,CA
SEARCH_008218,2025-12-31,CA
SEARCH_008219,2025-12-31,NY
