lead_id,date,state
SOCIAL_000001,2023-01-01,LA
SOCIAL_000002,2023-01-01,WI
SOCIAL_000003,2023-01-02,WV
SOCIAL_000004,2023-01-02,LA
SOCIAL_000005,2023-01-02,MD
SOCIAL_000006,2023-01-02,OH
SOCIAL_000007,2023-01-03,IN
SOCIAL_000008,2023-01-03,CO
SOCIAL_000009,2023-01-03,CA
SOCIAL_000010,2023-01-03,NH
SOCIAL_000011,2023-01-03,IN
SOCIAL_000012,2023-01-03,CA
SOCIAL_000013,2023-01-03,MA
SOCIAL_000014,2023-01-03,IN
SOCIAL_000015,2023-01-03,UT
SOCIAL_000016,2023-01-04,OH
SOCIAL_000017,2023-01-04,TX
SOCIAL_000018,2023-01-04,MN
SOCIAL_000019,2023-01-05,NY
SOCIAL_000020,2023-01-05,AL
SOCIAL_000021,2023-01-05,IN
SOCIAL_000022,2023-01-05,CO
SOCIAL_000023,2023-01-05,OH
SOCIAL_000024,2023-01-06,NV
SOCIAL_000025,2023-01-06,TN
SOCIAL_000026,2023-01-06,NY
SOCIAL_000027,2023-01-06,IA
SOCIAL_000028,2023-01-06,TX
SOCIAL_000029,2023-01-07,IL
SOCIAL_000030,2023-01-07,CT
SOCIAL_000031,2023-01-08,MN
SOCIAL_000032,2023-01-08,CA
SOCIAL_000033,2023-01-08,NY
SOCIAL_000034,2023-01-08,OH
SOCIAL_000035,2023-01-09,AR
SOCIAL_000036,2023-01-09,AR
SOCIAL_000037,2023-01-09,NC
SOCIAL_000038,2023-01-09,OK
SOCIAL_000039,2023-01-09,KS
SOCIAL_000040,2023-01-09,NY
SOCIAL_000041,2023-01-09,AR
SOCIAL_000042,2023-01-09,MI
SOCIAL_000043,2023-01-09,TN
SOCIAL_000044,2023-01-10,TX
SOCIAL_000045,2023-01-10,OR
SOCIAL_000046,2023-01-10,MI
SOCIAL_000047,2023-01-10,FL
SOCIAL_000048,2023-01-11,PA
SOCIAL_000049,2023-01-11,TX
SOCIAL_000050,2023-01-11,ME
SOCIAL_000051,2023-01-11,VA
SOCIAL_000052,2023-01-11,CA
SOCIAL_000053,2023-01-12,TN
SOCIAL_000054,2023-01-12,TX
SOCIAL_000055,2023-01-12,CA
SOCIAL_000056,2023-01-12,FL
SOCIAL_000057,2023-01-12,CA
SOCIAL_000058,2023-01-12,MO
SOCIAL_000059,2023-01-12,KY
SOCIAL_000060,2023-01-13,WA
SOCIAL_000061,2023-01-13,WI
SOCIAL_000062,2023-01-13,NJ
SOCIAL_000063,2023-01-13,SC
SOCIAL_000064,2023-01-13,IN
SOCIAL_000065,2023-01-13,WI
SOCIAL_000066,2023-01-13,TX
SOCIAL_000067,2023-01-13,CA
SOCIAL_000068,2023-01-13,WA
SOCIAL_000069,2023-01-14,IA
SOCIAL_000070,2023-01-14,CA
SOCIAL_000071,2023-01-15,TX
SOCIAL_000072,2023-01-15,NY
SOCIAL_000073,2023-01-15,MT
SOCIAL_000074,2023-01-15,MO
SOCIAL_000075,2023-01-16,CA
SOCIAL_000076,2023-01-16,NM
SOCIAL_000077,2023-01-16,TX
SOCIAL_000078,2023-01-16,VA
SOCIAL_000079,2023-01-16,IL
SOCIAL_000080,2023-01-16,NY
SOCIAL_000081,2023-01-17,AR
SOCIAL_000082,2023-01-17,PA
SOCIAL_000083,2023-01-17,FL
SOCIAL_000084,2023-01-18,MI
SOCIAL_000085,2023-01-18,TX
SOCIAL_000086,2023-01-18,TX
SOCIAL_000087,2023-01-18,TX
SOCIAL_000088,2023-01-18,PA
SOCIAL_000089,2023-01-18,KY
SOCIAL_000090,2023-01-18,MD
SOCIAL_000091,2023-01-18,GA
SOCIAL_000092,2023-01-18,NY
SOCIAL_000093,2023-01-19,NC
SOCIAL_000094,2023-01-19,CA
SOCIAL_000095,2023-01-19,IA
SOCIAL_000096,2023-01-19,NJ
SOCIAL_000097,2023-01-19,NY
SOCIAL_000098,2023-01-19,OK
SOCIAL_000099,2023-01-20,CA
SOCIAL_000100,2023-01-20,AZ
SOCIAL_000101,2023-01-20,CA
SOCIAL_000102,2023-01-20,NJ
SOCIAL_000103,2023-01-20,NY
SOCIAL_000104,2023-01-21,GA
SOCIAL_000105,2023-01-21,NY
SOCIAL_000106,2023-01-21,OH
SOCIAL_000107,2023-01-22,CA
SOCIAL_000108,2023-01-22,NM
SOCIAL_000109,2023-01-23,FL
SOCIAL_000110,2023-01-23,MO
SOCIAL_000111,2023-01-23,NJ
SOCIAL_000112,2023-01-24,KS
SOCIAL_000113,2023-01-24,TX
SOCIAL_000114,2023-01-24,WA
SOCIAL_000115,2023-01-24,NY
SOCIAL_000116,2023-01-24,MA
SOCIAL_000117,2023-01-24,CA
SOCIAL_000118,2023-01-25,PA
SOCIAL_000119,2023-01-25,PA
SOCIAL_000120,2023-01-25,MN
SOCIAL_000121,2023-01-25,OK
SOCIAL_000122,2023-01-26,GA
SOCIAL_000123,2023-01-26,MO
SOCIAL_000124,2023-01-26,TX
SOCIAL_000125,2023-01-26,NY
SOCIAL_000126,2023-01-26,CA
SOCIAL_000127,2023-01-27,FL
SOCIAL_000128,2023-01-27,IL
SOCIAL_000129,2023-01-27,IL
SOCIAL_000130,2023-01-27,MD
SOCIAL_000131,2023-01-27,WI
SOCIAL_000132,2023-01-28,MA
SOCIAL_000133,2023-01-28,MA
SOCIAL_000134,2023-01-28,MS
SOCIAL_000135,2023-01-28,TX
SOCIAL_000136,2023-01-28,CA
SOCIAL_000137,2023-01-28,SC
SOCIAL_000138,2023-01-28,OH
SOCIAL_000139,2023-01-29,NJ
SOCIAL_000140,2023-01-29,NY
SOCIAL_000141,2023-01-30,CA
SOCIAL_000142,2023-01-30,RI
SOCIAL_000143,2023-01-30,CA
SOCIAL_000144,2023-01-30,OK
SOCIAL_000145,2023-01-30,CA
SOCIAL_000146,2023-01-30,TX
SOCIAL_000147,2023-01-30,GA
SOCIAL_000148,2023-01-31,TN
SOCIAL_000149,2023-01-31,FL
SOCIAL_000150,2023-01-31,NY
SOCIAL_000151,2023-01-31,CA
SOCIAL_000152,2023-02-01,MD
SOCIAL_000153,2023-02-01,IN
SOCIAL_000154,2023-02-01,FL
SOCIAL_000155,2023-02-01,CA
SOCIAL_000156,2023-02-02,NH
SOCIAL_000157,2023-02-02,NY
SOCIAL_000158,2023-02-02,KY
SOCIAL_000159,2023-02-02,CA
SOCIAL_000160,2023-02-02,VA
SOCIAL_000161,2023-02-02,TN
SOCIAL_000162,2023-02-02,NY
SOCIAL_000163,2023-02-02,TX
SOCIAL_000164,2023-02-03,UT
SOCIAL_000165,2023-02-03,CO
SOCIAL_000166,2023-02-03,MO
SOCIAL_000167,2023-02-04,MI
SOCIAL_000168,2023-02-04,NV
SOCIAL_000169,2023-02-04,PA
SOCIAL_000170,2023-02-04,KS
SOCIAL_000171,2023-02-05,CA
SOCIAL_000172,2023-02-05,FL
SOCIAL_000173,2023-02-05,SC
SOCIAL_000174,2023-02-05,GA
SOCIAL_000175,2023-02-05,TN
SOCIAL_000176,2023-02-05,AZ
SOCIAL_000177,2023-02-06,VA
SOCIAL_000178,2023-02-06,NJ
SOCIAL_000179,2023-02-06,MT
SOCIAL_000180,2023-02-06,IL
SOCIAL_000181,2023-02-06,IL
SOCIAL_000182,2023-02-07,TX
SOCIAL_000183,2023-02-07,MI
SOCIAL_000184,2023-02-07,KY
SOCIAL_000185,2023-02-07,OR
SOCIAL_000186,2023-02-07,TX
SOCIAL_000187,2023-02-08,TN
SOCIAL_000188,2023-02-08,OH
SOCIAL_000189,2023-02-08,MA
SOCIAL_000190,2023-02-08,RI
SOCIAL_000191,2023-02-08,AZ
SOCIAL_000192,2023-02-08,TX
SOCIAL_000193,2023-02-08,CA
SOCIAL_000194,2023-02-09,TX
SOCIAL_000195,2023-02-10,NC
SOCIAL_000196,2023-02-10,WA
SOCIAL_000197,2023-02-11,TN
SOCIAL_000198,2023-02-11,NE
SOCIAL_000199,2023-02-11,FL
SOCIAL_000200,2023-02-11,MD
SOCIAL_000201,2023-02-12,OR
SOCIAL_000202,2023-02-12,AZ
SOCIAL_000203,2023-02-12,NC
SOCIAL_000204,2023-02-12,NY
SOCIAL_000205,2023-02-12,SC
SOCIAL_000206,2023-02-12,WI
SOCIAL_000207,2023-02-13,OR
SOCIAL_000208,2023-02-13,NM
SOCIAL_000209,2023-02-13,FL
SOCIAL_000210,2023-02-13,CA
SOCIAL_000211,2023-02-14,NY
SOCIAL_000212,2023-02-14,WY
SOCIAL_000213,2023-02-14,NV
SOCIAL_000214,2023-02-14,IL
SOCIAL_000215,2023-02-14,NY
SOCIAL_000216,2023-02-15,TX
SOCIAL_000217,2023-02-15,MA
SOCIAL_000218,2023-02-16,AR
SOCIAL_000219,2023-02-16,OH
SOCIAL_000220,2023-02-16,CA
SOCIAL_000221,2023-02-16,NH
SOCIAL_000222,2023-02-16,ID
SOCIAL_000223,2023-02-16,NC
SOCIAL_000224,2023-02-17,VA
SOCIAL_000225,2023-02-17,VA
SOCIAL_000226,2023-02-17,CA
SOCIAL_000227,2023-02-17,TX
SOCIAL_000228,2023-02-17,MO
SOCIAL_000229,2023-02-17,CA
SOCIAL_000230,2023-02-17,TX
SOCIAL_000231,2023-02-18,IA
SOCIAL_000232,2023-02-18,MA
SOCIAL_000233,2023-02-18,CA
SOCIAL_000234,2023-02-18,CA
SOCIAL_000235,2023-02-19,FL
SOCIAL_000236,2023-02-19,FL
SOCIAL_000237,2023-02-20,IA
SOCIAL_000238,2023-02-20,GA
SOCIAL_000239,2023-02-20,NE
SOCIAL_000240,2023-02-20,CA
SOCIAL_000241,2023-02-21,AZ
SOCIAL_000242,2023-02-21,NJ
SOCIAL_000243,2023-02-21,NY
SOCIAL_000244,2023-02-21,WV
SOCIAL_000245,2023-02-21,WA
SOCIAL_000246,2023-02-22,CA
SOCIAL_000247,2023-02-22,OH
SOCIAL_000248,2023-02-22,OH
SOCIAL_000249,2023-02-22,NV
SOCIAL_000250,2023-02-22,RI
SOCIAL_000251,2023-02-23,NM
SOCIAL_000252,2023-02-23,PA
SOCIAL_000253,2023-02-23,CO
SOCIAL_000254,2023-02-23,VA
SOCIAL_000255,2023-02-23,MN
SOCIAL_000256,2023-02-24,FL
SOCIAL_000257,2023-02-25,CT
SOCIAL_000258,2023-02-25,CA
SOCIAL_000259,2023-02-25,FL
SOCIAL_000260,2023-02-25,TX
SOCIAL_000261,2023-02-25,CA
SOCIAL_000262,2023-02-26,MI
SOCIAL_000263,2023-02-26,MI
SOCIAL_000264,2023-02-26,TN
SOCIAL_000265,2023-02-27,AZ
SOCIAL_000266,2023-02-27,MD
SOCIAL_000267,2023-02-27,CT
SOCIAL_000268,2023-02-28,VA
SOCIAL_000269,2023-02-28,SC
SOCIAL_000270,2023-02-28,MI
SOCIAL_000271,2023-02-28,SC
SOCIAL_000272,2023-02-28,NM
SOCIAL_000273,2023-02-28,TN
SOCIAL_000274,2023-02-28,NY
SOCIAL_000275,2023-02-28,FL
SOCIAL_000276,2023-02-28,MA
SOCIAL_000277,2023-02-28,CT
SOCIAL_000278,2023-03-01,FL
SOCIAL_000279,2023-03-01,NC
SOCIAL_000280,2023-03-01,CA
SOCIAL_000281,2023-03-01,CA
SOCIAL_000282,2023-03-01,FL
SOCIAL_000283,2023-03-01,IN
SOCIAL_000284,2023-03-01,MN
SOCIAL_000285,2023-03-01,CO
SOCIAL_000286,2023-03-01,TX
SOCIAL_000287,2023-03-02,MI
SOCIAL_000288,2023-03-02,LA
SOCIAL_000289,2023-03-02,CA
SOCIAL_000290,2023-03-02,TX
SOCIAL_000291,2023-03-02,GA
SOCIAL_000292,2023-03-02,CA
SOCIAL_000293,2023-03-02,WA
SOCIAL_000294,2023-03-03,AR
SOCIAL_000295,2023-03-04,AK
SOCIAL_000296,2023-03-04,WI
SOCIAL_000297,2023-03-04,TX
SOCIAL_000298,2023-03-04,TX
SOCIAL_000299,2023-03-05,NV
SOCIAL_000300,2023-03-05,NY
SOCIAL_000301,2023-03-05,SD
SOCIAL_000302,2023-03-05,TX
SOCIAL_000303,2023-03-06,TX
SOCIAL_000304,2023-03-06,NJ
SOCIAL_000305,2023-03-06,LA
SOCIAL_000306,2023-03-06,CO
SOCIAL_000307,2023-03-06,NY
SOCIAL_000308,2023-03-07,IL
SOCIAL_000309,2023-03-07,NJ
SOCIAL_000310,2023-03-07,KS
SOCIAL_000311,2023-03-07,TX
SOCIAL_000312,2023-03-07,AL
SOCIAL_000313,2023-03-07,CT
SOCIAL_000314,2023-03-08,AZ
SOCIAL_000315,2023-03-08,KY
SOCIAL_000316,2023-03-08,NY
SOCIAL_000317,2023-03-08,CA
SOCIAL_000318,2023-03-08,MO
SOCIAL_000319,2023-03-08,NY
SOCIAL_000320,2023-03-08,SC
SOCIAL_000321,2023-03-09,AL
SOCIAL_000322,2023-03-09,CA
SOCIAL_000323,2023-03-10,MI
SOCIAL_000324,2023-03-10,AZ
SOCIAL_000325,2023-03-10,GA
SOCIAL_000326,2023-03-10,IN
SOCIAL_000327,2023-03-10,MN
SOCIAL_000328,2023-03-10,CT
SOCIAL_000329,2023-03-10,SC
SOCIAL_000330,2023-03-10,WA
SOCIAL_000331,2023-03-11,NY
SOCIAL_000332,2023-03-11,OR
SOCIAL_000333,2023-03-11,MO
SOCIAL_000334,2023-03-11,CA
SOCIAL_000335,2023-03-11,OH
SOCIAL_000336,2023-03-12,OR
SOCIAL_000337,2023-03-12,MO
SOCIAL_000338,2023-03-12,NY
SOCIAL_000339,2023-03-13,FL
SOCIAL_000340,2023-03-13,FL
SOCIAL_000341,2023-03-13,LA
SOCIAL_000342,2023-03-13,MI
SOCIAL_000343,2023-03-13,CA
SOCIAL_000344,2023-03-13,TN
SOCIAL_000345,2023-03-13,MN
SOCIAL_000346,2023-03-13,TX
SOCIAL_000347,2023-03-13,CA
SOCIAL_000348,2023-03-14,IN
SOCIAL_000349,2023-03-14,TX
SOCIAL_000350,2023-03-14,FL
SOCIAL_000351,2023-03-14,OK
SOCIAL_000352,2023-03-14,OH
SOCIAL_000353,2023-03-14,CA
SOCIAL_000354,2023-03-14,OK
SOCIAL_000355,2023-03-14,OH
SOCIAL_000356,2023-03-14,CA
SOCIAL_000357,2023-03-14,WV
SOCIAL_000358,2023-03-15,NY
SOCIAL_000359,2023-03-15,NY
SOCIAL_000360,2023-03-15,VA
SOCIAL_000361,2023-03-15,NJ
SOCIAL_000362,2023-03-15,AL
SOCIAL_000363,2023-03-15,NC
SOCIAL_000364,2023-03-15,NH
SOCIAL_000365,2023-03-15,CA
SOCIAL_000366,2023-03-16,IL
SOCIAL_000367,2023-03-16,TX
SOCIAL_000368,2023-03-16,IL
SOCIAL_000369,2023-03-16,IL
SOCIAL_000370,2023-03-16,IN
SOCIAL_000371,2023-03-16,GA
SOCIAL_000372,2023-03-16,TX
SOCIAL_000373,2023-03-16,PA
SOCIAL_000374,2023-03-16,CA
SOCIAL_000375,2023-03-16,CA
SOCIAL_000376,2023-03-16,CA
SOCIAL_000377,2023-03-16,MO
SOCIAL_000378,2023-03-16,MD
SOCIAL_000379,2023-03-16,TX
SOCIAL_000380,2023-03-16,PA
SOCIAL_000381,2023-03-16,UT
SOCIAL_000382,2023-03-17,CA
SOCIAL_000383,2023-03-17,UT
SOCIAL_000384,2023-03-17,VA
SOCIAL_000385,2023-03-17,TX
SOCIAL_000386,2023-03-17,TX
SOCIAL_000387,2023-03-17,NY
SOCIAL_000388,2023-03-17,AZ
SOCIAL_000389,2023-03-18,UT
SOCIAL_000390,2023-03-18,MD
SOCIAL_000391,2023-03-18,FL
SOCIAL_000392,2023-03-18,NY
SOCIAL_000393,2023-03-19,MA
SOCIAL_000394,2023-03-19,LA
SOCIAL_000395,2023-03-20,AL
SOCIAL_000396,2023-03-20,MI
SOCIAL_000397,2023-03-20,VT
SOCIAL_000398,2023-03-20,UT
SOCIAL_000399,2023-03-20,NY
SOCIAL_000400,2023-03-20,MI
SOCIAL_000401,2023-03-20,NY
SOCIAL_000402,2023-03-20,TX
SOCIAL_000403,2023-03-20,WI
SOCIAL_000404,2023-03-20,TX
SOCIAL_000405,2023-03-21,MO
SOCIAL_000406,2023-03-21,NY
SOCIAL_000407,2023-03-21,WA
SOCIAL_000408,2023-03-22,TX
SOCIAL_000409,2023-03-22,FL
SOCIAL_000410,2023-03-22,NY
SOCIAL_000411,2023-03-23,NM
SOCIAL_000412,2023-03-23,CA
SOCIAL_000413,2023-03-23,TX
SOCIAL_000414,2023-03-23,FL
SOCIAL_000415,2023-03-24,OH
SOCIAL_000416,2023-03-24,NJ
SOCIAL_000417,2023-03-24,NY
SOCIAL_000418,2023-03-24,CA
SOCIAL_000419,2023-03-24,IN
SOCIAL_000420,2023-03-24,NY
SOCIAL_000421,2023-03-24,ND
SOCIAL_000422,2023-03-24,CA
SOCIAL_000423,2023-03-24,IL
SOCIAL_000424,2023-03-24,NY
SOCIAL_000425,2023-03-24,KY
SOCIAL_000426,2023-03-24,CA
SOCIAL_000427,2023-03-24,PA
SOCIAL_000428,2023-03-24,CA
SOCIAL_000429,2023-03-25,FL
SOCIAL_000430,2023-03-25,NC
SOCIAL_000431,2023-03-25,AR
SOCIAL_000432,2023-03-26,NE
SOCIAL_000433,2023-03-26,TX
SOCIAL_000434,2023-03-26,TX
SOCIAL_000435,2023-03-26,TX
SOCIAL_000436,2023-03-26,TN
SOCIAL_000437,2023-03-26,IL
SOCIAL_000438,2023-03-27,CA
SOCIAL_000439,2023-03-27,MD
SOCIAL_000440,2023-03-28,PA
SOCIAL_000441,2023-03-28,PA
SOCIAL_000442,2023-03-28,MN
SOCIAL_000443,2023-03-28,WI
SOCIAL_000444,2023-03-28,CA
SOCIAL_000445,2023-03-28,CA
SOCIAL_000446,2023-03-28,FL
SOCIAL_000447,2023-03-28,CA
SOCIAL_000448,2023-03-28,MI
SOCIAL_000449,2023-03-28,CT
SOCIAL_000450,2023-03-28,NC
SOCIAL_000451,2023-03-28,WI
SOCIAL_000452,2023-03-29,NY
SOCIAL_000453,2023-03-29,NY
SOCIAL_000454,2023-03-29,MD
SOCIAL_000455,2023-03-29,FL
SOCIAL_000456,2023-03-29,OH
SOCIAL_000457,2023-03-29,OH
SOCIAL_000458,2023-03-29,PA
SOCIAL_000459,2023-03-30,IA
SOCIAL_000460,2023-03-30,PA
SOCIAL_000461,2023-03-30,PA
SOCIAL_000462,2023-03-30,TX
SOCIAL_000463,2023-03-30,MD
SOCIAL_000464,2023-03-30,IN
SOCIAL_000465,2023-03-30,CA
SOCIAL_000466,2023-03-30,UT
SOCIAL_000467,2023-03-31,MN
SOCIAL_000468,2023-03-31,AR
SOCIAL_000469,2023-03-31,MD
SOCIAL_000470,2023-03-31,CT
SOCIAL_000471,2023-03-31,MD
SOCIAL_000472,2023-03-31,MI
SOCIAL_000473,2023-04-01,WA
SOCIAL_000474,2023-04-01,NC
SOCIAL_000475,2023-04-01,GA
SOCIAL_000476,2023-04-01,TX
SOCIAL_000477,2023-04-01,MI
SOCIAL_000478,2023-04-01,WI
SOCIAL_000479,2023-04-01,WI
SOCIAL_000480,2023-04-02,GA
SOCIAL_000481,2023-04-02,VA
SOCIAL_000482,2023-04-02,FL
SOCIAL_000483,2023-04-03,NJ
SOCIAL_000484,2023-04-03,OH
SOCIAL_000485,2023-04-03,AZ
SOCIAL_000486,2023-04-03,OH
SOCIAL_000487,2023-04-03,TX
SOCIAL_000488,2023-04-04,ND
SOCIAL_000489,2023-04-04,NY
SOCIAL_000490,2023-04-04,GA
SOCIAL_000491,2023-04-04,TX
SOCIAL_000492,2023-04-04,ID
SOCIAL_000493,2023-04-04,NY
SOCIAL_000494,2023-04-04,NJ
SOCIAL_000495,2023-04-04,FL
SOCIAL_000496,2023-04-04,MS
SOCIAL_000497,2023-04-05,MO
SOCIAL_000498,2023-04-05,IN
SOCIAL_000499,2023-04-05,SC
SOCIAL_000500,2023-04-06,PA
SOCIAL_000501,2023-04-06,GA
SOCIAL_000502,2023-04-06,GA
SOCIAL_000503,2023-04-06,TX
SOCIAL_000504,2023-04-06,CA
SOCIAL_000505,2023-04-07,SC
SOCIAL_000506,2023-04-07,LA
SOCIAL_000507,2023-04-07,MN
SOCIAL_000508,2023-04-07,NY
SOCIAL_000509,2023-04-07,NC
SOCIAL_000510,2023-04-07,OH
SOCIAL_000511,2023-04-07,OH
SOCIAL_000512,2023-04-07,NY
SOCIAL_000513,2023-04-07,LA
SOCIAL_000514,2023-04-08,MI
SOCIAL_000515,2023-04-08,CA
SOCIAL_000516,2023-04-09,CA
SOCIAL_000517,2023-04-09,MA
SOCIAL_000518,2023-04-09,MI
SOCIAL_000519,2023-04-09,TX
SOCIAL_000520,2023-04-09,MA
SOCIAL_000521,2023-04-10,SC
SOCIAL_000522,2023-04-10,CA
SOCIAL_000523,2023-04-10,TX
SOCIAL_000524,2023-04-10,NY
SOCIAL_000525,2023-04-10,FL
SOCIAL_000526,2023-04-10,FL
SOCIAL_000527,2023-04-10,TX
SOCIAL_000528,2023-04-10,CA
SOCIAL_000529,2023-04-10,TX
SOCIAL_000530,2023-04-11,FL
SOCIAL_000531,2023-04-11,NC
SOCIAL_000532,2023-04-11,VA
SOCIAL_000533,2023-04-11,NJ
SOCIAL_000534,2023-04-11,SC
SOCIAL_000535,2023-04-11,GA
SOCIAL_000536,2023-04-11,NY
SOCIAL_000537,2023-04-12,TN
SOCIAL_000538,2023-04-12,PA
SOCIAL_000539,2023-04-12,WI
SOCIAL_000540,2023-04-12,TN
SOCIAL_000541,2023-04-12,FL
SOCIAL_000542,2023-04-12,TX
SOCIAL_000543,2023-04-12,FL
SOCIAL_000544,2023-04-12,AR
SOCIAL_000545,2023-04-12,WI
SOCIAL_000546,2023-04-12,CA
SOCIAL_000547,2023-04-12,WV
SOCIAL_000548,2023-04-13,FL
SOCIAL_000549,2023-04-13,KY
SOCIAL_000550,2023-04-13,NY
SOCIAL_000551,2023-04-13,GA
SOCIAL_000552,2023-04-13,NC
SOCIAL_000553,2023-04-13,CA
SOCIAL_000554,2023-04-14,IA
SOCIAL_000555,2023-04-14,TN
SOCIAL_000556,2023-04-14,NY
SOCIAL_000557,2023-04-14,CA
SOCIAL_000558,2023-04-14,FL
SOCIAL_000559,2023-04-14,TN
SOCIAL_000560,2023-04-14,PA
SOCIAL_000561,2023-04-14,TX
SOCIAL_000562,2023-04-14,OR
SOCIAL_000563,2023-04-14,CA
SOCIAL_000564,2023-04-14,IA
SOCIAL_000565,2023-04-15,VA
SOCIAL_000566,2023-04-15,NC
SOCIAL_000567,2023-04-15,MO
SOCIAL_000568,2023-04-15,NY
SOCIAL_000569,2023-04-15,LA
SOCIAL_000570,2023-04-15,IL
SOCIAL_000571,2023-04-15,IN
SOCIAL_000572,2023-04-16,WV
SOCIAL_000573,2023-04-16,SD
SOCIAL_000574,2023-04-16,CA
SOCIAL_000575,2023-04-17,TX
SOCIAL_000576,2023-04-17,GA
SOCIAL_000577,2023-04-17,KS
SOCIAL_000578,2023-04-18,NY
SOCIAL_000579,2023-04-18,MA
SOCIAL_000580,2023-04-18,TX
SOCIAL_000581,2023-04-18,CO
SOCIAL_000582,2023-04-18,MO
SOCIAL_000583,2023-04-18,NJ
SOCIAL_000584,2023-04-18,CA
SOCIAL_000585,2023-04-18,VA
SOCIAL_000586,2023-04-18,NY
SOCIAL_000587,2023-04-19,PA
SOCIAL_000588,2023-04-19,TX
SOCIAL_000589,2023-04-19,SC
SOCIAL_000590,2023-04-19,MA
SOCIAL_000591,2023-04-19,PA
SOCIAL_000592,2023-04-19,MT
SOCIAL_000593,2023-04-19,WA
SOCIAL_000594,2023-04-20,PA
SOCIAL_000595,2023-04-20,TN
SOCIAL_000596,2023-04-20,LA
SOCIAL_000597,2023-04-20,OH
SOCIAL_000598,2023-04-20,VA
SOCIAL_000599,2023-04-21,MA
SOCIAL_000600,2023-04-21,TX
SOCIAL_000601,2023-04-21,MD
SOCIAL_000602,2023-04-21,OH
SOCIAL_000603,2023-04-21,OK
SOCIAL_000604,2023-04-21,NC
SOCIAL_000605,2023-04-22,NY
SOCIAL_000606,2023-04-22,MN
SOCIAL_000607,2023-04-22,NY
SOCIAL_000608,2023-04-22,NJ
SOCIAL_000609,2023-04-22,NC
SOCIAL_000610,2023-04-22,NC
SOCIAL_000611,2023-04-23,FL
SOCIAL_000612,2023-04-23,TX
SOCIAL_000613,2023-04-24,TX
SOCIAL_000614,2023-04-24,TN
SOCIAL_000615,2023-04-24,IL
SOCIAL_000616,2023-04-25,IL
SOCIAL_000617,2023-04-25,FL
SOCIAL_000618,2023-04-25,OH
SOCIAL_000619,2023-04-25,AZ
SOCIAL_000620,2023-04-25,KY
SOCIAL_000621,2023-04-25,SC
SOCIAL_000622,2023-04-25,HI
SOCIAL_000623,2023-04-25,IL
SOCIAL_000624,2023-04-25,CA
SOCIAL_000625,2023-04-25,AZ
SOCIAL_000626,2023-04-26,MA
SOCIAL_000627,2023-04-26,DC
SOCIAL_000628,2023-04-26,FL
SOCIAL_000629,2023-04-26,TX
SOCIAL_000630,2023-04-26,VA
SOCIAL_000631,2023-04-26,GA
SOCIAL_000632,2023-04-26,WA
SOCIAL_000633,2023-04-27,CA
SOCIAL_000634,2023-04-27,TX
SOCIAL_000635,2023-04-27,TN
SOCIAL_000636,2023-04-27,GA
SOCIAL_000637,2023-04-27,CA
SOCIAL_000638,2023-04-28,TX
SOCIAL_000639,2023-04-28,PA
SOCIAL_000640,2023-04-28,PA
SOCIAL_000641,2023-04-29,TX
SOCIAL_000642,2023-04-29,KS
SOCIAL_000643,2023-04-29,TX
SOCIAL_000644,2023-04-29,GA
SOCIAL_000645,2023-04-29,CA
SOCIAL_000646,2023-04-30,CA
SOCIAL_000647,2023-04-30,NH
SOCIAL_000648,2023-04-30,UT
SOCIAL_000649,2023-04-30,DE
SOCIAL_000650,2023-04-30,CO
SOCIAL_000651,2023-05-01,SD
SOCIAL_000652,2023-05-01,CO
SOCIAL_000653,2023-05-01,VA
SOCIAL_000654,2023-05-01,IL
SOCIAL_000655,2023-05-01,TX
SOCIAL_000656,2023-05-01,WI
SOCIAL_000657,2023-05-01,KS
SOCIAL_000658,2023-05-01,NY
SOCIAL_000659,2023-05-01,AL
SOCIAL_000660,2023-05-01,CO
SOCIAL_000661,2023-05-02,PA
SOCIAL_000662,2023-05-02,TX
SOCIAL_000663,2023-05-02,PA
SOCIAL_000664,2023-05-02,SD
SOCIAL_000665,2023-05-02,TX
SOCIAL_000666,2023-05-03,NY
SOCIAL_000667,2023-05-03,NV
SOCIAL_000668,2023-05-04,FL
SOCIAL_000669,2023-05-04,SD
SOCIAL_000670,2023-05-04,CA
SOCIAL_000671,2023-05-04,TX
SOCIAL_000672,2023-05-04,MN
SOCIAL_000673,2023-05-04,OR
SOCIAL_000674,2023-05-04,MI
SOCIAL_000675,2023-05-04,TX
SOCIAL_000676,2023-05-05,CO
SOCIAL_000677,2023-05-05,CA
SOCIAL_000678,2023-05-05,CA
SOCIAL_000679,2023-05-05,LA
SOCIAL_000680,2023-05-05,NC
SOCIAL_000681,2023-05-05,VA
SOCIAL_000682,2023-05-06,CA
SOCIAL_000683,2023-05-06,WI
SOCIAL_000684,2023-05-06,WI
SOCIAL_000685,2023-05-06,KY
SOCIAL_000686,2023-05-07,FL
SOCIAL_000687,2023-05-07,FL
SOCIAL_000688,2023-05-08,CA
SOCIAL_000689,2023-05-08,AL
SOCIAL_000690,2023-05-08,OH
SOCIAL_000691,2023-05-08,MI
SOCIAL_000692,2023-05-08,CA
SOCIAL_000693,2023-05-08,SC
SOCIAL_000694,2023-05-09,TN
SOCIAL_000695,2023-05-09,MI
SOCIAL_000696,2023-05-09,MN
SOCIAL_000697,2023-05-09,CA
SOCIAL_000698,2023-05-10,NY
SOCIAL_000699,2023-05-10,PA
SOCIAL_000700,2023-05-10,VA
SOCIAL_000701,2023-05-10,MI
SOCIAL_000702,2023-05-10,CO
SOCIAL_000703,2023-05-10,WI
SOCIAL_000704,2023-05-11,AR
SOCIAL_000705,2023-05-11,IN
SOCIAL_000706,2023-05-11,CA
SOCIAL_000707,2023-05-12,FL
SOCIAL_000708,2023-05-12,AL
SOCIAL_000709,2023-05-12,CT
SOCIAL_000710,2023-05-12,TX
SOCIAL_000711,2023-05-12,AL
SOCIAL_000712,2023-05-13,MI
SOCIAL_000713,2023-05-13,AZ
SOCIAL_000714,2023-05-13,TX
SOCIAL_000715,2023-05-13,CA
SOCIAL_000716,2023-05-14,TX
SOCIAL_000717,2023-05-14,NJ
SOCIAL_000718,2023-05-14,IN
SOCIAL_000719,2023-05-14,IA
SOCIAL_000720,2023-05-14,MS
SOCIAL_000721,2023-05-14,VA
SOCIAL_000722,2023-05-15,MI
SOCIAL_000723,2023-05-15,CA
SOCIAL_000724,2023-05-15,FL
SOCIAL_000725,2023-05-15,MO
SOCIAL_000726,2023-05-15,MN
SOCIAL_000727,2023-05-15,MD
SOCIAL_000728,2023-05-15,NY
SOCIAL_000729,2023-05-15,CA
SOCIAL_000730,2023-05-15,IN
SOCIAL_000731,2023-05-15,CA
SOCIAL_000732,2023-05-15,TX
SOCIAL_000733,2023-05-16,PA
SOCIAL_000734,2023-05-17,VA
SOCIAL_000735,2023-05-17,MN
SOCIAL_000736,2023-05-17,MD
SOCIAL_000737,2023-05-17,IN
SOCIAL_000738,2023-05-17,CA
SOCIAL_000739,2023-05-17,PA
SOCIAL_000740,2023-05-17,PA
SOCIAL_000741,2023-05-17,OH
SOCIAL_000742,2023-05-18,AZ
SOCIAL_000743,2023-05-18,AZ
SOCIAL_000744,2023-05-18,AZ
SOCIAL_000745,2023-05-18,CO
SOCIAL_000746,2023-05-19,TN
SOCIAL_000747,2023-05-19,MN
SOCIAL_000748,2023-05-19,DE
SOCIAL_000749,2023-05-19,CA
SOCIAL_000750,2023-05-19,MS
SOCIAL_000751,2023-05-19,WA
SOCIAL_000752,2023-05-20,NJ
SOCIAL_000753,2023-05-20,MI
SOCIAL_000754,2023-05-21,KY
SOCIAL_000755,2023-05-21,FL
SOCIAL_000756,2023-05-21,OK
SOCIAL_000757,2023-05-21,FL
SOCIAL_000758,2023-05-22,MI
SOCIAL_000759,2023-05-22,CA
SOCIAL_000760,2023-05-22,MA
SOCIAL_000761,2023-05-22,CA
SOCIAL_000762,2023-05-22,NY
SOCIAL_000763,2023-05-22,MD
SOCIAL_000764,2023-05-22,IA
SOCIAL_000765,2023-05-23,CA
SOCIAL_000766,2023-05-23,CA
SOCIAL_000767,2023-05-23,NY
SOCIAL_000768,2023-05-23,PA
SOCIAL_000769,2023-05-23,ME
SOCIAL_000770,2023-05-23,AZ
SOCIAL_000771,2023-05-23,NY
SOCIAL_000772,2023-05-24,MO
SOCIAL_000773,2023-05-24,KY
SOCIAL_000774,2023-05-24,IA
SOCIAL_000775,2023-05-24,PA
SOCIAL_000776,2023-05-24,FL
SOCIAL_000777,2023-05-24,MI
SOCIAL_000778,2023-05-24,CT
SOCIAL_000779,2023-05-24,MN
SOCIAL_000780,2023-05-24,CA
SOCIAL_000781,2023-05-24,AR
SOCIAL_000782,2023-05-24,VA
SOCIAL_000783,2023-05-24,IL
SOCIAL_000784,2023-05-24,IN
SOCIAL_000785,2023-05-25,CA
SOCIAL_000786,2023-05-25,OR
SOCIAL_000787,2023-05-25,ME
SOCIAL_000788,2023-05-25,CA
SOCIAL_000789,2023-05-25,GA
SOCIAL_000790,2023-05-25,IN
SOCIAL_000791,2023-05-25,NC
SOCIAL_000792,2023-05-25,OR
SOCIAL_000793,2023-05-25,CO
SOCIAL_000794,2023-05-26,GA
SOCIAL_000795,2023-05-26,TN
SOCIAL_000796,2023-05-26,LA
SOCIAL_000797,2023-05-27,FL
SOCIAL_000798,2023-05-27,FL
SOCIAL_000799,2023-05-27,CO
SOCIAL_000800,2023-05-27,AZ
SOCIAL_000801,2023-05-27,NC
SOCIAL_000802,2023-05-27,OR
SOCIAL_000803,2023-05-28,OR
SOCIAL_000804,2023-05-28,IN
SOCIAL_000805,2023-05-28,NJ
SOCIAL_000806,2023-05-28,TX
SOCIAL_000807,2023-05-28,AL
SOCIAL_000808,2023-05-28,SC
SOCIAL_000809,2023-05-29,AR
SOCIAL_000810,2023-05-29,MD
SOCIAL_000811,2023-05-29,CA
SOCIAL_000812,2023-05-29,AL
SOCIAL_000813,2023-05-29,NY
SOCIAL_000814,2023-05-30,SC
SOCIAL_000815,2023-05-30,IL
SOCIAL_000816,2023-05-30,TX
SOCIAL_000817,2023-05-30,IN
SOCIAL_000818,2023-05-31,GA
SOCIAL_000819,2023-05-31,NC
SOCIAL_000820,2023-05-31,CA
SOCIAL_000821,2023-05-31,KS
SOCIAL_000822,2023-05-31,TX
SOCIAL_000823,2023-05-31,ND
SOCIAL_000824,2023-06-01,VA
SOCIAL_000825,2023-06-02,CA
SOCIAL_000826,2023-06-02,GA
SOCIAL_000827,2023-06-02,GA
SOCIAL_000828,2023-06-02,AR
SOCIAL_000829,2023-06-02,CA
SOCIAL_000830,2023-06-02,GA
SOCIAL_000831,2023-06-02,FL
SOCIAL_000832,2023-06-02,CA
SOCIAL_000833,2023-06-02,OH
SOCIAL_000834,2023-06-03,NY
SOCIAL_000835,2023-06-03,FL
SOCIAL_000836,2023-06-03,MA
SOCIAL_000837,2023-06-03,MA
SOCIAL_000838,2023-06-03,TX
SOCIAL_000839,2023-06-05,IN
SOCIAL_000840,2023-06-05,MT
SOCIAL_000841,2023-06-05,OK
SOCIAL_000842,2023-06-05,TX
SOCIAL_000843,2023-06-05,KY
SOCIAL_000844,2023-06-05,MO
SOCIAL_000845,2023-06-05,OH
SOCIAL_000846,2023-06-05,CT
SOCIAL_000847,2023-06-05,IN
SOCIAL_000848,2023-06-06,TX
SOCIAL_000849,2023-06-06,CA
SOCIAL_000850,2023-06-06,NJ
SOCIAL_000851,2023-06-06,KS
SOCIAL_000852,2023-06-06,IA
SOCIAL_000853,2023-06-06,NY
SOCIAL_000854,2023-06-06,PA
SOCIAL_000855,2023-06-06,ID
SOCIAL_000856,2023-06-07,TX
SOCIAL_000857,2023-06-07,GA
SOCIAL_000858,2023-06-07,TX
SOCIAL_000859,2023-06-07,NY
SOCIAL_000860,2023-06-07,AK
SOCIAL_000861,2023-06-07,FL
SOCIAL_000862,2023-06-07,MN
SOCIAL_000863,2023-06-07,OH
SOCIAL_000864,2023-06-07,NH
SOCIAL_000865,2023-06-08,CA
SOCIAL_000866,2023-06-08,HI
SOCIAL_000867,2023-06-08,TX
SOCIAL_000868,2023-06-08,MS
SOCIAL_000869,2023-06-08,TX
SOCIAL_000870,2023-06-08,NY
SOCIAL_000871,2023-06-08,IL
SOCIAL_000872,2023-06-09,TX
SOCIAL_000873,2023-06-09,WI
SOCIAL_000874,2023-06-09,OH
SOCIAL_000875,2023-06-09,NJ
SOCIAL_000876,2023-06-09,WI
SOCIAL_000877,2023-06-09,CA
SOCIAL_000878,2023-06-10,AZ
SOCIAL_000879,2023-06-10,TX
SOCIAL_000880,2023-06-10,TX
SOCIAL_000881,2023-06-10,UT
SOCIAL_000882,2023-06-11,TX
SOCIAL_000883,2023-06-11,IL
SOCIAL_000884,2023-06-11,TX
SOCIAL_000885,2023-06-11,IL
SOCIAL_000886,2023-06-11,WA
SOCIAL_000887,2023-06-12,CA
SOCIAL_000888,2023-06-12,KS
SOCIAL_000889,2023-06-12,FL
SOCIAL_000890,2023-06-12,MS
SOCIAL_000891,2023-06-12,IL
SOCIAL_000892,2023-06-13,MI
SOCIAL_000893,2023-06-13,VA
SOCIAL_000894,2023-06-13,NJ
SOCIAL_000895,2023-06-13,CA
SOCIAL_000896,2023-06-13,CA
SOCIAL_000897,2023-06-13,MI
SOCIAL_000898,2023-06-13,MI
SOCIAL_000899,2023-06-13,IA
SOCIAL_000900,2023-06-14,FL
SOCIAL_000901,2023-06-14,WA
SOCIAL_000902,2023-06-14,FL
SOCIAL_000903,2023-06-14,MO
SOCIAL_000904,2023-06-14,GA
SOCIAL_000905,2023-06-14,GA
SOCIAL_000906,2023-06-14,PA
SOCIAL_000907,2023-06-15,NC
SOCIAL_000908,2023-06-15,AZ
SOCIAL_000909,2023-06-15,AZ
SOCIAL_000910,2023-06-15,KS
SOCIAL_000911,2023-06-15,UT
SOCIAL_000912,2023-06-16,IL
SOCIAL_000913,2023-06-16,TX
SOCIAL_000914,2023-06-16,IL
SOCIAL_000915,2023-06-16,TX
SOCIAL_000916,2023-06-16,FL
SOCIAL_000917,2023-06-16,TX
SOCIAL_000918,2023-06-16,IL
SOCIAL_000919,2023-06-16,TX
SOCIAL_000920,2023-06-16,AZ
SOCIAL_000921,2023-06-17,UT
SOCIAL_000922,2023-06-17,FL
SOCIAL_000923,2023-06-17,NJ
SOCIAL_000924,2023-06-17,TX
SOCIAL_000925,2023-06-18,OH
SOCIAL_000926,2023-06-18,MA
SOCIAL_000927,2023-06-18,NY
SOCIAL_000928,2023-06-19,IL
SOCIAL_000929,2023-06-19,TX
SOCIAL_000930,2023-06-19,CA
SOCIAL_000931,2023-06-19,CA
SOCIAL_000932,2023-06-19,KY
SOCIAL_000933,2023-06-20,OK
SOCIAL_000934,2023-06-20,FL
SOCIAL_000935,2023-06-20,PA
SOCIAL_000936,2023-06-21,MI
SOCIAL_000937,2023-06-21,MO
SOCIAL_000938,2023-06-21,OH
SOCIAL_000939,2023-06-21,CA
SOCIAL_000940,2023-06-21,NC
SOCIAL_000941,2023-06-21,IL
SOCIAL_000942,2023-06-21,VA
SOCIAL_000943,2023-06-21,NY
SOCIAL_000944,2023-06-22,IL
SOCIAL_000945,2023-06-22,CO
SOCIAL_000946,2023-06-22,CT
SOCIAL_000947,2023-06-22,NJ
SOCIAL_000948,2023-06-22,TX
SOCIAL_000949,2023-06-22,OH
SOCIAL_000950,2023-06-22,NY
SOCIAL_000951,2023-06-22,OK
SOCIAL_000952,2023-06-23,WI
SOCIAL_000953,2023-06-23,TN
SOCIAL_000954,2023-06-23,NV
SOCIAL_000955,2023-06-23,FL
SOCIAL_000956,2023-06-25,VA
SOCIAL_000957,2023-06-25,GA
SOCIAL_000958,2023-06-25,AR
SOCIAL_000959,2023-06-25,PA
SOCIAL_000960,2023-06-25,TN
SOCIAL_000961,2023-06-25,TN
SOCIAL_000962,2023-06-25,UT
SOCIAL_000963,2023-06-26,NE
SOCIAL_000964,2023-06-26,CA
SOCIAL_000965,2023-06-26,CA
SOCIAL_000966,2023-06-26,CA
SOCIAL_000967,2023-06-26,NC
SOCIAL_000968,2023-06-27,FL
SOCIAL_000969,2023-06-27,CA
SOCIAL_000970,2023-06-27,FL
SOCIAL_000971,2023-06-27,MN
SOCIAL_000972,2023-06-27,NY
SOCIAL_000973,2023-06-27,TX
SOCIAL_000974,2023-06-28,PA
SOCIAL_000975,2023-06-29,MN
SOCIAL_000976,2023-06-29,NY
SOCIAL_000977,2023-06-29,FL
SOCIAL_000978,2023-06-29,TX
SOCIAL_000979,2023-06-29,NC
SOCIAL_000980,2023-06-29,NY
SOCIAL_000981,2023-06-30,MI
SOCIAL_000982,2023-06-30,GA
SOCIAL_000983,2023-06-30,UT
SOCIAL_000984,2023-06-30,WI
SOCIAL_000985,2023-06-30,NJ
SOCIAL_000986,2023-07-01,OR
SOCIAL_000987,2023-07-01,FL
SOCIAL_000988,2023-07-01,IL
SOCIAL_000989,2023-07-01,PA
SOCIAL_000990,2023-07-01,FL
SOCIAL_000991,2023-07-02,PA
SOCIAL_000992,2023-07-02,MO
SOCIAL_000993,2023-07-02,NC
SOCIAL_000994,2023-07-03,MN
SOCIAL_000995,2023-07-03,FL
SOCIAL_000996,2023-07-03,CA
SOCIAL_000997,2023-07-03,CA
SOCIAL_000998,2023-07-04,NY
SOCIAL_000999,2023-07-04,KY
SOCIAL_001000,2023-07-04,GA
SOCIAL_001001,2023-07-04,GA
SOCIAL_001002,2023-07-04,CA
SOCIAL_001003,2023-07-04,FL
SOCIAL_001004,2023-07-05,CA
SOCIAL_001005,2023-07-05,AR
SOCIAL_001006,2023-07-05,CA
SOCIAL_001007,2023-07-05,TN
SOCIAL_001008,2023-07-05,CA
SOCIAL_001009,2023-07-05,RI
SOCIAL_001010,2023-07-05,NY
SOCIAL_001011,2023-07-05,TN
SOCIAL_001012,2023-07-05,FL
SOCIAL_001013,2023-07-05,PA
SOCIAL_001014,2023-07-06,MA
SOCIAL_001015,2023-07-06,WI
SOCIAL_001016,2023-07-06,MD
SOCIAL_001017,2023-07-06,FL
SOCIAL_001018,2023-07-06,MO
SOCIAL_001019,2023-07-06,AZ
SOCIAL_001020,2023-07-07,FL
SOCIAL_001021,2023-07-07,IL
SOCIAL_001022,2023-07-07,NY
SOCIAL_001023,2023-07-07,FL
SOCIAL_001024,2023-07-07,TX
SOCIAL_001025,2023-07-07,MA
SOCIAL_001026,2023-07-07,TX
SOCIAL_001027,2023-07-07,ID
SOCIAL_001028,2023-07-07,AR
SOCIAL_001029,2023-07-07,MN
SOCIAL_001030,2023-07-07,WA
SOCIAL_001031,2023-07-07,FL
SOCIAL_001032,2023-07-08,CA
SOCIAL_001033,2023-07-08,CA
SOCIAL_001034,2023-07-08,PA
SOCIAL_001035,2023-07-08,CA
SOCIAL_001036,2023-07-09,MD
SOCIAL_001037,2023-07-09,FL
SOCIAL_001038,2023-07-09,MS
SOCIAL_001039,2023-07-09,SD
SOCIAL_001040,2023-07-09,OH
SOCIAL_001041,2023-07-10,NY
SOCIAL_001042,2023-07-10,KY
SOCIAL_001043,2023-07-10,FL
SOCIAL_001044,2023-07-10,TX
SOCIAL_001045,2023-07-10,IN
SOCIAL_001046,2023-07-11,OH
SOCIAL_001047,2023-07-11,IL
SOCIAL_001048,2023-07-11,CT
SOCIAL_001049,2023-07-11,AZ
SOCIAL_001050,2023-07-11,GA
SOCIAL_001051,2023-07-12,IN
SOCIAL_001052,2023-07-12,NY
SOCIAL_001053,2023-07-12,LA
SOCIAL_001054,2023-07-12,KY
SOCIAL_001055,2023-07-12,TX
SOCIAL_001056,2023-07-12,TX
SOCIAL_001057,2023-07-13,IA
SOCIAL_001058,2023-07-13,WI
SOCIAL_001059,2023-07-13,MO
SOCIAL_001060,2023-07-13,NY
SOCIAL_001061,2023-07-13,CA
SOCIAL_001062,2023-07-13,WY
SOCIAL_001063,2023-07-13,NJ
SOCIAL_001064,2023-07-13,NJ
SOCIAL_001065,2023-07-13,FL
SOCIAL_001066,2023-07-13,TX
SOCIAL_001067,2023-07-13,GA
SOCIAL_001068,2023-07-13,ND
SOCIAL_001069,2023-07-14,IL
SOCIAL_001070,2023-07-14,ME
SOCIAL_001071,2023-07-14,CO
SOCIAL_001072,2023-07-14,GA
SOCIAL_001073,2023-07-14,FL
SOCIAL_001074,2023-07-14,WI
SOCIAL_001075,2023-07-15,GA
SOCIAL_001076,2023-07-15,FL
SOCIAL_001077,2023-07-15,GA
SOCIAL_001078,2023-07-15,TX
SOCIAL_001079,2023-07-15,CA
SOCIAL_001080,2023-07-15,CA
SOCIAL_001081,2023-07-15,OH
SOCIAL_001082,2023-07-15,OH
SOCIAL_001083,2023-07-16,IN
SOCIAL_001084,2023-07-16,NY
SOCIAL_001085,2023-07-16,FL
SOCIAL_001086,2023-07-16,NM
SOCIAL_001087,2023-07-17,HI
SOCIAL_001088,2023-07-17,GA
SOCIAL_001089,2023-07-17,IN
SOCIAL_001090,2023-07-17,MO
SOCIAL_001091,2023-07-17,IN
SOCIAL_001092,2023-07-17,NY
SOCIAL_001093,2023-07-18,AZ
SOCIAL_001094,2023-07-18,MD
SOCIAL_001095,2023-07-18,CT
SOCIAL_001096,2023-07-18,NY
SOCIAL_001097,2023-07-18,CA
SOCIAL_001098,2023-07-18,TX
SOCIAL_001099,2023-07-18,OK
SOCIAL_001100,2023-07-19,CT
SOCIAL_001101,2023-07-19,TX
SOCIAL_001102,2023-07-19,IL
SOCIAL_001103,2023-07-19,NV
SOCIAL_001104,2023-07-19,TX
SOCIAL_001105,2023-07-19,LA
SOCIAL_001106,2023-07-19,CA
SOCIAL_001107,2023-07-19,AZ
SOCIAL_001108,2023-07-19,VA
SOCIAL_001109,2023-07-19,VA
SOCIAL_001110,2023-07-19,NH
SOCIAL_001111,2023-07-20,FL
SOCIAL_001112,2023-07-20,NY
SOCIAL_001113,2023-07-20,KY
SOCIAL_001114,2023-07-20,GA
SOCIAL_001115,2023-07-20,KS
SOCIAL_001116,2023-07-20,MI
SOCIAL_001117,2023-07-20,IN
SOCIAL_001118,2023-07-20,NY
SOCIAL_001119,2023-07-21,OH
SOCIAL_001120,2023-07-21,FL
SOCIAL_001121,2023-07-21,CO
SOCIAL_001122,2023-07-21,PA
SOCIAL_001123,2023-07-21,IL
SOCIAL_001124,2023-07-21,KS
SOCIAL_001125,2023-07-21,TX
SOCIAL_001126,2023-07-21,FL
SOCIAL_001127,2023-07-21,FL
SOCIAL_001128,2023-07-21,CA
SOCIAL_001129,2023-07-22,CA
SOCIAL_001130,2023-07-22,FL
SOCIAL_001131,2023-07-22,TX
SOCIAL_001132,2023-07-22,TX
SOCIAL_001133,2023-07-22,PA
SOCIAL_001134,2023-07-23,NC
SOCIAL_001135,2023-07-23,CT
SOCIAL_001136,2023-07-23,KY
SOCIAL_001137,2023-07-23,VA
SOCIAL_001138,2023-07-24,CA
SOCIAL_001139,2023-07-24,WI
SOCIAL_001140,2023-07-24,FL
SOCIAL_001141,2023-07-24,IL
SOCIAL_001142,2023-07-24,CA
SOCIAL_001143,2023-07-25,WI
SOCIAL_001144,2023-07-25,IN
SOCIAL_001145,2023-07-25,FL
SOCIAL_001146,2023-07-25,IN
SOCIAL_001147,2023-07-25,MA
SOCIAL_001148,2023-07-25,MI
SOCIAL_001149,2023-07-25,NV
SOCIAL_001150,2023-07-25,KS
SOCIAL_001151,2023-07-25,IL
SOCIAL_001152,2023-07-25,AR
SOCIAL_001153,2023-07-25,MN
SOCIAL_001154,2023-07-25,FL
SOCIAL_001155,2023-07-26,WA
SOCIAL_001156,2023-07-26,OH
SOCIAL_001157,2023-07-26,IA
SOCIAL_001158,2023-07-26,GA
SOCIAL_001159,2023-07-27,NC
SOCIAL_001160,2023-07-27,TX
SOCIAL_001161,2023-07-27,AR
SOCIAL_001162,2023-07-27,FL
SOCIAL_001163,2023-07-27,PA
SOCIAL_001164,2023-07-27,WI
SOCIAL_001165,2023-07-27,KY
SOCIAL_001166,2023-07-27,IN
SOCIAL_001167,2023-07-28,RI
SOCIAL_001168,2023-07-28,KY
SOCIAL_001169,2023-07-28,WA
SOCIAL_001170,2023-07-29,PA
SOCIAL_001171,2023-07-29,WI
SOCIAL_001172,2023-07-31,CA
SOCIAL_001173,2023-07-31,WA
SOCIAL_001174,2023-07-31,GA
SOCIAL_001175,2023-07-31,CO
SOCIAL_001176,2023-08-01,IL
SOCIAL_001177,2023-08-01,CO
SOCIAL_001178,2023-08-01,FL
SOCIAL_001179,2023-08-01,MA
SOCIAL_001180,2023-08-01,CA
SOCIAL_001181,2023-08-01,AL
SOCIAL_001182,2023-08-02,NY
SOCIAL_001183,2023-08-02,TX
SOCIAL_001184,2023-08-02,AL
SOCIAL_001185,2023-08-02,MD
SOCIAL_001186,2023-08-02,FL
SOCIAL_001187,2023-08-02,UT
SOCIAL_001188,2023-08-02,KS
SOCIAL_001189,2023-08-02,CA
SOCIAL_001190,2023-08-02,AL
SOCIAL_001191,2023-08-03,SC
SOCIAL_001192,2023-08-03,CA
SOCIAL_001193,2023-08-03,GA
SOCIAL_001194,2023-08-03,AR
SOCIAL_001195,2023-08-03,MS
SOCIAL_001196,2023-08-03,IN
SOCIAL_001197,2023-08-03,NJ
SOCIAL_001198,2023-08-03,MO
SOCIAL_001199,2023-08-04,FL
SOCIAL_001200,2023-08-04,NY
SOCIAL_001201,2023-08-04,MI
SOCIAL_001202,2023-08-04,VT
SOCIAL_001203,2023-08-04,NY
SOCIAL_001204,2023-08-04,IN
SOCIAL_001205,2023-08-05,CA
SOCIAL_001206,2023-08-05,NY
SOCIAL_001207,2023-08-05,NH
SOCIAL_001208,2023-08-05,CA
SOCIAL_001209,2023-08-05,TX
SOCIAL_001210,2023-08-06,MI
SOCIAL_001211,2023-08-06,OK
SOCIAL_001212,2023-08-06,TX
SOCIAL_001213,2023-08-06,PA
SOCIAL_001214,2023-08-06,NY
SOCIAL_001215,2023-08-06,VA
SOCIAL_001216,2023-08-07,WI
SOCIAL_001217,2023-08-07,PA
SOCIAL_001218,2023-08-07,PA
SOCIAL_001219,2023-08-07,FL
SOCIAL_001220,2023-08-07,IN
SOCIAL_001221,2023-08-07,NC
SOCIAL_001222,2023-08-07,KY
SOCIAL_001223,2023-08-07,NY
SOCIAL_001224,2023-08-08,CA
SOCIAL_001225,2023-08-08,MA
SOCIAL_001226,2023-08-08,TX
SOCIAL_001227,2023-08-08,WI
SOCIAL_001228,2023-08-08,NY
SOCIAL_001229,2023-08-08,AZ
SOCIAL_001230,2023-08-08,CA
SOCIAL_001231,2023-08-08,GA
SOCIAL_001232,2023-08-08,CA
SOCIAL_001233,2023-08-08,AZ
SOCIAL_001234,2023-08-09,VA
SOCIAL_001235,2023-08-09,IA
SOCIAL_001236,2023-08-09,NJ
SOCIAL_001237,2023-08-09,UT
SOCIAL_001238,2023-08-09,MD
SOCIAL_001239,2023-08-09,IL
SOCIAL_001240,2023-08-09,CA
SOCIAL_001241,2023-08-10,HI
SOCIAL_001242,2023-08-11,TX
SOCIAL_001243,2023-08-11,TX
SOCIAL_001244,2023-08-11,NY
SOCIAL_001245,2023-08-11,CO
SOCIAL_001246,2023-08-11,MO
SOCIAL_001247,2023-08-11,TX
SOCIAL_001248,2023-08-12,GA
SOCIAL_001249,2023-08-12,GA
SOCIAL_001250,2023-08-12,ND
SOCIAL_001251,2023-08-12,SC
SOCIAL_001252,2023-08-12,KS
SOCIAL_001253,2023-08-12,FL
SOCIAL_001254,2023-08-12,GA
SOCIAL_001255,2023-08-13,PA
SOCIAL_001256,2023-08-13,NC
SOCIAL_001257,2023-08-14,TX
SOCIAL_001258,2023-08-14,CA
SOCIAL_001259,2023-08-14,FL
SOCIAL_001260,2023-08-14,CA
SOCIAL_001261,2023-08-15,TX
SOCIAL_001262,2023-08-15,OK
SOCIAL_001263,2023-08-15,CA
SOCIAL_001264,2023-08-15,FL
SOCIAL_001265,2023-08-15,TN
SOCIAL_001266,2023-08-15,CA
SOCIAL_001267,2023-08-15,AR
SOCIAL_001268,2023-08-15,CA
SOCIAL_001269,2023-08-15,ME
SOCIAL_001270,2023-08-15,CA
SOCIAL_001271,2023-08-16,IL
SOCIAL_001272,2023-08-16,FL
SOCIAL_001273,2023-08-16,MN
SOCIAL_001274,2023-08-16,TX
SOCIAL_001275,2023-08-16,OK
SOCIAL_001276,2023-08-16,PA
SOCIAL_001277,2023-08-16,IL
SOCIAL_001278,2023-08-16,FL
SOCIAL_001279,2023-08-17,MA
SOCIAL_001280,2023-08-17,ND
SOCIAL_001281,2023-08-17,FL
SOCIAL_001282,2023-08-17,UT
SOCIAL_001283,2023-08-17,CA
SOCIAL_001284,2023-08-18,CA
SOCIAL_001285,2023-08-18,VA
SOCIAL_001286,2023-08-18,TN
SOCIAL_001287,2023-08-18,IL
SOCIAL_001288,2023-08-18,CA
SOCIAL_001289,2023-08-19,CA
SOCIAL_001290,2023-08-19,OK
SOCIAL_001291,2023-08-19,ND
SOCIAL_001292,2023-08-20,AZ
SOCIAL_001293,2023-08-20,OH
SOCIAL_001294,2023-08-20,TX
SOCIAL_001295,2023-08-20,LA
SOCIAL_001296,2023-08-20,GA
SOCIAL_001297,2023-08-20,MO
SOCIAL_001298,2023-08-21,FL
SOCIAL_001299,2023-08-21,TX
SOCIAL_001300,2023-08-22,TX
SOCIAL_001301,2023-08-22,VA
SOCIAL_001302,2023-08-22,AR
SOCIAL_001303,2023-08-22,IN
SOCIAL_001304,2023-08-22,AZ
SOCIAL_001305,2023-08-22,NV
SOCIAL_001306,2023-08-22,TX
SOCIAL_001307,2023-08-22,OH
SOCIAL_001308,2023-08-22,FL
SOCIAL_001309,2023-08-22,NY
SOCIAL_001310,2023-08-22,GA
SOCIAL_001311,2023-08-23,OH
SOCIAL_001312,2023-08-23,AL
SOCIAL_001313,2023-08-23,AZ
SOCIAL_001314,2023-08-23,GA
SOCIAL_001315,2023-08-24,OH
SOCIAL_001316,2023-08-24,CT
SOCIAL_001317,2023-08-24,MA
SOCIAL_001318,2023-08-24,MO
SOCIAL_001319,2023-08-24,MD
SOCIAL_001320,2023-08-24,GA
SOCIAL_001321,2023-08-25,LA
SOCIAL_001322,2023-08-25,TX
SOCIAL_001323,2023-08-25,GA
SOCIAL_001324,2023-08-25,TX
SOCIAL_001325,2023-08-25,OR
SOCIAL_001326,2023-08-26,NY
SOCIAL_001327,2023-08-26,NC
SOCIAL_001328,2023-08-27,MS
SOCIAL_001329,2023-08-27,IA
SOCIAL_001330,2023-08-27,CT
SOCIAL_001331,2023-08-27,OH
SOCIAL_001332,2023-08-27,MI
SOCIAL_001333,2023-08-28,OH
SOCIAL_001334,2023-08-28,TX
SOCIAL_001335,2023-08-28,NY
SOCIAL_001336,2023-08-28,CA
SOCIAL_001337,2023-08-28,NC
SOCIAL_001338,2023-08-28,NY
SOCIAL_001339,2023-08-28,TX
SOCIAL_001340,2023-08-29,NY
SOCIAL_001341,2023-08-29,CA
SOCIAL_001342,2023-08-29,LA
SOCIAL_001343,2023-08-30,VA
SOCIAL_001344,2023-08-30,NY
SOCIAL_001345,2023-08-30,KS
SOCIAL_001346,2023-08-31,TN
SOCIAL_001347,2023-08-31,KS
SOCIAL_001348,2023-09-01,NY
SOCIAL_001349,2023-09-01,SC
SOCIAL_001350,2023-09-01,CA
SOCIAL_001351,2023-09-01,MD
SOCIAL_001352,2023-09-01,AZ
SOCIAL_001353,2023-09-01,CA
SOCIAL_001354,2023-09-01,WA
SOCIAL_001355,2023-09-01,NY
SOCIAL_001356,2023-09-01,SD
SOCIAL_001357,2023-09-01,KY
SOCIAL_001358,2023-09-01,MA
SOCIAL_001359,2023-09-02,IL
SOCIAL_001360,2023-09-02,MI
SOCIAL_001361,2023-09-02,TN
SOCIAL_001362,2023-09-02,OR
SOCIAL_001363,2023-09-02,CA
SOCIAL_001364,2023-09-02,NJ
SOCIAL_001365,2023-09-03,OH
SOCIAL_001366,2023-09-03,NV
SOCIAL_001367,2023-09-03,OR
SOCIAL_001368,2023-09-03,CA
SOCIAL_001369,2023-09-04,OH
SOCIAL_001370,2023-09-04,VA
SOCIAL_001371,2023-09-04,IL
SOCIAL_001372,2023-09-04,CA
SOCIAL_001373,2023-09-05,TX
SOCIAL_001374,2023-09-05,OH
SOCIAL_001375,2023-09-05,PA
SOCIAL_001376,2023-09-05,NY
SOCIAL_001377,2023-09-05,NC
SOCIAL_001378,2023-09-05,OK
SOCIAL_001379,2023-09-05,CA
SOCIAL_001380,2023-09-05,KS
SOCIAL_001381,2023-09-05,MI
SOCIAL_001382,2023-09-05,TN
SOCIAL_001383,2023-09-05,AR
SOCIAL_001384,2023-09-06,CO
SOCIAL_001385,2023-09-06,NV
SOCIAL_001386,2023-09-06,VA
SOCIAL_001387,2023-09-07,NY
SOCIAL_001388,2023-09-07,NY
SOCIAL_001389,2023-09-07,AR
SOCIAL_001390,2023-09-07,WI
SOCIAL_001391,2023-09-07,IL
SOCIAL_001392,2023-09-07,MI
SOCIAL_001393,2023-09-07,TX
SOCIAL_001394,2023-09-07,MI
SOCIAL_001395,2023-09-07,FL
SOCIAL_001396,2023-09-08,KY
SOCIAL_001397,2023-09-08,CO
SOCIAL_001398,2023-09-08,CA
SOCIAL_001399,2023-09-08,TX
SOCIAL_001400,2023-09-08,IL
SOCIAL_001401,2023-09-08,WA
SOCIAL_001402,2023-09-09,CT
SOCIAL_001403,2023-09-09,NH
SOCIAL_001404,2023-09-09,WY
SOCIAL_001405,2023-09-09,GA
SOCIAL_001406,2023-09-10,PA
SOCIAL_001407,2023-09-10,AZ
SOCIAL_001408,2023-09-10,CT
SOCIAL_001409,2023-09-11,VA
SOCIAL_001410,2023-09-11,IL
SOCIAL_001411,2023-09-11,FL
SOCIAL_001412,2023-09-11,IL
SOCIAL_001413,2023-09-11,GA
SOCIAL_001414,2023-09-11,MS
SOCIAL_001415,2023-09-11,OH
SOCIAL_001416,2023-09-11,GA
SOCIAL_001417,2023-09-12,CA
SOCIAL_001418,2023-09-12,AZ
SOCIAL_001419,2023-09-12,NY
SOCIAL_001420,2023-09-12,CA
SOCIAL_001421,2023-09-12,HI
SOCIAL_001422,2023-09-12,FL
SOCIAL_001423,2023-09-12,OH
SOCIAL_001424,2023-09-12,NC
SOCIAL_001425,2023-09-12,NJ
SOCIAL_001426,2023-09-12,GA
SOCIAL_001427,2023-09-13,NE
SOCIAL_001428,2023-09-13,CA
SOCIAL_001429,2023-09-13,CA
SOCIAL_001430,2023-09-13,VA
SOCIAL_001431,2023-09-13,MD
SOCIAL_001432,2023-09-13,NC
SOCIAL_001433,2023-09-13,VA
SOCIAL_001434,2023-09-14,CA
SOCIAL_001435,2023-09-14,MI
SOCIAL_001436,2023-09-15,OH
SOCIAL_001437,2023-09-15,NJ
SOCIAL_001438,2023-09-15,OH
SOCIAL_001439,2023-09-16,WA
SOCIAL_001440,2023-09-16,WA
SOCIAL_001441,2023-09-16,OH
SOCIAL_001442,2023-09-16,IL
SOCIAL_001443,2023-09-16,MO
SOCIAL_001444,2023-09-16,FL
SOCIAL_001445,2023-09-16,MO
SOCIAL_001446,2023-09-17,CA
SOCIAL_001447,2023-09-17,TX
SOCIAL_001448,2023-09-17,CO
SOCIAL_001449,2023-09-17,TX
SOCIAL_001450,2023-09-18,NM
SOCIAL_001451,2023-09-18,FL
SOCIAL_001452,2023-09-18,CA
SOCIAL_001453,2023-09-18,VA
SOCIAL_001454,2023-09-18,TX
SOCIAL_001455,2023-09-18,PA
SOCIAL_001456,2023-09-18,IL
SOCIAL_001457,2023-09-18,NY
SOCIAL_001458,2023-09-18,TX
SOCIAL_001459,2023-09-19,WA
SOCIAL_001460,2023-09-19,CO
SOCIAL_001461,2023-09-19,MI
SOCIAL_001462,2023-09-19,NY
SOCIAL_001463,2023-09-19,SC
SOCIAL_001464,2023-09-19,ME
SOCIAL_001465,2023-09-19,IA
SOCIAL_001466,2023-09-19,TN
SOCIAL_001467,2023-09-19,NJ
SOCIAL_001468,2023-09-19,CA
SOCIAL_001469,2023-09-19,AZ
SOCIAL_001470,2023-09-20,NY
SOCIAL_001471,2023-09-20,PA
SOCIAL_001472,2023-09-20,WA
SOCIAL_001473,2023-09-20,AZ
SOCIAL_001474,2023-09-20,CA
SOCIAL_001475,2023-09-21,NH
SOCIAL_001476,2023-09-21,IA
SOCIAL_001477,2023-09-21,PA
SOCIAL_001478,2023-09-21,MI
SOCIAL_001479,2023-09-22,LA
SOCIAL_001480,2023-09-23,GA
SOCIAL_001481,2023-09-23,NE
SOCIAL_001482,2023-09-23,OR
SOCIAL_001483,2023-09-24,FL
SOCIAL_001484,2023-09-24,AZ
SOCIAL_001485,2023-09-24,WA
SOCIAL_001486,2023-09-24,PA
SOCIAL_001487,2023-09-24,TX
SOCIAL_001488,2023-09-24,PA
SOCIAL_001489,2023-09-24,MI
SOCIAL_001490,2023-09-24,CT
SOCIAL_001491,2023-09-25,GA
SOCIAL_001492,2023-09-25,AZ
SOCIAL_001493,2023-09-25,CA
SOCIAL_001494,2023-09-25,IN
SOCIAL_001495,2023-09-25,GA
SOCIAL_001496,2023-09-25,IA
SOCIAL_001497,2023-09-25,MO
SOCIAL_001498,2023-09-25,ID
SOCIAL_001499,2023-09-26,FL
SOCIAL_001500,2023-09-26,WA
SOCIAL_001501,2023-09-26,NJ
SOCIAL_001502,2023-09-26,NC
SOCIAL_001503,2023-09-26,WV
SOCIAL_001504,2023-09-26,GA
SOCIAL_001505,2023-09-26,TX
SOCIAL_001506,2023-09-26,TN
SOCIAL_001507,2023-09-26,CA
SOCIAL_001508,2023-09-26,NY
SOCIAL_001509,2023-09-27,OH
SOCIAL_001510,2023-09-27,NE
SOCIAL_001511,2023-09-27,CO
SOCIAL_001512,2023-09-27,MA
SOCIAL_001513,2023-09-27,PA
SOCIAL_001514,2023-09-27,SC
SOCIAL_001515,2023-09-27,MA
SOCIAL_001516,2023-09-27,IL
SOCIAL_001517,2023-09-27,NJ
SOCIAL_001518,2023-09-28,MI
SOCIAL_001519,2023-09-28,KY
SOCIAL_001520,2023-09-28,GA
SOCIAL_001521,2023-09-29,MI
SOCIAL_001522,2023-09-29,FL
SOCIAL_001523,2023-09-29,GA
SOCIAL_001524,2023-09-29,IL
SOCIAL_001525,2023-09-29,GA
SOCIAL_001526,2023-09-29,NJ
SOCIAL_001527,2023-09-29,MI
SOCIAL_001528,2023-09-30,IN
SOCIAL_001529,2023-09-30,MO
SOCIAL_001530,2023-09-30,MA
SOCIAL_001531,2023-09-30,TN
SOCIAL_001532,2023-09-30,PA
SOCIAL_001533,2023-10-01,AL
SOCIAL_001534,2023-10-01,IA
SOCIAL_001535,2023-10-01,AZ
SOCIAL_001536,2023-10-01,OR
SOCIAL_001537,2023-10-02,IL
SOCIAL_001538,2023-10-02,VA
SOCIAL_001539,2023-10-02,PA
SOCIAL_001540,2023-10-02,MA
SOCIAL_001541,2023-10-02,MD
SOCIAL_001542,2023-10-02,NY
SOCIAL_001543,2023-10-02,CA
SOCIAL_001544,2023-10-02,AR
SOCIAL_001545,2023-10-03,NJ
SOCIAL_001546,2023-10-03,NV
SOCIAL_001547,2023-10-03,CA
SOCIAL_001548,2023-10-03,TX
SOCIAL_001549,2023-10-03,WA
SOCIAL_001550,2023-10-04,CT
SOCIAL_001551,2023-10-04,IN
SOCIAL_001552,2023-10-04,HI
SOCIAL_001553,2023-10-05,AL
SOCIAL_001554,2023-10-05,CA
SOCIAL_001555,2023-10-05,MA
SOCIAL_001556,2023-10-05,NY
SOCIAL_001557,2023-10-05,NY
SOCIAL_001558,2023-10-06,CA
SOCIAL_001559,2023-10-06,WA
SOCIAL_001560,2023-10-06,LA
SOCIAL_001561,2023-10-06,TX
SOCIAL_001562,2023-10-06,TX
SOCIAL_001563,2023-10-06,NV
SOCIAL_001564,2023-10-06,PA
SOCIAL_001565,2023-10-06,OH
SOCIAL_001566,2023-10-07,TN
SOCIAL_001567,2023-10-07,FL
SOCIAL_001568,2023-10-07,NM
SOCIAL_001569,2023-10-07,NC
SOCIAL_001570,2023-10-08,CA
SOCIAL_001571,2023-10-08,OH
SOCIAL_001572,2023-10-08,TX
SOCIAL_001573,2023-10-08,TX
SOCIAL_001574,2023-10-08,LA
SOCIAL_001575,2023-10-09,FL
SOCIAL_001576,2023-10-09,AZ
SOCIAL_001577,2023-10-09,VA
SOCIAL_001578,2023-10-09,FL
SOCIAL_001579,2023-10-10,AL
SOCIAL_001580,2023-10-10,CA
SOCIAL_001581,2023-10-10,CA
SOCIAL_001582,2023-10-10,CO
SOCIAL_001583,2023-10-10,IN
SOCIAL_001584,2023-10-10,OH
SOCIAL_001585,2023-10-10,CA
SOCIAL_001586,2023-10-10,FL
SOCIAL_001587,2023-10-10,WA
SOCIAL_001588,2023-10-11,NY
SOCIAL_001589,2023-10-11,MO
SOCIAL_001590,2023-10-11,IL
SOCIAL_001591,2023-10-11,AZ
SOCIAL_001592,2023-10-11,CA
SOCIAL_001593,2023-10-11,NC
SOCIAL_001594,2023-10-11,WY
SOCIAL_001595,2023-10-11,TX
SOCIAL_001596,2023-10-11,MA
SOCIAL_001597,2023-10-11,UT
SOCIAL_001598,2023-10-11,GA
SOCIAL_001599,2023-10-11,SC
SOCIAL_001600,2023-10-11,PA
SOCIAL_001601,2023-10-12,IL
SOCIAL_001602,2023-10-12,TX
SOCIAL_001603,2023-10-12,NC
SOCIAL_001604,2023-10-12,CA
SOCIAL_001605,2023-10-12,NJ
SOCIAL_001606,2023-10-12,CA
SOCIAL_001607,2023-10-12,ME
SOCIAL_001608,2023-10-12,NC
SOCIAL_001609,2023-10-12,OH
SOCIAL_001610,2023-10-12,MS
SOCIAL_001611,2023-10-13,AR
SOCIAL_001612,2023-10-13,NJ
SOCIAL_001613,2023-10-13,CA
SOCIAL_001614,2023-10-13,PA
SOCIAL_001615,2023-10-13,FL
SOCIAL_001616,2023-10-13,NH
SOCIAL_001617,2023-10-14,MN
SOCIAL_001618,2023-10-14,OR
SOCIAL_001619,2023-10-14,CA
SOCIAL_001620,2023-10-14,FL
SOCIAL_001621,2023-10-14,MI
SOCIAL_001622,2023-10-14,OH
SOCIAL_001623,2023-10-14,NJ
SOCIAL_001624,2023-10-15,PA
SOCIAL_001625,2023-10-15,OH
SOCIAL_001626,2023-10-15,ND
SOCIAL_001627,2023-10-15,AR
SOCIAL_001628,2023-10-15,NY
SOCIAL_001629,2023-10-16,CA
SOCIAL_001630,2023-10-16,KS
SOCIAL_001631,2023-10-16,CA
SOCIAL_001632,2023-10-16,UT
SOCIAL_001633,2023-10-16,NJ
SOCIAL_001634,2023-10-16,KS
SOCIAL_001635,2023-10-16,CA
SOCIAL_001636,2023-10-16,RI
SOCIAL_001637,2023-10-16,MI
SOCIAL_001638,2023-10-17,IN
SOCIAL_001639,2023-10-17,NC
SOCIAL_001640,2023-10-17,OH
SOCIAL_001641,2023-10-17,DE
SOCIAL_001642,2023-10-17,MI
SOCIAL_001643,2023-10-17,AL
SOCIAL_001644,2023-10-17,WI
SOCIAL_001645,2023-10-17,IL
SOCIAL_001646,2023-10-17,CA
SOCIAL_001647,2023-10-18,CA
SOCIAL_001648,2023-10-18,NY
SOCIAL_001649,2023-10-18,CA
SOCIAL_001650,2023-10-18,IN
SOCIAL_001651,2023-10-18,MI
SOCIAL_001652,2023-10-19,MA
SOCIAL_001653,2023-10-19,OH
SOCIAL_001654,2023-10-19,LA
SOCIAL_001655,2023-10-20,MA
SOCIAL_001656,2023-10-20,CA
SOCIAL_001657,2023-10-20,AZ
SOCIAL_001658,2023-10-21,TX
SOCIAL_001659,2023-10-21,FL
SOCIAL_001660,2023-10-22,VA
SOCIAL_001661,2023-10-22,CA
SOCIAL_001662,2023-10-22,WI
SOCIAL_001663,2023-10-22,GA
SOCIAL_001664,2023-10-23,IN
SOCIAL_001665,2023-10-23,RI
SOCIAL_001666,2023-10-23,NC
SOCIAL_001667,2023-10-23,WA
SOCIAL_001668,2023-10-23,AR
SOCIAL_001669,2023-10-24,MA
SOCIAL_001670,2023-10-24,AR
SOCIAL_001671,2023-10-25,CA
SOCIAL_001672,2023-10-25,TX
SOCIAL_001673,2023-10-25,AL
SOCIAL_001674,2023-10-25,OH
SOCIAL_001675,2023-10-26,KY
SOCIAL_001676,2023-10-26,WI
SOCIAL_001677,2023-10-26,NY
SOCIAL_001678,2023-10-26,MN
SOCIAL_001679,2023-10-26,NC
SOCIAL_001680,2023-10-26,GA
SOCIAL_001681,2023-10-26,OH
SOCIAL_001682,2023-10-26,TX
SOCIAL_001683,2023-10-26,FL
SOCIAL_001684,2023-10-27,LA
SOCIAL_001685,2023-10-27,NC
SOCIAL_001686,2023-10-27,ID
SOCIAL_001687,2023-10-27,MI
SOCIAL_001688,2023-10-27,AZ
SOCIAL_001689,2023-10-28,WI
SOCIAL_001690,2023-10-28,TN
SOCIAL_001691,2023-10-28,TX
SOCIAL_001692,2023-10-28,GA
SOCIAL_001693,2023-10-28,WA
SOCIAL_001694,2023-10-28,CA
SOCIAL_001695,2023-10-29,KY
SOCIAL_001696,2023-10-29,FL
SOCIAL_001697,2023-10-29,FL
SOCIAL_001698,2023-10-29,IL
SOCIAL_001699,2023-10-29,MN
SOCIAL_001700,2023-10-30,FL
SOCIAL_001701,2023-10-30,CA
SOCIAL_001702,2023-10-30,MD
SOCIAL_001703,2023-10-30,IL
SOCIAL_001704,2023-10-30,GA
SOCIAL_001705,2023-10-30,IN
SOCIAL_001706,2023-10-30,FL
SOCIAL_001707,2023-10-30,NY
SOCIAL_001708,2023-10-30,NY
SOCIAL_001709,2023-10-30,AZ
SOCIAL_001710,2023-10-30,GA
SOCIAL_001711,2023-10-30,AL
SOCIAL_001712,2023-10-31,OH
SOCIAL_001713,2023-10-31,TX
SOCIAL_001714,2023-10-31,FL
SOCIAL_001715,2023-10-31,VA
SOCIAL_001716,2023-10-31,CA
SOCIAL_001717,2023-11-01,IA
SOCIAL_001718,2023-11-01,GA
SOCIAL_001719,2023-11-01,VA
SOCIAL_001720,2023-11-01,TX
SOCIAL_001721,2023-11-01,SC
SOCIAL_001722,2023-11-01,CO
SOCIAL_001723,2023-11-01,CA
SOCIAL_001724,2023-11-01,GA
SOCIAL_001725,2023-11-01,SC
SOCIAL_001726,2023-11-02,CA
SOCIAL_001727,2023-11-02,TN
SOCIAL_001728,2023-11-02,MI
SOCIAL_001729,2023-11-02,CO
SOCIAL_001730,2023-11-02,RI
SOCIAL_001731,2023-11-02,PA
SOCIAL_001732,2023-11-02,MI
SOCIAL_001733,2023-11-02,CT
SOCIAL_001734,2023-11-03,VA
SOCIAL_001735,2023-11-03,OH
SOCIAL_001736,2023-11-03,WI
SOCIAL_001737,2023-11-03,RI
SOCIAL_001738,2023-11-03,CA
SOCIAL_001739,2023-11-03,MA
SOCIAL_001740,2023-11-03,GA
SOCIAL_001741,2023-11-04,MT
SOCIAL_001742,2023-11-04,CT
SOCIAL_001743,2023-11-04,NV
SOCIAL_001744,2023-11-04,FL
SOCIAL_001745,2023-11-04,PA
SOCIAL_001746,2023-11-04,OR
SOCIAL_001747,2023-11-05,IA
SOCIAL_001748,2023-11-05,MD
SOCIAL_001749,2023-11-05,NC
SOCIAL_001750,2023-11-06,GA
SOCIAL_001751,2023-11-06,GA
SOCIAL_001752,2023-11-06,GA
SOCIAL_001753,2023-11-06,TX
SOCIAL_001754,2023-11-06,IA
SOCIAL_001755,2023-11-06,OH
SOCIAL_001756,2023-11-07,WA
SOCIAL_001757,2023-11-07,LA
SOCIAL_001758,2023-11-07,WI
SOCIAL_001759,2023-11-07,CA
SOCIAL_001760,2023-11-07,KY
SOCIAL_001761,2023-11-07,AZ
SOCIAL_001762,2023-11-08,MS
SOCIAL_001763,2023-11-08,AZ
SOCIAL_001764,2023-11-08,AR
SOCIAL_001765,2023-11-09,CA
SOCIAL_001766,2023-11-09,VA
SOCIAL_001767,2023-11-09,MA
SOCIAL_001768,2023-11-09,WA
SOCIAL_001769,2023-11-09,TX
SOCIAL_001770,2023-11-09,TN
SOCIAL_001771,2023-11-10,NY
SOCIAL_001772,2023-11-10,PA
SOCIAL_001773,2023-11-10,VA
SOCIAL_001774,2023-11-10,NY
SOCIAL_001775,2023-11-10,PA
SOCIAL_001776,2023-11-10,NC
SOCIAL_001777,2023-11-10,GA
SOCIAL_001778,2023-11-10,AR
SOCIAL_001779,2023-11-11,MS
SOCIAL_001780,2023-11-11,NY
SOCIAL_001781,2023-11-11,MD
SOCIAL_001782,2023-11-11,CA
SOCIAL_001783,2023-11-11,NY
SOCIAL_001784,2023-11-11,NY
SOCIAL_001785,2023-11-12,MI
SOCIAL_001786,2023-11-12,NC
SOCIAL_001787,2023-11-12,GA
SOCIAL_001788,2023-11-12,CA
SOCIAL_001789,2023-11-12,MI
SOCIAL_001790,2023-11-12,MA
SOCIAL_001791,2023-11-13,CA
SOCIAL_001792,2023-11-13,FL
SOCIAL_001793,2023-11-13,ID
SOCIAL_001794,2023-11-13,CA
SOCIAL_001795,2023-11-13,NC
SOCIAL_001796,2023-11-13,NJ
SOCIAL_001797,2023-11-13,MA
SOCIAL_001798,2023-11-14,NY
SOCIAL_001799,2023-11-14,MO
SOCIAL_001800,2023-11-14,PA
SOCIAL_001801,2023-11-14,OR
SOCIAL_001802,2023-11-14,NE
SOCIAL_001803,2023-11-15,OR
SOCIAL_001804,2023-11-15,TX
SOCIAL_001805,2023-11-15,TX
SOCIAL_001806,2023-11-15,MD
SOCIAL_001807,2023-11-16,GA
SOCIAL_001808,2023-11-16,SC
SOCIAL_001809,2023-11-16,PA
SOCIAL_001810,2023-11-16,TN
SOCIAL_001811,2023-11-16,MD
SOCIAL_001812,2023-11-16,SC
SOCIAL_001813,2023-11-16,TX
SOCIAL_001814,2023-11-17,PA
SOCIAL_001815,2023-11-17,FL
SOCIAL_001816,2023-11-17,CA
SOCIAL_001817,2023-11-17,PA
SOCIAL_001818,2023-11-17,CA
SOCIAL_001819,2023-11-17,FL
SOCIAL_001820,2023-11-17,NE
SOCIAL_001821,2023-11-18,VA
SOCIAL_001822,2023-11-18,VA
SOCIAL_001823,2023-11-18,FL
SOCIAL_001824,2023-11-18,OH
SOCIAL_001825,2023-11-18,NJ
SOCIAL_001826,2023-11-19,NC
SOCIAL_001827,2023-11-19,KY
SOCIAL_001828,2023-11-19,VA
SOCIAL_001829,2023-11-19,SC
SOCIAL_001830,2023-11-19,NC
SOCIAL_001831,2023-11-19,SC
SOCIAL_001832,2023-11-19,FL
SOCIAL_001833,2023-11-19,FL
SOCIAL_001834,2023-11-20,MN
SOCIAL_001835,2023-11-20,OK
SOCIAL_001836,2023-11-20,SC
SOCIAL_001837,2023-11-20,NY
SOCIAL_001838,2023-11-20,TX
SOCIAL_001839,2023-11-20,WI
SOCIAL_001840,2023-11-20,CA
SOCIAL_001841,2023-11-20,CA
SOCIAL_001842,2023-11-20,OH
SOCIAL_001843,2023-11-20,TX
SOCIAL_001844,2023-11-20,MI
SOCIAL_001845,2023-11-21,PA
SOCIAL_001846,2023-11-21,LA
SOCIAL_001847,2023-11-21,PA
SOCIAL_001848,2023-11-21,CA
SOCIAL_001849,2023-11-22,FL
SOCIAL_001850,2023-11-22,VA
SOCIAL_001851,2023-11-22,FL
SOCIAL_001852,2023-11-22,MA
SOCIAL_001853,2023-11-22,MI
SOCIAL_001854,2023-11-22,LA
SOCIAL_001855,2023-11-23,OR
SOCIAL_001856,2023-11-23,CA
SOCIAL_001857,2023-11-23,CA
SOCIAL_001858,2023-11-23,TX
SOCIAL_001859,2023-11-23,WI
SOCIAL_001860,2023-11-23,NC
SOCIAL_001861,2023-11-23,TX
SOCIAL_001862,2023-11-23,CA
SOCIAL_001863,2023-11-23,PA
SOCIAL_001864,2023-11-24,OK
SOCIAL_001865,2023-11-24,IL
SOCIAL_001866,2023-11-24,CA
SOCIAL_001867,2023-11-24,TX
SOCIAL_001868,2023-11-24,KY
SOCIAL_001869,2023-11-24,CA
SOCIAL_001870,2023-11-24,NY
SOCIAL_001871,2023-11-24,AL
SOCIAL_001872,2023-11-25,FL
SOCIAL_001873,2023-11-25,NE
SOCIAL_001874,2023-11-25,NC
SOCIAL_001875,2023-11-25,VA
SOCIAL_001876,2023-11-25,MO
SOCIAL_001877,2023-11-25,GA
SOCIAL_001878,2023-11-25,TX
SOCIAL_001879,2023-11-25,CA
SOCIAL_001880,2023-11-26,CA
SOCIAL_001881,2023-11-26,MI
SOCIAL_001882,2023-11-26,NJ
SOCIAL_001883,2023-11-26,WA
SOCIAL_001884,2023-11-26,CO
SOCIAL_001885,2023-11-27,MN
SOCIAL_001886,2023-11-27,DE
SOCIAL_001887,2023-11-27,IN
SOCIAL_001888,2023-11-27,TX
SOCIAL_001889,2023-11-27,TN
SOCIAL_001890,2023-11-27,NY
SOCIAL_001891,2023-11-28,CT
SOCIAL_001892,2023-11-28,NY
SOCIAL_001893,2023-11-28,GA
SOCIAL_001894,2023-11-28,OR
SOCIAL_001895,2023-11-29,IA
SOCIAL_001896,2023-11-29,NJ
SOCIAL_001897,2023-11-29,CA
SOCIAL_001898,2023-11-29,TX
SOCIAL_001899,2023-11-29,OR
SOCIAL_001900,2023-11-29,TX
SOCIAL_001901,2023-11-29,NY
SOCIAL_001902,2023-11-29,CT
SOCIAL_001903,2023-11-29,LA
SOCIAL_001904,2023-11-29,MD
SOCIAL_001905,2023-11-29,MI
SOCIAL_001906,2023-11-29,AZ
SOCIAL_001907,2023-11-29,WA
SOCIAL_001908,2023-11-29,CT
SOCIAL_001909,2023-11-30,CA
SOCIAL_001910,2023-11-30,NY
SOCIAL_001911,2023-11-30,MS
SOCIAL_001912,2023-11-30,PA
SOCIAL_001913,2023-11-30,NY
SOCIAL_001914,2023-11-30,TX
SOCIAL_001915,2023-11-30,NY
SOCIAL_001916,2023-11-30,TX
SOCIAL_001917,2023-11-30,VA
SOCIAL_001918,2023-12-01,CA
SOCIAL_001919,2023-12-01,TX
SOCIAL_001920,2023-12-02,MA
SOCIAL_001921,2023-12-03,MA
SOCIAL_001922,2023-12-03,PA
SOCIAL_001923,2023-12-03,AZ
SOCIAL_001924,2023-12-03,NJ
SOCIAL_001925,2023-12-03,CA
SOCIAL_001926,2023-12-03,OH
SOCIAL_001927,2023-12-03,PA
SOCIAL_001928,2023-12-03,CA
SOCIAL_001929,2023-12-04,GA
SOCIAL_001930,2023-12-04,CA
SOCIAL_001931,2023-12-04,LA
SOCIAL_001932,2023-12-04,CA
SOCIAL_001933,2023-12-04,GA
SOCIAL_001934,2023-12-04,FL
SOCIAL_001935,2023-12-05,MO
SOCIAL_001936,2023-12-05,CA
SOCIAL_001937,2023-12-05,IL
SOCIAL_001938,2023-12-05,MA
SOCIAL_001939,2023-12-06,FL
SOCIAL_001940,2023-12-06,MO
SOCIAL_001941,2023-12-06,CT
SOCIAL_001942,2023-12-06,GA
SOCIAL_001943,2023-12-06,FL
SOCIAL_001944,2023-12-06,TX
SOCIAL_001945,2023-12-06,CA
SOCIAL_001946,2023-12-06,WA
SOCIAL_001947,2023-12-06,GA
SOCIAL_001948,2023-12-06,MT
SOCIAL_001949,2023-12-06,IA
SOCIAL_001950,2023-12-06,MA
SOCIAL_001951,2023-12-07,TX
SOCIAL_001952,2023-12-07,TN
SOCIAL_001953,2023-12-07,TX
SOCIAL_001954,2023-12-07,NY
SOCIAL_001955,2023-12-07,AR
SOCIAL_001956,2023-12-07,NY
SOCIAL_001957,2023-12-07,CA
SOCIAL_001958,2023-12-07,OH
SOCIAL_001959,2023-12-07,VA
SOCIAL_001960,2023-12-07,VA
SOCIAL_001961,2023-12-08,TX
SOCIAL_001962,2023-12-08,NV
SOCIAL_001963,2023-12-08,RI
SOCIAL_001964,2023-12-08,WI
SOCIAL_001965,2023-12-08,CA
SOCIAL_001966,2023-12-08,GA
SOCIAL_001967,2023-12-08,TX
SOCIAL_001968,2023-12-08,OK
SOCIAL_001969,2023-12-09,IL
SOCIAL_001970,2023-12-09,GA
SOCIAL_001971,2023-12-09,CA
SOCIAL_001972,2023-12-09,NC
SOCIAL_001973,2023-12-09,TX
SOCIAL_001974,2023-12-09,TN
SOCIAL_001975,2023-12-09,IL
SOCIAL_001976,2023-12-09,CA
SOCIAL_001977,2023-12-10,NV
SOCIAL_001978,2023-12-10,TX
SOCIAL_001979,2023-12-10,MN
SOCIAL_001980,2023-12-10,IN
SOCIAL_001981,2023-12-10,AR
SOCIAL_001982,2023-12-10,MI
SOCIAL_001983,2023-12-11,MA
SOCIAL_001984,2023-12-11,OK
SOCIAL_001985,2023-12-11,MN
SOCIAL_001986,2023-12-11,IL
SOCIAL_001987,2023-12-12,OH
SOCIAL_001988,2023-12-12,CT
SOCIAL_001989,2023-12-12,IL
SOCIAL_001990,2023-12-12,NJ
SOCIAL_001991,2023-12-12,NY
SOCIAL_001992,2023-12-12,MI
SOCIAL_001993,2023-12-12,KS
SOCIAL_001994,2023-12-12,MA
SOCIAL_001995,2023-12-12,TX
SOCIAL_001996,2023-12-13,CA
SOCIAL_001997,2023-12-13,OR
SOCIAL_001998,2023-12-13,MI
SOCIAL_001999,2023-12-13,NE
SOCIAL_002000,2023-12-13,TX
SOCIAL_002001,2023-12-14,CA
SOCIAL_002002,2023-12-14,VA
SOCIAL_002003,2023-12-14,AR
SOCIAL_002004,2023-12-14,MN
SOCIAL_002005,2023-12-14,CA
SOCIAL_002006,2023-12-14,NH
SOCIAL_002007,2023-12-14,PA
SOCIAL_002008,2023-12-14,NC
SOCIAL_002009,2023-12-15,VA
SOCIAL_002010,2023-12-15,MO
SOCIAL_002011,2023-12-15,NJ
SOCIAL_002012,2023-12-15,UT
SOCIAL_002013,2023-12-15,CO
SOCIAL_002014,2023-12-15,CA
SOCIAL_002015,2023-12-15,CA
SOCIAL_002016,2023-12-15,NY
SOCIAL_002017,2023-12-16,IL
SOCIAL_002018,2023-12-16,WA
SOCIAL_002019,2023-12-16,OR
SOCIAL_002020,2023-12-17,GA
SOCIAL_002021,2023-12-17,AZ
SOCIAL_002022,2023-12-17,MI
SOCIAL_002023,2023-12-17,PA
SOCIAL_002024,2023-12-17,WA
SOCIAL_002025,2023-12-18,MN
SOCIAL_002026,2023-12-18,CA
SOCIAL_002027,2023-12-18,AR
SOCIAL_002028,2023-12-18,GA
SOCIAL_002029,2023-12-18,CA
SOCIAL_002030,2023-12-18,CO
SOCIAL_002031,2023-12-18,SC
SOCIAL_002032,2023-12-18,MI
SOCIAL_002033,2023-12-18,NC
SOCIAL_002034,2023-12-19,MN
SOCIAL_002035,2023-12-19,NE
SOCIAL_002036,2023-12-19,GA
SOCIAL_002037,2023-12-19,IL
SOCIAL_002038,2023-12-19,PA
SOCIAL_002039,2023-12-20,PA
SOCIAL_002040,2023-12-20,TX
SOCIAL_002041,2023-12-20,NY
SOCIAL_002042,2023-12-20,PA
SOCIAL_002043,2023-12-20,CA
SOCIAL_002044,2023-12-20,FL
SOCIAL_002045,2023-12-20,AZ
SOCIAL_002046,2023-12-20,NC
SOCIAL_002047,2023-12-20,CO
SOCIAL_002048,2023-12-20,CT
SOCIAL_002049,2023-12-20,TX
SOCIAL_002050,2023-12-21,IL
SOCIAL_002051,2023-12-21,TX
SOCIAL_002052,2023-12-21,WI
SOCIAL_002053,2023-12-21,TX
SOCIAL_002054,2023-12-21,NY
SOCIAL_002055,2023-12-21,MO
SOCIAL_002056,2023-12-21,NC
SOCIAL_002057,2023-12-22,PA
SOCIAL_002058,2023-12-22,MO
SOCIAL_002059,2023-12-22,GA
SOCIAL_002060,2023-12-22,MA
SOCIAL_002061,2023-12-22,NC
SOCIAL_002062,2023-12-22,OR
SOCIAL_002063,2023-12-22,PA
SOCIAL_002064,2023-12-22,WI
SOCIAL_002065,2023-12-23,NJ
SOCIAL_002066,2023-12-23,OR
SOCIAL_002067,2023-12-23,KS
SOCIAL_002068,2023-12-23,NY
SOCIAL_002069,2023-12-24,IL
SOCIAL_002070,2023-12-24,WI
SOCIAL_002071,2023-12-25,FL
SOCIAL_002072,2023-12-25,MS
SOCIAL_002073,2023-12-25,AZ
SOCIAL_002074,2023-12-25,NY
SOCIAL_002075,2023-12-25,NC
SOCIAL_002076,2023-12-25,ID
SOCIAL_002077,2023-12-25,CA
SOCIAL_002078,2023-12-25,NY
SOCIAL_002079,2023-12-25,PA
SOCIAL_002080,2023-12-26,PA
SOCIAL_002081,2023-12-26,IL
SOCIAL_002082,2023-12-26,MN
SOCIAL_002083,2023-12-26,IL
SOCIAL_002084,2023-12-26,KS
SOCIAL_002085,2023-12-27,OR
SOCIAL_002086,2023-12-27,SC
SOCIAL_002087,2023-12-27,MI
SOCIAL_002088,2023-12-27,IN
SOCIAL_002089,2023-12-27,MS
SOCIAL_002090,2023-12-27,IL
SOCIAL_002091,2023-12-27,FL
SOCIAL_002092,2023-12-27,NY
SOCIAL_002093,2023-12-28,TX
SOCIAL_002094,2023-12-28,NV
SOCIAL_002095,2023-12-28,NY
SOCIAL_002096,2023-12-28,NC
SOCIAL_002097,2023-12-28,TX
SOCIAL_002098,2023-12-28,TX
SOCIAL_002099,2023-12-28,LA
SOCIAL_002100,2023-12-29,AL
SOCIAL_002101,2023-12-29,GA
SOCIAL_002102,2023-12-29,MS
SOCIAL_002103,2023-12-29,CA
SOCIAL_002104,2023-12-29,WY
SOCIAL_002105,2023-12-29,AL
SOCIAL_002106,2023-12-29,FL
SOCIAL_002107,2023-12-30,AZ
SOCIAL_002108,2023-12-30,AL
SOCIAL_002109,2023-12-31,PA
SOCIAL_002110,2023-12-31,GA
SOCIAL_002111,2024-01-01,NV
SOCIAL_002112,2024-01-01,CA
SOCIAL_002113,2024-01-01,RI
SOCIAL_002114,2024-01-01,CA
SOCIAL_002115,2024-01-01,IL
SOCIAL_002116,2024-01-01,NY
SOCIAL_002117,2024-01-01,CA
SOCIAL_002118,2024-01-01,CA
SOCIAL_002119,2024-01-02,CA
SOCIAL_002120,2024-01-02,NC
SOCIAL_002121,2024-01-03,CA
SOCIAL_002122,2024-01-03,OK
SOCIAL_002123,2024-01-03,NY
SOCIAL_002124,2024-01-04,TX
SOCIAL_002125,2024-01-04,TN
SOCIAL_002126,2024-01-04,IL
SOCIAL_002127,2024-01-04,OR
SOCIAL_002128,2024-01-04,TN
SOCIAL_002129,2024-01-04,TN
SOCIAL_002130,2024-01-04,OK
SOCIAL_002131,2024-01-04,TX
SOCIAL_002132,2024-01-04,IN
SOCIAL_002133,2024-01-04,TN
SOCIAL_002134,2024-01-05,DE
SOCIAL_002135,2024-01-05,WY
SOCIAL_002136,2024-01-05,TX
SOCIAL_002137,2024-01-05,CA
SOCIAL_002138,2024-01-05,AZ
SOCIAL_002139,2024-01-05,MN
SOCIAL_002140,2024-01-05,MD
SOCIAL_002141,2024-01-05,MI
SOCIAL_002142,2024-01-06,MA
SOCIAL_002143,2024-01-06,NY
SOCIAL_002144,2024-01-06,TX
SOCIAL_002145,2024-01-07,RI
SOCIAL_002146,2024-01-07,CA
SOCIAL_002147,2024-01-08,SC
SOCIAL_002148,2024-01-08,NY
SOCIAL_002149,2024-01-08,CA
SOCIAL_002150,2024-01-08,CA
SOCIAL_002151,2024-01-08,CA
SOCIAL_002152,2024-01-08,MO
SOCIAL_002153,2024-01-08,IL
SOCIAL_002154,2024-01-08,CO
SOCIAL_002155,2024-01-08,TX
SOCIAL_002156,2024-01-09,CA
SOCIAL_002157,2024-01-10,OK
SOCIAL_002158,2024-01-10,OH
SOCIAL_002159,2024-01-10,CA
SOCIAL_002160,2024-01-10,VA
SOCIAL_002161,2024-01-10,FL
SOCIAL_002162,2024-01-10,TX
SOCIAL_002163,2024-01-10,NC
SOCIAL_002164,2024-01-10,CA
SOCIAL_002165,2024-01-11,NY
SOCIAL_002166,2024-01-11,TN
SOCIAL_002167,2024-01-11,TX
SOCIAL_002168,2024-01-11,MO
SOCIAL_002169,2024-01-11,IL
SOCIAL_002170,2024-01-11,PA
SOCIAL_002171,2024-01-11,FL
SOCIAL_002172,2024-01-11,FL
SOCIAL_002173,2024-01-11,IL
SOCIAL_002174,2024-01-11,CA
SOCIAL_002175,2024-01-12,MA
SOCIAL_002176,2024-01-12,WA
SOCIAL_002177,2024-01-12,FL
SOCIAL_002178,2024-01-12,CA
SOCIAL_002179,2024-01-12,TX
SOCIAL_002180,2024-01-12,CA
SOCIAL_002181,2024-01-12,VA
SOCIAL_002182,2024-01-13,CA
SOCIAL_002183,2024-01-13,KS
SOCIAL_002184,2024-01-13,WI
SOCIAL_002185,2024-01-14,MI
SOCIAL_002186,2024-01-14,MA
SOCIAL_002187,2024-01-15,VA
SOCIAL_002188,2024-01-15,NV
SOCIAL_002189,2024-01-15,NJ
SOCIAL_002190,2024-01-15,MI
SOCIAL_002191,2024-01-15,CA
SOCIAL_002192,2024-01-15,CO
SOCIAL_002193,2024-01-16,CA
SOCIAL_002194,2024-01-16,TX
SOCIAL_002195,2024-01-17,CO
SOCIAL_002196,2024-01-18,TN
SOCIAL_002197,2024-01-18,NC
SOCIAL_002198,2024-01-18,FL
SOCIAL_002199,2024-01-18,IL
SOCIAL_002200,2024-01-18,MN
SOCIAL_002201,2024-01-18,CA
SOCIAL_002202,2024-01-18,WA
SOCIAL_002203,2024-01-18,UT
SOCIAL_002204,2024-01-18,CT
SOCIAL_002205,2024-01-19,TX
SOCIAL_002206,2024-01-19,TX
SOCIAL_002207,2024-01-20,MS
SOCIAL_002208,2024-01-20,OH
SOCIAL_002209,2024-01-20,PA
SOCIAL_002210,2024-01-20,MD
SOCIAL_002211,2024-01-20,FL
SOCIAL_002212,2024-01-20,MO
SOCIAL_002213,2024-01-21,NY
SOCIAL_002214,2024-01-21,KY
SOCIAL_002215,2024-01-21,LA
SOCIAL_002216,2024-01-22,TX
SOCIAL_002217,2024-01-22,TX
SOCIAL_002218,2024-01-22,TX
SOCIAL_002219,2024-01-22,FL
SOCIAL_002220,2024-01-22,AZ
SOCIAL_002221,2024-01-22,WA
SOCIAL_002222,2024-01-22,NC
SOCIAL_002223,2024-01-23,TX
SOCIAL_002224,2024-01-23,CA
SOCIAL_002225,2024-01-23,AK
SOCIAL_002226,2024-01-24,PA
SOCIAL_002227,2024-01-24,NY
SOCIAL_002228,2024-01-24,TX
SOCIAL_002229,2024-01-24,NJ
SOCIAL_002230,2024-01-24,MI
SOCIAL_002231,2024-01-24,TX
SOCIAL_002232,2024-01-24,OH
SOCIAL_002233,2024-01-24,CA
SOCIAL_002234,2024-01-24,CO
SOCIAL_002235,2024-01-24,WA
SOCIAL_002236,2024-01-25,MS
SOCIAL_002237,2024-01-25,CO
SOCIAL_002238,2024-01-25,NY
SOCIAL_002239,2024-01-25,GA
SOCIAL_002240,2024-01-25,NY
SOCIAL_002241,2024-01-25,KY
SOCIAL_002242,2024-01-25,TX
SOCIAL_002243,2024-01-25,VA
SOCIAL_002244,2024-01-25,WA
SOCIAL_002245,2024-01-25,AL
SOCIAL_002246,2024-01-25,MA
SOCIAL_002247,2024-01-25,TX
SOCIAL_002248,2024-01-26,NC
SOCIAL_002249,2024-01-26,CA
SOCIAL_002250,2024-01-26,MT
SOCIAL_002251,2024-01-26,CA
SOCIAL_002252,2024-01-27,PA
SOCIAL_002253,2024-01-27,FL
SOCIAL_002254,2024-01-27,CA
SOCIAL_002255,2024-01-27,WA
SOCIAL_002256,2024-01-27,OH
SOCIAL_002257,2024-01-27,NY
SOCIAL_002258,2024-01-27,CO
SOCIAL_002259,2024-01-27,SC
SOCIAL_002260,2024-01-27,NY
SOCIAL_002261,2024-01-28,IL
SOCIAL_002262,2024-01-28,VA
SOCIAL_002263,2024-01-29,OR
SOCIAL_002264,2024-01-29,NY
SOCIAL_002265,2024-01-29,CO
SOCIAL_002266,2024-01-29,CA
SOCIAL_002267,2024-01-29,NY
SOCIAL_002268,2024-01-29,NE
SOCIAL_002269,2024-01-29,CA
SOCIAL_002270,2024-01-29,TX
SOCIAL_002271,2024-01-29,MA
SOCIAL_002272,2024-01-29,GA
SOCIAL_002273,2024-01-30,CA
SOCIAL_002274,2024-01-30,WI
SOCIAL_002275,2024-01-30,NY
SOCIAL_002276,2024-01-30,MI
SOCIAL_002277,2024-01-31,LA
SOCIAL_002278,2024-01-31,AZ
SOCIAL_002279,2024-01-31,PA
SOCIAL_002280,2024-02-01,NJ
SOCIAL_002281,2024-02-01,FL
SOCIAL_002282,2024-02-01,MI
SOCIAL_002283,2024-02-01,CA
SOCIAL_002284,2024-02-01,FL
SOCIAL_002285,2024-02-01,CA
SOCIAL_002286,2024-02-01,LA
SOCIAL_002287,2024-02-01,MD
SOCIAL_002288,2024-02-01,NY
SOCIAL_002289,2024-02-01,CA
SOCIAL_002290,2024-02-02,TN
SOCIAL_002291,2024-02-02,CA
SOCIAL_002292,2024-02-02,MI
SOCIAL_002293,2024-02-02,IN
SOCIAL_002294,2024-02-03,MI
SOCIAL_002295,2024-02-03,TX
SOCIAL_002296,2024-02-03,CA
SOCIAL_002297,2024-02-03,NY
SOCIAL_002298,2024-02-03,CA
SOCIAL_002299,2024-02-03,OH
SOCIAL_002300,2024-02-03,SC
SOCIAL_002301,2024-02-03,CT
SOCIAL_002302,2024-02-04,CA
SOCIAL_002303,2024-02-04,LA
SOCIAL_002304,2024-02-04,TX
SOCIAL_002305,2024-02-05,CO
SOCIAL_002306,2024-02-05,MD
SOCIAL_002307,2024-02-05,MD
SOCIAL_002308,2024-02-05,IL
SOCIAL_002309,2024-02-05,NC
SOCIAL_002310,2024-02-06,OH
SOCIAL_002311,2024-02-06,IA
SOCIAL_002312,2024-02-06,AL
SOCIAL_002313,2024-02-06,OR
SOCIAL_002314,2024-02-06,NJ
SOCIAL_002315,2024-02-06,KY
SOCIAL_002316,2024-02-07,TX
SOCIAL_002317,2024-02-08,UT
SOCIAL_002318,2024-02-08,FL
SOCIAL_002319,2024-02-08,MS
SOCIAL_002320,2024-02-08,TN
SOCIAL_002321,2024-02-08,MI
SOCIAL_002322,2024-02-08,NV
SOCIAL_002323,2024-02-08,CA
SOCIAL_002324,2024-02-08,IL
SOCIAL_002325,2024-02-08,SC
SOCIAL_002326,2024-02-09,TX
SOCIAL_002327,2024-02-09,LA
SOCIAL_002328,2024-02-09,NM
SOCIAL_002329,2024-02-09,WA
SOCIAL_002330,2024-02-10,MO
SOCIAL_002331,2024-02-10,CA
SOCIAL_002332,2024-02-10,CA
SOCIAL_002333,2024-02-10,MS
SOCIAL_002334,2024-02-10,HI
SOCIAL_002335,2024-02-10,PA
SOCIAL_002336,2024-02-11,NM
SOCIAL_002337,2024-02-11,MI
SOCIAL_002338,2024-02-12,OR
SOCIAL_002339,2024-02-12,FL
SOCIAL_002340,2024-02-12,AZ
SOCIAL_002341,2024-02-12,NY
SOCIAL_002342,2024-02-12,AZ
SOCIAL_002343,2024-02-13,CT
SOCIAL_002344,2024-02-13,MN
SOCIAL_002345,2024-02-13,NY
SOCIAL_002346,2024-02-14,NE
SOCIAL_002347,2024-02-14,FL
SOCIAL_002348,2024-02-15,NJ
SOCIAL_002349,2024-02-15,CT
SOCIAL_002350,2024-02-15,WY
SOCIAL_002351,2024-02-15,FL
SOCIAL_002352,2024-02-16,CA
SOCIAL_002353,2024-02-16,MA
SOCIAL_002354,2024-02-16,AZ
SOCIAL_002355,2024-02-16,GA
SOCIAL_002356,2024-02-16,NC
SOCIAL_002357,2024-02-17,MO
SOCIAL_002358,2024-02-17,CO
SOCIAL_002359,2024-02-17,CT
SOCIAL_002360,2024-02-17,PA
SOCIAL_002361,2024-02-17,TX
SOCIAL_002362,2024-02-18,WY
SOCIAL_002363,2024-02-18,IL
SOCIAL_002364,2024-02-18,NV
SOCIAL_002365,2024-02-18,MI
SOCIAL_002366,2024-02-18,NV
SOCIAL_002367,2024-02-19,FL
SOCIAL_002368,2024-02-19,OH
SOCIAL_002369,2024-02-19,LA
SOCIAL_002370,2024-02-20,TX
SOCIAL_002371,2024-02-20,PA
SOCIAL_002372,2024-02-20,NJ
SOCIAL_002373,2024-02-20,NV
SOCIAL_002374,2024-02-20,NC
SOCIAL_002375,2024-02-20,MO
SOCIAL_002376,2024-02-20,TX
SOCIAL_002377,2024-02-20,VA
SOCIAL_002378,2024-02-20,GA
SOCIAL_002379,2024-02-20,CA
SOCIAL_002380,2024-02-20,WI
SOCIAL_002381,2024-02-20,NC
SOCIAL_002382,2024-02-20,FL
SOCIAL_002383,2024-02-20,KY
SOCIAL_002384,2024-02-20,NJ
SOCIAL_002385,2024-02-21,OR
SOCIAL_002386,2024-02-21,CA
SOCIAL_002387,2024-02-21,OH
SOCIAL_002388,2024-02-21,CA
SOCIAL_002389,2024-02-21,KY
SOCIAL_002390,2024-02-21,TX
SOCIAL_002391,2024-02-21,FL
SOCIAL_002392,2024-02-21,TX
SOCIAL_002393,2024-02-21,TX
SOCIAL_002394,2024-02-21,IN
SOCIAL_002395,2024-02-21,GA
SOCIAL_002396,2024-02-21,TX
SOCIAL_002397,2024-02-22,MT
SOCIAL_002398,2024-02-22,CA
SOCIAL_002399,2024-02-22,CA
SOCIAL_002400,2024-02-22,AZ
SOCIAL_002401,2024-02-22,CA
SOCIAL_002402,2024-02-23,TX
SOCIAL_002403,2024-02-23,NV
SOCIAL_002404,2024-02-23,WA
SOCIAL_002405,2024-02-23,PA
SOCIAL_002406,2024-02-23,AZ
SOCIAL_002407,2024-02-23,TX
SOCIAL_002408,2024-02-23,GA
SOCIAL_002409,2024-02-24,CA
SOCIAL_002410,2024-02-24,CA
SOCIAL_002411,2024-02-24,CA
SOCIAL_002412,2024-02-24,OH
SOCIAL_002413,2024-02-25,TX
SOCIAL_002414,2024-02-25,TX
SOCIAL_002415,2024-02-25,MO
SOCIAL_002416,2024-02-25,CA
SOCIAL_002417,2024-02-25,NC
SOCIAL_002418,2024-02-25,CA
SOCIAL_002419,2024-02-26,CA
SOCIAL_002420,2024-02-26,TN
SOCIAL_002421,2024-02-26,MI
SOCIAL_002422,2024-02-26,CT
SOCIAL_002423,2024-02-27,IL
SOCIAL_002424,2024-02-27,NY
SOCIAL_002425,2024-02-27,MO
SOCIAL_002426,2024-02-27,TX
SOCIAL_002427,2024-02-27,CA
SOCIAL_002428,2024-02-27,IL
SOCIAL_002429,2024-02-28,PA
SOCIAL_002430,2024-02-28,OH
SOCIAL_002431,2024-02-29,MI
SOCIAL_002432,2024-02-29,CA
SOCIAL_002433,2024-02-29,VA
SOCIAL_002434,2024-02-29,GA
SOCIAL_002435,2024-02-29,CA
SOCIAL_002436,2024-02-29,MO
SOCIAL_002437,2024-02-29,AL
SOCIAL_002438,2024-03-01,NV
SOCIAL_002439,2024-03-01,CA
SOCIAL_002440,2024-03-01,MO
SOCIAL_002441,2024-03-01,NJ
SOCIAL_002442,2024-03-02,FL
SOCIAL_002443,2024-03-02,MI
SOCIAL_002444,2024-03-02,HI
SOCIAL_002445,2024-03-03,FL
SOCIAL_002446,2024-03-03,CA
SOCIAL_002447,2024-03-03,FL
SOCIAL_002448,2024-03-03,CA
SOCIAL_002449,2024-03-03,UT
SOCIAL_002450,2024-03-04,NC
SOCIAL_002451,2024-03-04,NC
SOCIAL_002452,2024-03-04,IL
SOCIAL_002453,2024-03-04,CO
SOCIAL_002454,2024-03-04,NC
SOCIAL_002455,2024-03-04,NV
SOCIAL_002456,2024-03-05,AZ
SOCIAL_002457,2024-03-05,MI
SOCIAL_002458,2024-03-05,GA
SOCIAL_002459,2024-03-05,VA
SOCIAL_002460,2024-03-05,CA
SOCIAL_002461,2024-03-05,GA
SOCIAL_002462,2024-03-05,OK
SOCIAL_002463,2024-03-05,NY
SOCIAL_002464,2024-03-05,TX
SOCIAL_002465,2024-03-06,AL
SOCIAL_002466,2024-03-06,TX
SOCIAL_002467,2024-03-06,OR
SOCIAL_002468,2024-03-06,FL
SOCIAL_002469,2024-03-07,MD
SOCIAL_002470,2024-03-07,WI
SOCIAL_002471,2024-03-07,MI
SOCIAL_002472,2024-03-07,SC
SOCIAL_002473,2024-03-08,TX
SOCIAL_002474,2024-03-08,FL
SOCIAL_002475,2024-03-08,VA
SOCIAL_002476,2024-03-08,CA
SOCIAL_002477,2024-03-08,FL
SOCIAL_002478,2024-03-09,VA
SOCIAL_002479,2024-03-09,NJ
SOCIAL_002480,2024-03-09,FL
SOCIAL_002481,2024-03-09,CA
SOCIAL_002482,2024-03-09,SC
SOCIAL_002483,2024-03-10,WA
SOCIAL_002484,2024-03-10,NY
SOCIAL_002485,2024-03-10,VA
SOCIAL_002486,2024-03-10,CA
SOCIAL_002487,2024-03-10,LA
SOCIAL_002488,2024-03-10,NY
SOCIAL_002489,2024-03-10,MI
SOCIAL_002490,2024-03-10,NC
SOCIAL_002491,2024-03-10,FL
SOCIAL_002492,2024-03-11,IN
SOCIAL_002493,2024-03-11,AZ
SOCIAL_002494,2024-03-11,NC
SOCIAL_002495,2024-03-11,TX
SOCIAL_002496,2024-03-11,CA
SOCIAL_002497,2024-03-11,ME
SOCIAL_002498,2024-03-11,MD
SOCIAL_002499,2024-03-11,GA
SOCIAL_002500,2024-03-11,NC
SOCIAL_002501,2024-03-12,OH
SOCIAL_002502,2024-03-12,PA
SOCIAL_002503,2024-03-12,FL
SOCIAL_002504,2024-03-12,KY
SOCIAL_002505,2024-03-12,TX
SOCIAL_002506,2024-03-12,TX
SOCIAL_002507,2024-03-12,AK
SOCIAL_002508,2024-03-12,NY
SOCIAL_002509,2024-03-12,MI
SOCIAL_002510,2024-03-12,WI
SOCIAL_002511,2024-03-12,MA
SOCIAL_002512,2024-03-13,MN
SOCIAL_002513,2024-03-13,CA
SOCIAL_002514,2024-03-14,NC
SOCIAL_002515,2024-03-14,FL
SOCIAL_002516,2024-03-14,OR
SOCIAL_002517,2024-03-14,CA
SOCIAL_002518,2024-03-14,MA
SOCIAL_002519,2024-03-14,CA
SOCIAL_002520,2024-03-14,MA
SOCIAL_002521,2024-03-14,WA
SOCIAL_002522,2024-03-14,CA
SOCIAL_002523,2024-03-15,MD
SOCIAL_002524,2024-03-15,CA
SOCIAL_002525,2024-03-15,VA
SOCIAL_002526,2024-03-15,PA
SOCIAL_002527,2024-03-15,IL
SOCIAL_002528,2024-03-15,IL
SOCIAL_002529,2024-03-16,IL
SOCIAL_002530,2024-03-16,AK
SOCIAL_002531,2024-03-16,CA
SOCIAL_002532,2024-03-16,MO
SOCIAL_002533,2024-03-17,IA
SOCIAL_002534,2024-03-17,MD
SOCIAL_002535,2024-03-18,PA
SOCIAL_002536,2024-03-18,AR
SOCIAL_002537,2024-03-18,NV
SOCIAL_002538,2024-03-18,TN
SOCIAL_002539,2024-03-19,CA
SOCIAL_002540,2024-03-19,TX
SOCIAL_002541,2024-03-19,NY
SOCIAL_002542,2024-03-19,MO
SOCIAL_002543,2024-03-19,AZ
SOCIAL_002544,2024-03-20,CA
SOCIAL_002545,2024-03-20,NY
SOCIAL_002546,2024-03-20,AZ
SOCIAL_002547,2024-03-20,CA
SOCIAL_002548,2024-03-21,AR
SOCIAL_002549,2024-03-21,MI
SOCIAL_002550,2024-03-21,AZ
SOCIAL_002551,2024-03-21,IN
SOCIAL_002552,2024-03-21,NY
SOCIAL_002553,2024-03-21,NV
SOCIAL_002554,2024-03-21,PA
SOCIAL_002555,2024-03-21,VA
SOCIAL_002556,2024-03-22,MI
SOCIAL_002557,2024-03-22,CA
SOCIAL_002558,2024-03-22,TN
SOCIAL_002559,2024-03-22,HI
SOCIAL_002560,2024-03-22,OH
SOCIAL_002561,2024-03-22,CA
SOCIAL_002562,2024-03-23,IN
SOCIAL_002563,2024-03-23,IL
SOCIAL_002564,2024-03-23,PA
SOCIAL_002565,2024-03-23,CA
SOCIAL_002566,2024-03-24,TX
SOCIAL_002567,2024-03-24,NY
SOCIAL_002568,2024-03-24,NY
SOCIAL_002569,2024-03-24,TX
SOCIAL_002570,2024-03-24,MI
SOCIAL_002571,2024-03-25,TN
SOCIAL_002572,2024-03-25,CA
SOCIAL_002573,2024-03-25,VA
SOCIAL_002574,2024-03-26,RI
SOCIAL_002575,2024-03-26,FL
SOCIAL_002576,2024-03-26,MO
SOCIAL_002577,2024-03-26,CA
SOCIAL_002578,2024-03-26,NY
SOCIAL_002579,2024-03-27,UT
SOCIAL_002580,2024-03-27,CA
SOCIAL_002581,2024-03-27,TX
SOCIAL_002582,2024-03-27,IL
SOCIAL_002583,2024-03-28,MO
SOCIAL_002584,2024-03-28,MA
SOCIAL_002585,2024-03-28,MO
SOCIAL_002586,2024-03-28,AZ
SOCIAL_002587,2024-03-28,MO
SOCIAL_002588,2024-03-29,MO
SOCIAL_002589,2024-03-29,AZ
SOCIAL_002590,2024-03-29,FL
SOCIAL_002591,2024-03-29,KY
SOCIAL_002592,2024-03-29,NY
SOCIAL_002593,2024-03-29,MS
SOCIAL_002594,2024-03-30,CO
SOCIAL_002595,2024-03-30,MA
SOCIAL_002596,2024-03-30,TN
SOCIAL_002597,2024-03-30,LA
SOCIAL_002598,2024-03-30,CA
SOCIAL_002599,2024-03-31,AZ
SOCIAL_002600,2024-03-31,TX
SOCIAL_002601,2024-04-01,CA
SOCIAL_002602,2024-04-01,NJ
SOCIAL_002603,2024-04-01,NY
SOCIAL_002604,2024-04-01,CA
SOCIAL_002605,2024-04-01,CA
SOCIAL_002606,2024-04-01,NY
SOCIAL_002607,2024-04-02,KY
SOCIAL_002608,2024-04-02,CA
SOCIAL_002609,2024-04-02,FL
SOCIAL_002610,2024-04-02,MI
SOCIAL_002611,2024-04-02,NY
SOCIAL_002612,2024-04-02,KY
SOCIAL_002613,2024-04-02,NJ
SOCIAL_002614,2024-04-03,MO
SOCIAL_002615,2024-04-03,MO
SOCIAL_002616,2024-04-03,NJ
SOCIAL_002617,2024-04-03,NV
SOCIAL_002618,2024-04-03,OR
SOCIAL_002619,2024-04-03,UT
SOCIAL_002620,2024-04-03,PA
SOCIAL_002621,2024-04-03,FL
SOCIAL_002622,2024-04-03,IN
SOCIAL_002623,2024-04-04,IA
SOCIAL_002624,2024-04-04,KY
SOCIAL_002625,2024-04-04,CA
SOCIAL_002626,2024-04-05,PA
SOCIAL_002627,2024-04-05,IN
SOCIAL_002628,2024-04-05,NM
SOCIAL_002629,2024-04-05,NV
SOCIAL_002630,2024-04-05,SC
SOCIAL_002631,2024-04-05,MI
SOCIAL_002632,2024-04-06,IL
SOCIAL_002633,2024-04-06,ME
SOCIAL_002634,2024-04-06,NY
SOCIAL_002635,2024-04-06,CA
SOCIAL_002636,2024-04-07,OK
SOCIAL_002637,2024-04-07,OH
SOCIAL_002638,2024-04-07,NY
SOCIAL_002639,2024-04-08,TX
SOCIAL_002640,2024-04-08,FL
SOCIAL_002641,2024-04-08,LA
SOCIAL_002642,2024-04-08,OK
SOCIAL_002643,2024-04-08,TN
SOCIAL_002644,2024-04-08,NY
SOCIAL_002645,2024-04-08,AZ
SOCIAL_002646,2024-04-08,LA
SOCIAL_002647,2024-04-08,TX
SOCIAL_002648,2024-04-09,IL
SOCIAL_002649,2024-04-09,KY
SOCIAL_002650,2024-04-09,CA
SOCIAL_002651,2024-04-09,NC
SOCIAL_002652,2024-04-09,WY
SOCIAL_002653,2024-04-09,CA
SOCIAL_002654,2024-04-09,DE
SOCIAL_002655,2024-04-09,CA
SOCIAL_002656,2024-04-09,FL
SOCIAL_002657,2024-04-09,FL
SOCIAL_002658,2024-04-09,NJ
SOCIAL_002659,2024-04-10,IL
SOCIAL_002660,2024-04-10,VA
SOCIAL_002661,2024-04-10,NY
SOCIAL_002662,2024-04-10,MA
SOCIAL_002663,2024-04-10,ID
SOCIAL_002664,2024-04-10,NJ
SOCIAL_002665,2024-04-10,WV
SOCIAL_002666,2024-04-10,MA
SOCIAL_002667,2024-04-10,NY
SOCIAL_002668,2024-04-10,MA
SOCIAL_002669,2024-04-10,UT
SOCIAL_002670,2024-04-11,MA
SOCIAL_002671,2024-04-11,FL
SOCIAL_002672,2024-04-11,LA
SOCIAL_002673,2024-04-11,TX
SOCIAL_002674,2024-04-11,FL
SOCIAL_002675,2024-04-11,OK
SOCIAL_002676,2024-04-11,FL
SOCIAL_002677,2024-04-12,FL
SOCIAL_002678,2024-04-12,NY
SOCIAL_002679,2024-04-12,GA
SOCIAL_002680,2024-04-12,NJ
SOCIAL_002681,2024-04-12,AZ
SOCIAL_002682,2024-04-12,NC
SOCIAL_002683,2024-04-12,AZ
SOCIAL_002684,2024-04-12,NJ
SOCIAL_002685,2024-04-12,FL
SOCIAL_002686,2024-04-12,FL
SOCIAL_002687,2024-04-13,NY
SOCIAL_002688,2024-04-14,OH
SOCIAL_002689,2024-04-14,FL
SOCIAL_002690,2024-04-14,GA
SOCIAL_002691,2024-04-14,FL
SOCIAL_002692,2024-04-14,MN
SOCIAL_002693,2024-04-14,IN
SOCIAL_002694,2024-04-14,TX
SOCIAL_002695,2024-04-15,CA
SOCIAL_002696,2024-04-15,TN
SOCIAL_002697,2024-04-15,FL
SOCIAL_002698,2024-04-15,NY
SOCIAL_002699,2024-04-15,OH
SOCIAL_002700,2024-04-15,NJ
SOCIAL_002701,2024-04-16,CT
SOCIAL_002702,2024-04-16,CA
SOCIAL_002703,2024-04-16,ND
SOCIAL_002704,2024-04-16,UT
SOCIAL_002705,2024-04-16,NY
SOCIAL_002706,2024-04-16,AL
SOCIAL_002707,2024-04-16,MI
SOCIAL_002708,2024-04-16,NY
SOCIAL_002709,2024-04-17,FL
SOCIAL_002710,2024-04-17,NC
SOCIAL_002711,2024-04-17,NJ
SOCIAL_002712,2024-04-17,SD
SOCIAL_002713,2024-04-17,NV
SOCIAL_002714,2024-04-17,SD
SOCIAL_002715,2024-04-17,HI
SOCIAL_002716,2024-04-17,FL
SOCIAL_002717,2024-04-17,MI
SOCIAL_002718,2024-04-17,CO
SOCIAL_002719,2024-04-18,MD
SOCIAL_002720,2024-04-18,IL
SOCIAL_002721,2024-04-18,NC
SOCIAL_002722,2024-04-18,VA
SOCIAL_002723,2024-04-19,FL
SOCIAL_002724,2024-04-19,TX
SOCIAL_002725,2024-04-19,IL
SOCIAL_002726,2024-04-19,IN
SOCIAL_002727,2024-04-19,CA
SOCIAL_002728,2024-04-19,TX
SOCIAL_002729,2024-04-19,CA
SOCIAL_002730,2024-04-19,NY
SOCIAL_002731,2024-04-19,FL
SOCIAL_002732,2024-04-19,WA
SOCIAL_002733,2024-04-19,AR
SOCIAL_002734,2024-04-20,MT
SOCIAL_002735,2024-04-20,FL
SOCIAL_002736,2024-04-21,IA
SOCIAL_002737,2024-04-21,GA
SOCIAL_002738,2024-04-21,OH
SOCIAL_002739,2024-04-21,WI
SOCIAL_002740,2024-04-21,NY
SOCIAL_002741,2024-04-22,IN
SOCIAL_002742,2024-04-23,MN
SOCIAL_002743,2024-04-23,FL
SOCIAL_002744,2024-04-23,CA
SOCIAL_002745,2024-04-23,MD
SOCIAL_002746,2024-04-23,TX
SOCIAL_002747,2024-04-23,AL
SOCIAL_002748,2024-04-23,OH
SOCIAL_002749,2024-04-24,MA
SOCIAL_002750,2024-04-24,NC
SOCIAL_002751,2024-04-24,TX
SOCIAL_002752,2024-04-24,MA
SOCIAL_002753,2024-04-24,UT
SOCIAL_002754,2024-04-24,CA
SOCIAL_002755,2024-04-24,CT
SOCIAL_002756,2024-04-25,IL
SOCIAL_002757,2024-04-25,NY
SOCIAL_002758,2024-04-25,CA
SOCIAL_002759,2024-04-26,NM
SOCIAL_002760,2024-04-26,TX
SOCIAL_002761,2024-04-26,MI
SOCIAL_002762,2024-04-26,CA
SOCIAL_002763,2024-04-26,FL
SOCIAL_002764,2024-04-26,AZ
SOCIAL_002765,2024-04-26,OH
SOCIAL_002766,2024-04-26,TX
SOCIAL_002767,2024-04-26,NM
SOCIAL_002768,2024-04-27,IN
SOCIAL_002769,2024-04-27,AZ
SOCIAL_002770,2024-04-27,ME
SOCIAL_002771,2024-04-27,MS
SOCIAL_002772,2024-04-27,LA
SOCIAL_002773,2024-04-27,MI
SOCIAL_002774,2024-04-27,CA
SOCIAL_002775,2024-04-27,DE
SOCIAL_002776,2024-04-28,OH
SOCIAL_002777,2024-04-28,NJ
SOCIAL_002778,2024-04-28,FL
SOCIAL_002779,2024-04-28,CA
SOCIAL_002780,2024-04-28,NM
SOCIAL_002781,2024-04-28,CA
SOCIAL_002782,2024-04-28,IL
SOCIAL_002783,2024-04-29,NC
SOCIAL_002784,2024-04-29,SC
SOCIAL_002785,2024-04-29,CO
SOCIAL_002786,2024-04-29,IL
SOCIAL_002787,2024-04-29,FL
SOCIAL_002788,2024-04-30,AL
SOCIAL_002789,2024-04-30,IL
SOCIAL_002790,2024-04-30,MD
SOCIAL_002791,2024-04-30,TX
SOCIAL_002792,2024-04-30,OH
SOCIAL_002793,2024-04-30,WA
SOCIAL_002794,2024-04-30,NJ
SOCIAL_002795,2024-04-30,GA
SOCIAL_002796,2024-04-30,TX
SOCIAL_002797,2024-05-01,CA
SOCIAL_002798,2024-05-01,MN
SOCIAL_002799,2024-05-01,CT
SOCIAL_002800,2024-05-02,TN
SOCIAL_002801,2024-05-02,NY
SOCIAL_002802,2024-05-02,AR
SOCIAL_002803,2024-05-02,DE
SOCIAL_002804,2024-05-02,NY
SOCIAL_002805,2024-05-03,IL
SOCIAL_002806,2024-05-03,VA
SOCIAL_002807,2024-05-03,NY
SOCIAL_002808,2024-05-03,IN
SOCIAL_002809,2024-05-03,CT
SOCIAL_002810,2024-05-03,CO
SOCIAL_002811,2024-05-03,FL
SOCIAL_002812,2024-05-03,CT
SOCIAL_002813,2024-05-03,NY
SOCIAL_002814,2024-05-04,UT
SOCIAL_002815,2024-05-05,MO
SOCIAL_002816,2024-05-05,FL
SOCIAL_002817,2024-05-05,RI
SOCIAL_002818,2024-05-06,AL
SOCIAL_002819,2024-05-06,NC
SOCIAL_002820,2024-05-06,NY
SOCIAL_002821,2024-05-06,CA
SOCIAL_002822,2024-05-06,NC
SOCIAL_002823,2024-05-06,HI
SOCIAL_002824,2024-05-07,IL
SOCIAL_002825,2024-05-07,SC
SOCIAL_002826,2024-05-07,WV
SOCIAL_002827,2024-05-07,CA
SOCIAL_002828,2024-05-07,TN
SOCIAL_002829,2024-05-07,NC
SOCIAL_002830,2024-05-07,TX
SOCIAL_002831,2024-05-07,NM
SOCIAL_002832,2024-05-08,TN
SOCIAL_002833,2024-05-08,WI
SOCIAL_002834,2024-05-08,KS
SOCIAL_002835,2024-05-08,CO
SOCIAL_002836,2024-05-08,GA
SOCIAL_002837,2024-05-08,VA
SOCIAL_002838,2024-05-08,TX
SOCIAL_002839,2024-05-08,WI
SOCIAL_002840,2024-05-08,NY
SOCIAL_002841,2024-05-09,TX
SOCIAL_002842,2024-05-09,IL
SOCIAL_002843,2024-05-10,TX
SOCIAL_002844,2024-05-10,TX
SOCIAL_002845,2024-05-10,TX
SOCIAL_002846,2024-05-10,TX
SOCIAL_002847,2024-05-10,TN
SOCIAL_002848,2024-05-10,VT
SOCIAL_002849,2024-05-11,GA
SOCIAL_002850,2024-05-11,MS
SOCIAL_002851,2024-05-11,UT
SOCIAL_002852,2024-05-11,UT
SOCIAL_002853,2024-05-12,NY
SOCIAL_002854,2024-05-12,NY
SOCIAL_002855,2024-05-12,CA
SOCIAL_002856,2024-05-12,OH
SOCIAL_002857,2024-05-12,GA
SOCIAL_002858,2024-05-12,CA
SOCIAL_002859,2024-05-12,NE
SOCIAL_002860,2024-05-13,WA
SOCIAL_002861,2024-05-13,MO
SOCIAL_002862,2024-05-13,MA
SOCIAL_002863,2024-05-13,AL
SOCIAL_002864,2024-05-13,CA
SOCIAL_002865,2024-05-14,IL
SOCIAL_002866,2024-05-14,CA
SOCIAL_002867,2024-05-14,PA
SOCIAL_002868,2024-05-14,CA
SOCIAL_002869,2024-05-14,IN
SOCIAL_002870,2024-05-14,FL
SOCIAL_002871,2024-05-14,PA
SOCIAL_002872,2024-05-14,FL
SOCIAL_002873,2024-05-14,TX
SOCIAL_002874,2024-05-14,GA
SOCIAL_002875,2024-05-14,NY
SOCIAL_002876,2024-05-14,TX
SOCIAL_002877,2024-05-14,SD
SOCIAL_002878,2024-05-15,IL
SOCIAL_002879,2024-05-15,TX
SOCIAL_002880,2024-05-15,TN
SOCIAL_002881,2024-05-15,NY
SOCIAL_002882,2024-05-16,NC
SOCIAL_002883,2024-05-16,WA
SOCIAL_002884,2024-05-16,MT
SOCIAL_002885,2024-05-16,CA
SOCIAL_002886,2024-05-16,TX
SOCIAL_002887,2024-05-16,FL
SOCIAL_002888,2024-05-16,TN
SOCIAL_002889,2024-05-16,NJ
SOCIAL_002890,2024-05-16,MD
SOCIAL_002891,2024-05-16,PA
SOCIAL_002892,2024-05-16,GA
SOCIAL_002893,2024-05-16,WI
SOCIAL_002894,2024-05-17,LA
SOCIAL_002895,2024-05-17,AZ
SOCIAL_002896,2024-05-17,CA
SOCIAL_002897,2024-05-17,TX
SOCIAL_002898,2024-05-17,OH
SOCIAL_002899,2024-05-17,FL
SOCIAL_002900,2024-05-18,TX
SOCIAL_002901,2024-05-18,IL
SOCIAL_002902,2024-05-18,IN
SOCIAL_002903,2024-05-18,WI
SOCIAL_002904,2024-05-19,WI
SOCIAL_002905,2024-05-19,CA
SOCIAL_002906,2024-05-19,MD
SOCIAL_002907,2024-05-19,GA
SOCIAL_002908,2024-05-19,CA
SOCIAL_002909,2024-05-20,NE
SOCIAL_002910,2024-05-20,AR
SOCIAL_002911,2024-05-20,TX
SOCIAL_002912,2024-05-20,CA
SOCIAL_002913,2024-05-20,GA
SOCIAL_002914,2024-05-20,MN
SOCIAL_002915,2024-05-20,TX
SOCIAL_002916,2024-05-20,CA
SOCIAL_002917,2024-05-21,MD
SOCIAL_002918,2024-05-21,PA
SOCIAL_002919,2024-05-21,NC
SOCIAL_002920,2024-05-21,IL
SOCIAL_002921,2024-05-22,WA
SOCIAL_002922,2024-05-22,FL
SOCIAL_002923,2024-05-22,MI
SOCIAL_002924,2024-05-22,OK
SOCIAL_002925,2024-05-23,TX
SOCIAL_002926,2024-05-23,IL
SOCIAL_002927,2024-05-23,MT
SOCIAL_002928,2024-05-23,OH
SOCIAL_002929,2024-05-23,NY
SOCIAL_002930,2024-05-23,CA
SOCIAL_002931,2024-05-23,AL
SOCIAL_002932,2024-05-24,ID
SOCIAL_002933,2024-05-24,OH
SOCIAL_002934,2024-05-24,TX
SOCIAL_002935,2024-05-24,TN
SOCIAL_002936,2024-05-24,GA
SOCIAL_002937,2024-05-25,MI
SOCIAL_002938,2024-05-25,VA
SOCIAL_002939,2024-05-25,PA
SOCIAL_002940,2024-05-25,CA
SOCIAL_002941,2024-05-25,CA
SOCIAL_002942,2024-05-25,MN
SOCIAL_002943,2024-05-26,CT
SOCIAL_002944,2024-05-26,SD
SOCIAL_002945,2024-05-26,IA
SOCIAL_002946,2024-05-26,NC
SOCIAL_002947,2024-05-26,MD
SOCIAL_002948,2024-05-26,IA
SOCIAL_002949,2024-05-26,MN
SOCIAL_002950,2024-05-27,CA
SOCIAL_002951,2024-05-27,TX
SOCIAL_002952,2024-05-27,FL
SOCIAL_002953,2024-05-27,NY
SOCIAL_002954,2024-05-27,CA
SOCIAL_002955,2024-05-28,WA
SOCIAL_002956,2024-05-28,PA
SOCIAL_002957,2024-05-28,IL
SOCIAL_002958,2024-05-28,PA
SOCIAL_002959,2024-05-28,SC
SOCIAL_002960,2024-05-28,AR
SOCIAL_002961,2024-05-28,CA
SOCIAL_002962,2024-05-28,CA
SOCIAL_002963,2024-05-28,AZ
SOCIAL_002964,2024-05-28,OH
SOCIAL_002965,2024-05-28,AR
SOCIAL_002966,2024-05-29,IN
SOCIAL_002967,2024-05-29,CA
SOCIAL_002968,2024-05-29,NY
SOCIAL_002969,2024-05-29,TX
SOCIAL_002970,2024-05-29,FL
SOCIAL_002971,2024-05-29,CO
SOCIAL_002972,2024-05-30,MI
SOCIAL_002973,2024-05-30,FL
SOCIAL_002974,2024-05-30,MI
SOCIAL_002975,2024-05-30,NJ
SOCIAL_002976,2024-05-30,IL
SOCIAL_002977,2024-05-30,NY
SOCIAL_002978,2024-05-30,OR
SOCIAL_002979,2024-05-31,MS
SOCIAL_002980,2024-05-31,MS
SOCIAL_002981,2024-05-31,MS
SOCIAL_002982,2024-05-31,IL
SOCIAL_002983,2024-05-31,WA
SOCIAL_002984,2024-06-01,UT
SOCIAL_002985,2024-06-01,CA
SOCIAL_002986,2024-06-01,AZ
SOCIAL_002987,2024-06-01,AZ
SOCIAL_002988,2024-06-01,CA
SOCIAL_002989,2024-06-01,GA
SOCIAL_002990,2024-06-02,NJ
SOCIAL_002991,2024-06-02,NY
SOCIAL_002992,2024-06-02,WV
SOCIAL_002993,2024-06-02,NE
SOCIAL_002994,2024-06-03,WA
SOCIAL_002995,2024-06-03,CA
SOCIAL_002996,2024-06-03,CA
SOCIAL_002997,2024-06-03,MO
SOCIAL_002998,2024-06-04,TX
SOCIAL_002999,2024-06-04,NV
SOCIAL_003000,2024-06-04,CA
SOCIAL_003001,2024-06-04,MA
SOCIAL_003002,2024-06-04,FL
SOCIAL_003003,2024-06-05,FL
SOCIAL_003004,2024-06-05,FL
SOCIAL_003005,2024-06-05,IN
SOCIAL_003006,2024-06-05,PA
SOCIAL_003007,2024-06-06,NY
SOCIAL_003008,2024-06-06,TX
SOCIAL_003009,2024-06-06,CA
SOCIAL_003010,2024-06-06,NY
SOCIAL_003011,2024-06-06,OH
SOCIAL_003012,2024-06-06,IN
SOCIAL_003013,2024-06-06,VA
SOCIAL_003014,2024-06-06,PA
SOCIAL_003015,2024-06-06,MD
SOCIAL_003016,2024-06-07,GA
SOCIAL_003017,2024-06-07,TX
SOCIAL_003018,2024-06-07,OR
SOCIAL_003019,2024-06-08,PA
SOCIAL_003020,2024-06-08,OR
SOCIAL_003021,2024-06-08,OH
SOCIAL_003022,2024-06-08,LA
SOCIAL_003023,2024-06-08,NY
SOCIAL_003024,2024-06-09,MA
SOCIAL_003025,2024-06-09,FL
SOCIAL_003026,2024-06-09,VA
SOCIAL_003027,2024-06-09,CA
SOCIAL_003028,2024-06-10,NM
SOCIAL_003029,2024-06-10,TN
SOCIAL_003030,2024-06-10,NJ
SOCIAL_003031,2024-06-10,MA
SOCIAL_003032,2024-06-10,NY
SOCIAL_003033,2024-06-10,TX
SOCIAL_003034,2024-06-10,TN
SOCIAL_003035,2024-06-11,CA
SOCIAL_003036,2024-06-11,MA
SOCIAL_003037,2024-06-11,IN
SOCIAL_003038,2024-06-11,CT
SOCIAL_003039,2024-06-11,MA
SOCIAL_003040,2024-06-11,CO
SOCIAL_003041,2024-06-11,IN
SOCIAL_003042,2024-06-11,CA
SOCIAL_003043,2024-06-11,NC
SOCIAL_003044,2024-06-11,RI
SOCIAL_003045,2024-06-11,CA
SOCIAL_003046,2024-06-11,OH
SOCIAL_003047,2024-06-12,VA
SOCIAL_003048,2024-06-12,GA
SOCIAL_003049,2024-06-12,MO
SOCIAL_003050,2024-06-12,CO
SOCIAL_003051,2024-06-13,LA
SOCIAL_003052,2024-06-13,TX
SOCIAL_003053,2024-06-13,MI
SOCIAL_003054,2024-06-13,MS
SOCIAL_003055,2024-06-13,NJ
SOCIAL_003056,2024-06-13,OH
SOCIAL_003057,2024-06-13,CO
SOCIAL_003058,2024-06-14,CO
SOCIAL_003059,2024-06-14,TX
SOCIAL_003060,2024-06-14,MO
SOCIAL_003061,2024-06-14,AZ
SOCIAL_003062,2024-06-14,FL
SOCIAL_003063,2024-06-14,GA
SOCIAL_003064,2024-06-14,FL
SOCIAL_003065,2024-06-14,HI
SOCIAL_003066,2024-06-14,MD
SOCIAL_003067,2024-06-15,AZ
SOCIAL_003068,2024-06-15,AZ
SOCIAL_003069,2024-06-16,NC
SOCIAL_003070,2024-06-16,AL
SOCIAL_003071,2024-06-16,MI
SOCIAL_003072,2024-06-16,IN
SOCIAL_003073,2024-06-16,MN
SOCIAL_003074,2024-06-16,CT
SOCIAL_003075,2024-06-16,CA
SOCIAL_003076,2024-06-16,CA
SOCIAL_003077,2024-06-17,CA
SOCIAL_003078,2024-06-17,IL
SOCIAL_003079,2024-06-17,OH
SOCIAL_003080,2024-06-17,NJ
SOCIAL_003081,2024-06-17,CA
SOCIAL_003082,2024-06-17,CA
SOCIAL_003083,2024-06-17,TX
SOCIAL_003084,2024-06-18,FL
SOCIAL_003085,2024-06-18,IL
SOCIAL_003086,2024-06-18,MO
SOCIAL_003087,2024-06-18,TX
SOCIAL_003088,2024-06-18,MA
SOCIAL_003089,2024-06-18,NC
SOCIAL_003090,2024-06-19,WA
SOCIAL_003091,2024-06-19,NY
SOCIAL_003092,2024-06-19,PA
SOCIAL_003093,2024-06-19,TX
SOCIAL_003094,2024-06-19,VA
SOCIAL_003095,2024-06-19,NC
SOCIAL_003096,2024-06-19,CA
SOCIAL_003097,2024-06-19,CA
SOCIAL_003098,2024-06-19,TX
SOCIAL_003099,2024-06-19,NY
SOCIAL_003100,2024-06-20,NJ
SOCIAL_003101,2024-06-20,VA
SOCIAL_003102,2024-06-20,OR
SOCIAL_003103,2024-06-20,TX
SOCIAL_003104,2024-06-20,GA
SOCIAL_003105,2024-06-20,SC
SOCIAL_003106,2024-06-20,NE
SOCIAL_003107,2024-06-21,WV
SOCIAL_003108,2024-06-21,TX
SOCIAL_003109,2024-06-21,VA
SOCIAL_003110,2024-06-22,CO
SOCIAL_003111,2024-06-22,TX
SOCIAL_003112,2024-06-22,MA
SOCIAL_003113,2024-06-22,TX
SOCIAL_003114,2024-06-23,CA
SOCIAL_003115,2024-06-23,WA
SOCIAL_003116,2024-06-23,IL
SOCIAL_003117,2024-06-23,NY
SOCIAL_003118,2024-06-23,TX
SOCIAL_003119,2024-06-23,AL
SOCIAL_003120,2024-06-24,OH
SOCIAL_003121,2024-06-24,TX
SOCIAL_003122,2024-06-24,AZ
SOCIAL_003123,2024-06-24,TX
SOCIAL_003124,2024-06-25,AR
SOCIAL_003125,2024-06-25,IL
SOCIAL_003126,2024-06-25,TN
SOCIAL_003127,2024-06-25,IL
SOCIAL_003128,2024-06-25,MO
SOCIAL_003129,2024-06-25,PA
SOCIAL_003130,2024-06-26,GA
SOCIAL_003131,2024-06-26,TX
SOCIAL_003132,2024-06-26,UT
SOCIAL_003133,2024-06-26,CA
SOCIAL_003134,2024-06-26,FL
SOCIAL_003135,2024-06-26,TX
SOCIAL_003136,2024-06-26,TN
SOCIAL_003137,2024-06-26,OH
SOCIAL_003138,2024-06-26,TN
SOCIAL_003139,2024-06-26,NJ
SOCIAL_003140,2024-06-26,CA
SOCIAL_003141,2024-06-27,WV
SOCIAL_003142,2024-06-27,NY
SOCIAL_003143,2024-06-27,NC
SOCIAL_003144,2024-06-27,ID
SOCIAL_003145,2024-06-27,NC
SOCIAL_003146,2024-06-27,IL
SOCIAL_003147,2024-06-27,IN
SOCIAL_003148,2024-06-27,LA
SOCIAL_003149,2024-06-28,TX
SOCIAL_003150,2024-06-28,FL
SOCIAL_003151,2024-06-28,IN
SOCIAL_003152,2024-06-28,WI
SOCIAL_003153,2024-06-28,TX
SOCIAL_003154,2024-06-28,TN
SOCIAL_003155,2024-06-28,WI
SOCIAL_003156,2024-06-28,TN
SOCIAL_003157,2024-06-28,NC
SOCIAL_003158,2024-06-28,VA
SOCIAL_003159,2024-06-29,CA
SOCIAL_003160,2024-06-29,MI
SOCIAL_003161,2024-06-30,CA
SOCIAL_003162,2024-06-30,GA
SOCIAL_003163,2024-06-30,TX
SOCIAL_003164,2024-06-30,MD
SOCIAL_003165,2024-07-01,CA
SOCIAL_003166,2024-07-01,TX
SOCIAL_003167,2024-07-01,OH
SOCIAL_003168,2024-07-01,FL
SOCIAL_003169,2024-07-01,KY
SOCIAL_003170,2024-07-02,FL
SOCIAL_003171,2024-07-02,ID
SOCIAL_003172,2024-07-02,UT
SOCIAL_003173,2024-07-02,WV
SOCIAL_003174,2024-07-02,NC
SOCIAL_003175,2024-07-02,TX
SOCIAL_003176,2024-07-02,UT
SOCIAL_003177,2024-07-02,CA
SOCIAL_003178,2024-07-02,TN
SOCIAL_003179,2024-07-03,MA
SOCIAL_003180,2024-07-03,NY
SOCIAL_003181,2024-07-03,MA
SOCIAL_003182,2024-07-03,VT
SOCIAL_003183,2024-07-03,NC
SOCIAL_003184,2024-07-03,MI
SOCIAL_003185,2024-07-03,NV
SOCIAL_003186,2024-07-04,TX
SOCIAL_003187,2024-07-04,TN
SOCIAL_003188,2024-07-04,PA
SOCIAL_003189,2024-07-04,SC
SOCIAL_003190,2024-07-04,LA
SOCIAL_003191,2024-07-04,NY
SOCIAL_003192,2024-07-04,RI
SOCIAL_003193,2024-07-04,FL
SOCIAL_003194,2024-07-04,MA
SOCIAL_003195,2024-07-04,WA
SOCIAL_003196,2024-07-04,CA
SOCIAL_003197,2024-07-05,MI
SOCIAL_003198,2024-07-05,ME
SOCIAL_003199,2024-07-05,SD
SOCIAL_003200,2024-07-05,IL
SOCIAL_003201,2024-07-06,TN
SOCIAL_003202,2024-07-06,CA
SOCIAL_003203,2024-07-07,CA
SOCIAL_003204,2024-07-07,OH
SOCIAL_003205,2024-07-07,OH
SOCIAL_003206,2024-07-08,PA
SOCIAL_003207,2024-07-08,FL
SOCIAL_003208,2024-07-08,TX
SOCIAL_003209,2024-07-08,ME
SOCIAL_003210,2024-07-08,SC
SOCIAL_003211,2024-07-08,IN
SOCIAL_003212,2024-07-08,TX
SOCIAL_003213,2024-07-08,KS
SOCIAL_003214,2024-07-08,VA
SOCIAL_003215,2024-07-08,FL
SOCIAL_003216,2024-07-09,OH
SOCIAL_003217,2024-07-09,KS
SOCIAL_003218,2024-07-09,CA
SOCIAL_003219,2024-07-09,IL
SOCIAL_003220,2024-07-09,NC
SOCIAL_003221,2024-07-09,MI
SOCIAL_003222,2024-07-10,WI
SOCIAL_003223,2024-07-10,PA
SOCIAL_003224,2024-07-10,VA
SOCIAL_003225,2024-07-10,CO
SOCIAL_003226,2024-07-11,OR
SOCIAL_003227,2024-07-11,OK
SOCIAL_003228,2024-07-11,FL
SOCIAL_003229,2024-07-11,GA
SOCIAL_003230,2024-07-11,VA
SOCIAL_003231,2024-07-11,IL
SOCIAL_003232,2024-07-11,VA
SOCIAL_003233,2024-07-11,TX
SOCIAL_003234,2024-07-12,PA
SOCIAL_003235,2024-07-12,TX
SOCIAL_003236,2024-07-12,MI
SOCIAL_003237,2024-07-12,AZ
SOCIAL_003238,2024-07-12,CA
SOCIAL_003239,2024-07-12,FL
SOCIAL_003240,2024-07-12,OH
SOCIAL_003241,2024-07-12,CA
SOCIAL_003242,2024-07-12,CO
SOCIAL_003243,2024-07-12,OR
SOCIAL_003244,2024-07-13,WA
SOCIAL_003245,2024-07-13,CA
SOCIAL_003246,2024-07-13,CA
SOCIAL_003247,2024-07-13,MN
SOCIAL_003248,2024-07-13,CA
SOCIAL_003249,2024-07-13,CA
SOCIAL_003250,2024-07-13,TX
SOCIAL_003251,2024-07-14,OK
SOCIAL_003252,2024-07-14,PA
SOCIAL_003253,2024-07-14,NY
SOCIAL_003254,2024-07-14,KS
SOCIAL_003255,2024-07-15,PA
SOCIAL_003256,2024-07-15,TX
SOCIAL_003257,2024-07-15,TX
SOCIAL_003258,2024-07-15,PA
SOCIAL_003259,2024-07-16,GA
SOCIAL_003260,2024-07-16,NY
SOCIAL_003261,2024-07-16,KY
SOCIAL_003262,2024-07-16,MI
SOCIAL_003263,2024-07-17,VA
SOCIAL_003264,2024-07-17,MI
SOCIAL_003265,2024-07-17,UT
SOCIAL_003266,2024-07-17,TN
SOCIAL_003267,2024-07-17,CA
SOCIAL_003268,2024-07-18,CA
SOCIAL_003269,2024-07-18,OK
SOCIAL_003270,2024-07-18,NJ
SOCIAL_003271,2024-07-18,GA
SOCIAL_003272,2024-07-18,MD
SOCIAL_003273,2024-07-18,CA
SOCIAL_003274,2024-07-18,FL
SOCIAL_003275,2024-07-19,NY
SOCIAL_003276,2024-07-19,IN
SOCIAL_003277,2024-07-19,OH
SOCIAL_003278,2024-07-19,CA
SOCIAL_003279,2024-07-19,CA
SOCIAL_003280,2024-07-19,NC
SOCIAL_003281,2024-07-19,NJ
SOCIAL_003282,2024-07-19,MI
SOCIAL_003283,2024-07-20,NC
SOCIAL_003284,2024-07-20,MS
SOCIAL_003285,2024-07-20,AR
SOCIAL_003286,2024-07-20,TX
SOCIAL_003287,2024-07-20,FL
SOCIAL_003288,2024-07-21,WA
SOCIAL_003289,2024-07-21,VA
SOCIAL_003290,2024-07-21,CA
SOCIAL_003291,2024-07-21,CA
SOCIAL_003292,2024-07-21,CA
SOCIAL_003293,2024-07-22,VA
SOCIAL_003294,2024-07-22,TX
SOCIAL_003295,2024-07-22,TN
SOCIAL_003296,2024-07-22,IL
SOCIAL_003297,2024-07-22,IL
SOCIAL_003298,2024-07-22,MA
SOCIAL_003299,2024-07-23,NC
SOCIAL_003300,2024-07-23,FL
SOCIAL_003301,2024-07-23,NY
SOCIAL_003302,2024-07-23,SD
SOCIAL_003303,2024-07-23,MI
SOCIAL_003304,2024-07-23,IL
SOCIAL_003305,2024-07-23,FL
SOCIAL_003306,2024-07-23,NC
SOCIAL_003307,2024-07-24,FL
SOCIAL_003308,2024-07-24,MT
SOCIAL_003309,2024-07-24,CA
SOCIAL_003310,2024-07-24,GA
SOCIAL_003311,2024-07-24,FL
SOCIAL_003312,2024-07-25,NY
SOCIAL_003313,2024-07-25,FL
SOCIAL_003314,2024-07-25,NJ
SOCIAL_003315,2024-07-25,PA
SOCIAL_003316,2024-07-25,IL
SOCIAL_003317,2024-07-25,MT
SOCIAL_003318,2024-07-26,FL
SOCIAL_003319,2024-07-26,MO
SOCIAL_003320,2024-07-26,TN
SOCIAL_003321,2024-07-26,NJ
SOCIAL_003322,2024-07-26,FL
SOCIAL_003323,2024-07-26,WA
SOCIAL_003324,2024-07-26,PA
SOCIAL_003325,2024-07-27,OK
SOCIAL_003326,2024-07-27,TN
SOCIAL_003327,2024-07-27,IA
SOCIAL_003328,2024-07-27,CA
SOCIAL_003329,2024-07-27,SC
SOCIAL_003330,2024-07-27,TN
SOCIAL_003331,2024-07-27,OR
SOCIAL_003332,2024-07-28,AL
SOCIAL_003333,2024-07-28,CA
SOCIAL_003334,2024-07-28,FL
SOCIAL_003335,2024-07-28,IA
SOCIAL_003336,2024-07-28,SC
SOCIAL_003337,2024-07-29,AR
SOCIAL_003338,2024-07-29,KY
SOCIAL_003339,2024-07-29,GA
SOCIAL_003340,2024-07-29,KY
SOCIAL_003341,2024-07-29,OR
SOCIAL_003342,2024-07-29,TX
SOCIAL_003343,2024-07-29,UT
SOCIAL_003344,2024-07-29,NC
SOCIAL_003345,2024-07-29,MO
SOCIAL_003346,2024-07-29,TN
SOCIAL_003347,2024-07-29,NY
SOCIAL_003348,2024-07-30,CA
SOCIAL_003349,2024-07-30,PA
SOCIAL_003350,2024-07-30,NJ
SOCIAL_003351,2024-07-30,OH
SOCIAL_003352,2024-07-30,VA
SOCIAL_003353,2024-07-30,CA
SOCIAL_003354,2024-07-31,FL
SOCIAL_003355,2024-08-01,NY
SOCIAL_003356,2024-08-01,TX
SOCIAL_003357,2024-08-01,WV
SOCIAL_003358,2024-08-01,CO
SOCIAL_003359,2024-08-01,WA
SOCIAL_003360,2024-08-02,CA
SOCIAL_003361,2024-08-02,CA
SOCIAL_003362,2024-08-02,ID
SOCIAL_003363,2024-08-03,NC
SOCIAL_003364,2024-08-03,GA
SOCIAL_003365,2024-08-03,SD
SOCIAL_003366,2024-08-03,RI
SOCIAL_003367,2024-08-04,VA
SOCIAL_003368,2024-08-04,MI
SOCIAL_003369,2024-08-04,WY
SOCIAL_003370,2024-08-04,WY
SOCIAL_003371,2024-08-04,SC
SOCIAL_003372,2024-08-04,OH
SOCIAL_003373,2024-08-05,MN
SOCIAL_003374,2024-08-05,MO
SOCIAL_003375,2024-08-05,NY
SOCIAL_003376,2024-08-05,CO
SOCIAL_003377,2024-08-05,MN
SOCIAL_003378,2024-08-06,MA
SOCIAL_003379,2024-08-06,TN
SOCIAL_003380,2024-08-06,CT
SOCIAL_003381,2024-08-07,NJ
SOCIAL_003382,2024-08-07,MI
SOCIAL_003383,2024-08-07,AZ
SOCIAL_003384,2024-08-07,MI
SOCIAL_003385,2024-08-08,CA
SOCIAL_003386,2024-08-08,NJ
SOCIAL_003387,2024-08-08,CA
SOCIAL_003388,2024-08-08,IL
SOCIAL_003389,2024-08-08,OR
SOCIAL_003390,2024-08-08,CA
SOCIAL_003391,2024-08-08,TX
SOCIAL_003392,2024-08-08,FL
SOCIAL_003393,2024-08-09,CA
SOCIAL_003394,2024-08-09,TX
SOCIAL_003395,2024-08-09,WA
SOCIAL_003396,2024-08-09,WA
SOCIAL_003397,2024-08-09,NC
SOCIAL_003398,2024-08-10,FL
SOCIAL_003399,2024-08-10,KY
SOCIAL_003400,2024-08-10,TX
SOCIAL_003401,2024-08-11,AZ
SOCIAL_003402,2024-08-11,NC
SOCIAL_003403,2024-08-11,OK
SOCIAL_003404,2024-08-11,TX
SOCIAL_003405,2024-08-11,IL
SOCIAL_003406,2024-08-11,TX
SOCIAL_003407,2024-08-12,KS
SOCIAL_003408,2024-08-12,NM
SOCIAL_003409,2024-08-12,TN
SOCIAL_003410,2024-08-12,NC
SOCIAL_003411,2024-08-12,MT
SOCIAL_003412,2024-08-12,TX
SOCIAL_003413,2024-08-13,KS
SOCIAL_003414,2024-08-13,MI
SOCIAL_003415,2024-08-13,NY
SOCIAL_003416,2024-08-13,MN
SOCIAL_003417,2024-08-13,FL
SOCIAL_003418,2024-08-14,NY
SOCIAL_003419,2024-08-14,ID
SOCIAL_003420,2024-08-14,NJ
SOCIAL_003421,2024-08-14,FL
SOCIAL_003422,2024-08-14,SC
SOCIAL_003423,2024-08-14,GA
SOCIAL_003424,2024-08-14,NE
SOCIAL_003425,2024-08-15,MN
SOCIAL_003426,2024-08-15,VA
SOCIAL_003427,2024-08-15,KY
SOCIAL_003428,2024-08-15,PA
SOCIAL_003429,2024-08-16,WA
SOCIAL_003430,2024-08-16,WI
SOCIAL_003431,2024-08-17,UT
SOCIAL_003432,2024-08-17,TX
SOCIAL_003433,2024-08-17,NY
SOCIAL_003434,2024-08-17,IN
SOCIAL_003435,2024-08-17,FL
SOCIAL_003436,2024-08-17,CT
SOCIAL_003437,2024-08-17,IL
SOCIAL_003438,2024-08-17,MO
SOCIAL_003439,2024-08-18,TX
SOCIAL_003440,2024-08-18,PA
SOCIAL_003441,2024-08-18,NM
SOCIAL_003442,2024-08-18,NY
SOCIAL_003443,2024-08-18,CT
SOCIAL_003444,2024-08-18,SC
SOCIAL_003445,2024-08-19,CA
SOCIAL_003446,2024-08-19,WY
SOCIAL_003447,2024-08-19,CT
SOCIAL_003448,2024-08-19,AR
SOCIAL_003449,2024-08-19,AL
SOCIAL_003450,2024-08-19,MI
SOCIAL_003451,2024-08-20,MS
SOCIAL_003452,2024-08-20,SC
SOCIAL_003453,2024-08-20,NY
SOCIAL_003454,2024-08-20,ME
SOCIAL_003455,2024-08-20,OK
SOCIAL_003456,2024-08-20,FL
SOCIAL_003457,2024-08-20,MD
SOCIAL_003458,2024-08-20,TN
SOCIAL_003459,2024-08-21,CA
SOCIAL_003460,2024-08-21,TN
SOCIAL_003461,2024-08-22,LA
SOCIAL_003462,2024-08-22,CA
SOCIAL_003463,2024-08-22,KS
SOCIAL_003464,2024-08-22,NC
SOCIAL_003465,2024-08-23,OR
SOCIAL_003466,2024-08-23,NC
SOCIAL_003467,2024-08-23,TX
SOCIAL_003468,2024-08-23,IL
SOCIAL_003469,2024-08-23,ID
SOCIAL_003470,2024-08-23,OH
SOCIAL_003471,2024-08-24,IN
SOCIAL_003472,2024-08-24,TX
SOCIAL_003473,2024-08-24,LA
SOCIAL_003474,2024-08-25,GA
SOCIAL_003475,2024-08-25,TX
SOCIAL_003476,2024-08-25,KY
SOCIAL_003477,2024-08-25,AR
SOCIAL_003478,2024-08-26,KY
SOCIAL_003479,2024-08-26,TX
SOCIAL_003480,2024-08-26,AZ
SOCIAL_003481,2024-08-26,NC
SOCIAL_003482,2024-08-26,FL
SOCIAL_003483,2024-08-26,CA
SOCIAL_003484,2024-08-27,IA
SOCIAL_003485,2024-08-27,NJ
SOCIAL_003486,2024-08-27,MO
SOCIAL_003487,2024-08-27,UT
SOCIAL_003488,2024-08-27,IA
SOCIAL_003489,2024-08-27,TX
SOCIAL_003490,2024-08-27,CA
SOCIAL_003491,2024-08-27,SC
SOCIAL_003492,2024-08-27,IL
SOCIAL_003493,2024-08-27,IL
SOCIAL_003494,2024-08-28,FL
SOCIAL_003495,2024-08-28,CA
SOCIAL_003496,2024-08-28,MN
SOCIAL_003497,2024-08-29,AL
SOCIAL_003498,2024-08-29,MI
SOCIAL_003499,2024-08-29,IL
SOCIAL_003500,2024-08-29,OH
SOCIAL_003501,2024-08-29,WA
SOCIAL_003502,2024-08-29,IL
SOCIAL_003503,2024-08-29,SC
SOCIAL_003504,2024-08-29,OH
SOCIAL_003505,2024-08-30,GA
SOCIAL_003506,2024-08-31,MO
SOCIAL_003507,2024-08-31,NY
SOCIAL_003508,2024-08-31,GA
SOCIAL_003509,2024-08-31,OH
SOCIAL_003510,2024-08-31,MI
SOCIAL_003511,2024-08-31,TX
SOCIAL_003512,2024-08-31,KS
SOCIAL_003513,2024-09-01,MI
SOCIAL_003514,2024-09-01,MI
SOCIAL_003515,2024-09-01,WI
SOCIAL_003516,2024-09-01,OR
SOCIAL_003517,2024-09-02,OH
SOCIAL_003518,2024-09-02,NE
SOCIAL_003519,2024-09-02,PA
SOCIAL_003520,2024-09-03,IL
SOCIAL_003521,2024-09-03,SC
SOCIAL_003522,2024-09-03,TX
SOCIAL_003523,2024-09-03,KY
SOCIAL_003524,2024-09-04,FL
SOCIAL_003525,2024-09-04,AZ
SOCIAL_003526,2024-09-04,TX
SOCIAL_003527,2024-09-04,VA
SOCIAL_003528,2024-09-04,TX
SOCIAL_003529,2024-09-05,MI
SOCIAL_003530,2024-09-05,WI
SOCIAL_003531,2024-09-05,CA
SOCIAL_003532,2024-09-05,TN
SOCIAL_003533,2024-09-05,WI
SOCIAL_003534,2024-09-06,NM
SOCIAL_003535,2024-09-06,PA
SOCIAL_003536,2024-09-06,WV
SOCIAL_003537,2024-09-06,CA
SOCIAL_003538,2024-09-06,NM
SOCIAL_003539,2024-09-07,FL
SOCIAL_003540,2024-09-07,VA
SOCIAL_003541,2024-09-07,TX
SOCIAL_003542,2024-09-07,WV
SOCIAL_003543,2024-09-07,MI
SOCIAL_003544,2024-09-07,NC
SOCIAL_003545,2024-09-08,GA
SOCIAL_003546,2024-09-08,NY
SOCIAL_003547,2024-09-08,CO
SOCIAL_003548,2024-09-08,MI
SOCIAL_003549,2024-09-08,MA
SOCIAL_003550,2024-09-09,CA
SOCIAL_003551,2024-09-09,NJ
SOCIAL_003552,2024-09-09,CA
SOCIAL_003553,2024-09-09,NJ
SOCIAL_003554,2024-09-09,TX
SOCIAL_003555,2024-09-09,CA
SOCIAL_003556,2024-09-09,NV
SOCIAL_003557,2024-09-09,NC
SOCIAL_003558,2024-09-09,TX
SOCIAL_003559,2024-09-10,OR
SOCIAL_003560,2024-09-10,MA
SOCIAL_003561,2024-09-10,FL
SOCIAL_003562,2024-09-10,MN
SOCIAL_003563,2024-09-10,MN
SOCIAL_003564,2024-09-11,IN
SOCIAL_003565,2024-09-11,CA
SOCIAL_003566,2024-09-11,AK
SOCIAL_003567,2024-09-11,IN
SOCIAL_003568,2024-09-11,TN
SOCIAL_003569,2024-09-11,CA
SOCIAL_003570,2024-09-11,CT
SOCIAL_003571,2024-09-11,LA
SOCIAL_003572,2024-09-11,TX
SOCIAL_003573,2024-09-11,TX
SOCIAL_003574,2024-09-11,AL
SOCIAL_003575,2024-09-12,MI
SOCIAL_003576,2024-09-12,MI
SOCIAL_003577,2024-09-12,AL
SOCIAL_003578,2024-09-12,WV
SOCIAL_003579,2024-09-13,PA
SOCIAL_003580,2024-09-13,TX
SOCIAL_003581,2024-09-13,ID
SOCIAL_003582,2024-09-13,PA
SOCIAL_003583,2024-09-13,AZ
SOCIAL_003584,2024-09-14,OH
SOCIAL_003585,2024-09-14,NY
SOCIAL_003586,2024-09-14,CA
SOCIAL_003587,2024-09-14,CO
SOCIAL_003588,2024-09-14,CA
SOCIAL_003589,2024-09-14,NJ
SOCIAL_003590,2024-09-14,TX
SOCIAL_003591,2024-09-15,AZ
SOCIAL_003592,2024-09-15,WA
SOCIAL_003593,2024-09-15,IA
SOCIAL_003594,2024-09-15,MI
SOCIAL_003595,2024-09-16,IA
SOCIAL_003596,2024-09-16,NJ
SOCIAL_003597,2024-09-16,MD
SOCIAL_003598,2024-09-16,IN
SOCIAL_003599,2024-09-16,PA
SOCIAL_003600,2024-09-16,NH
SOCIAL_003601,2024-09-16,IL
SOCIAL_003602,2024-09-16,SC
SOCIAL_003603,2024-09-16,TX
SOCIAL_003604,2024-09-16,MO
SOCIAL_003605,2024-09-16,OK
SOCIAL_003606,2024-09-16,TX
SOCIAL_003607,2024-09-16,GA
SOCIAL_003608,2024-09-16,WA
SOCIAL_003609,2024-09-16,CA
SOCIAL_003610,2024-09-16,IL
SOCIAL_003611,2024-09-16,NH
SOCIAL_003612,2024-09-17,SC
SOCIAL_003613,2024-09-17,GA
SOCIAL_003614,2024-09-17,LA
SOCIAL_003615,2024-09-17,CA
SOCIAL_003616,2024-09-17,FL
SOCIAL_003617,2024-09-17,IL
SOCIAL_003618,2024-09-18,ND
SOCIAL_003619,2024-09-18,HI
SOCIAL_003620,2024-09-18,NJ
SOCIAL_003621,2024-09-18,OH
SOCIAL_003622,2024-09-18,NJ
SOCIAL_003623,2024-09-19,RI
SOCIAL_003624,2024-09-19,TX
SOCIAL_003625,2024-09-20,OH
SOCIAL_003626,2024-09-20,IA
SOCIAL_003627,2024-09-20,ID
SOCIAL_003628,2024-09-20,TN
SOCIAL_003629,2024-09-20,FL
SOCIAL_003630,2024-09-20,IL
SOCIAL_003631,2024-09-21,NY
SOCIAL_003632,2024-09-21,TN
SOCIAL_003633,2024-09-21,CA
SOCIAL_003634,2024-09-22,DE
SOCIAL_003635,2024-09-22,OR
SOCIAL_003636,2024-09-22,IL
SOCIAL_003637,2024-09-22,SD
SOCIAL_003638,2024-09-23,TX
SOCIAL_003639,2024-09-23,CA
SOCIAL_003640,2024-09-23,MA
SOCIAL_003641,2024-09-23,NY
SOCIAL_003642,2024-09-23,NE
SOCIAL_003643,2024-09-23,CA
SOCIAL_003644,2024-09-24,NC
SOCIAL_003645,2024-09-24,NC
SOCIAL_003646,2024-09-24,NY
SOCIAL_003647,2024-09-24,TX
SOCIAL_003648,2024-09-24,OH
SOCIAL_003649,2024-09-24,NJ
SOCIAL_003650,2024-09-25,FL
SOCIAL_003651,2024-09-25,MN
SOCIAL_003652,2024-09-25,DE
SOCIAL_003653,2024-09-25,NC
SOCIAL_003654,2024-09-25,AR
SOCIAL_003655,2024-09-25,TX
SOCIAL_003656,2024-09-26,FL
SOCIAL_003657,2024-09-26,ID
SOCIAL_003658,2024-09-26,FL
SOCIAL_003659,2024-09-26,CA
SOCIAL_003660,2024-09-26,IN
SOCIAL_003661,2024-09-26,NC
SOCIAL_003662,2024-09-26,OR
SOCIAL_003663,2024-09-26,NJ
SOCIAL_003664,2024-09-26,CO
SOCIAL_003665,2024-09-27,NV
SOCIAL_003666,2024-09-27,MN
SOCIAL_003667,2024-09-27,MO
SOCIAL_003668,2024-09-27,TN
SOCIAL_003669,2024-09-27,WI
SOCIAL_003670,2024-09-28,SC
SOCIAL_003671,2024-09-28,MA
SOCIAL_003672,2024-09-29,TX
SOCIAL_003673,2024-09-29,NJ
SOCIAL_003674,2024-09-29,IA
SOCIAL_003675,2024-09-29,IL
SOCIAL_003676,2024-09-29,SC
SOCIAL_003677,2024-09-30,KY
SOCIAL_003678,2024-09-30,AR
SOCIAL_003679,2024-09-30,IN
SOCIAL_003680,2024-10-01,OR
SOCIAL_003681,2024-10-01,GA
SOCIAL_003682,2024-10-01,MN
SOCIAL_003683,2024-10-01,CO
SOCIAL_003684,2024-10-01,IL
SOCIAL_003685,2024-10-01,MO
SOCIAL_003686,2024-10-02,NJ
SOCIAL_003687,2024-10-02,TX
SOCIAL_003688,2024-10-02,MD
SOCIAL_003689,2024-10-02,CA
SOCIAL_003690,2024-10-02,CA
SOCIAL_003691,2024-10-02,TX
SOCIAL_003692,2024-10-02,CA
SOCIAL_003693,2024-10-02,KY
SOCIAL_003694,2024-10-03,LA
SOCIAL_003695,2024-10-03,TX
SOCIAL_003696,2024-10-03,MO
SOCIAL_003697,2024-10-03,WV
SOCIAL_003698,2024-10-03,NJ
SOCIAL_003699,2024-10-03,MN
SOCIAL_003700,2024-10-03,TN
SOCIAL_003701,2024-10-04,KY
SOCIAL_003702,2024-10-04,IN
SOCIAL_003703,2024-10-04,GA
SOCIAL_003704,2024-10-04,MN
SOCIAL_003705,2024-10-04,TX
SOCIAL_003706,2024-10-04,CA
SOCIAL_003707,2024-10-04,NC
SOCIAL_003708,2024-10-05,WY
SOCIAL_003709,2024-10-05,MD
SOCIAL_003710,2024-10-05,OK
SOCIAL_003711,2024-10-05,NC
SOCIAL_003712,2024-10-06,CA
SOCIAL_003713,2024-10-06,CA
SOCIAL_003714,2024-10-06,AR
SOCIAL_003715,2024-10-07,KS
SOCIAL_003716,2024-10-07,TX
SOCIAL_003717,2024-10-07,NY
SOCIAL_003718,2024-10-07,VA
SOCIAL_003719,2024-10-07,GA
SOCIAL_003720,2024-10-07,TN
SOCIAL_003721,2024-10-07,OK
SOCIAL_003722,2024-10-08,IN
SOCIAL_003723,2024-10-08,TX
SOCIAL_003724,2024-10-08,CA
SOCIAL_003725,2024-10-08,NC
SOCIAL_003726,2024-10-08,NJ
SOCIAL_003727,2024-10-08,FL
SOCIAL_003728,2024-10-08,WA
SOCIAL_003729,2024-10-08,TX
SOCIAL_003730,2024-10-09,OK
SOCIAL_003731,2024-10-09,CA
SOCIAL_003732,2024-10-09,IL
SOCIAL_003733,2024-10-09,IL
SOCIAL_003734,2024-10-09,TN
SOCIAL_003735,2024-10-09,MD
SOCIAL_003736,2024-10-09,NC
SOCIAL_003737,2024-10-09,OR
SOCIAL_003738,2024-10-10,WA
SOCIAL_003739,2024-10-10,MO
SOCIAL_003740,2024-10-10,GA
SOCIAL_003741,2024-10-10,TX
SOCIAL_003742,2024-10-11,NY
SOCIAL_003743,2024-10-11,CA
SOCIAL_003744,2024-10-12,OH
SOCIAL_003745,2024-10-12,FL
SOCIAL_003746,2024-10-12,OH
SOCIAL_003747,2024-10-12,GA
SOCIAL_003748,2024-10-12,NC
SOCIAL_003749,2024-10-12,CA
SOCIAL_003750,2024-10-13,AL
SOCIAL_003751,2024-10-13,FL
SOCIAL_003752,2024-10-13,PA
SOCIAL_003753,2024-10-13,CA
SOCIAL_003754,2024-10-13,NY
SOCIAL_003755,2024-10-13,MA
SOCIAL_003756,2024-10-13,MA
SOCIAL_003757,2024-10-13,CA
SOCIAL_003758,2024-10-13,NY
SOCIAL_003759,2024-10-14,GA
SOCIAL_003760,2024-10-14,IA
SOCIAL_003761,2024-10-15,CA
SOCIAL_003762,2024-10-15,NY
SOCIAL_003763,2024-10-15,MD
SOCIAL_003764,2024-10-15,NY
SOCIAL_003765,2024-10-15,GA
SOCIAL_003766,2024-10-15,IL
SOCIAL_003767,2024-10-16,OK
SOCIAL_003768,2024-10-16,IL
SOCIAL_003769,2024-10-16,CA
SOCIAL_003770,2024-10-16,CA
SOCIAL_003771,2024-10-16,TX
SOCIAL_003772,2024-10-17,OR
SOCIAL_003773,2024-10-17,FL
SOCIAL_003774,2024-10-17,MI
SOCIAL_003775,2024-10-17,MS
SOCIAL_003776,2024-10-17,TX
SOCIAL_003777,2024-10-17,NC
SOCIAL_003778,2024-10-17,GA
SOCIAL_003779,2024-10-18,MS
SOCIAL_003780,2024-10-18,NJ
SOCIAL_003781,2024-10-18,CA
SOCIAL_003782,2024-10-18,PA
SOCIAL_003783,2024-10-18,OH
SOCIAL_003784,2024-10-18,FL
SOCIAL_003785,2024-10-18,IN
SOCIAL_003786,2024-10-18,SC
SOCIAL_003787,2024-10-18,OH
SOCIAL_003788,2024-10-19,MT
SOCIAL_003789,2024-10-19,IL
SOCIAL_003790,2024-10-19,LA
SOCIAL_003791,2024-10-20,NJ
SOCIAL_003792,2024-10-20,PA
SOCIAL_003793,2024-10-20,TX
SOCIAL_003794,2024-10-20,PA
SOCIAL_003795,2024-10-20,MD
SOCIAL_003796,2024-10-21,AR
SOCIAL_003797,2024-10-21,MA
SOCIAL_003798,2024-10-21,KY
SOCIAL_003799,2024-10-21,CT
SOCIAL_003800,2024-10-21,CA
SOCIAL_003801,2024-10-21,FL
SOCIAL_003802,2024-10-21,TX
SOCIAL_003803,2024-10-21,KY
SOCIAL_003804,2024-10-21,PA
SOCIAL_003805,2024-10-21,NY
SOCIAL_003806,2024-10-22,NH
SOCIAL_003807,2024-10-22,NC
SOCIAL_003808,2024-10-22,NM
SOCIAL_003809,2024-10-22,FL
SOCIAL_003810,2024-10-22,SD
SOCIAL_003811,2024-10-22,MS
SOCIAL_003812,2024-10-22,TX
SOCIAL_003813,2024-10-22,IA
SOCIAL_003814,2024-10-23,GA
SOCIAL_003815,2024-10-23,NJ
SOCIAL_003816,2024-10-23,KS
SOCIAL_003817,2024-10-23,PA
SOCIAL_003818,2024-10-23,IL
SOCIAL_003819,2024-10-23,KS
SOCIAL_003820,2024-10-23,IL
SOCIAL_003821,2024-10-23,IA
SOCIAL_003822,2024-10-24,VA
SOCIAL_003823,2024-10-24,WA
SOCIAL_003824,2024-10-24,FL
SOCIAL_003825,2024-10-24,NC
SOCIAL_003826,2024-10-24,NJ
SOCIAL_003827,2024-10-25,NC
SOCIAL_003828,2024-10-25,TX
SOCIAL_003829,2024-10-25,TX
SOCIAL_003830,2024-10-25,IA
SOCIAL_003831,2024-10-25,AZ
SOCIAL_003832,2024-10-25,WA
SOCIAL_003833,2024-10-25,FL
SOCIAL_003834,2024-10-26,CO
SOCIAL_003835,2024-10-26,MS
SOCIAL_003836,2024-10-26,IL
SOCIAL_003837,2024-10-26,CA
SOCIAL_003838,2024-10-26,WA
SOCIAL_003839,2024-10-26,FL
SOCIAL_003840,2024-10-28,FL
SOCIAL_003841,2024-10-28,UT
SOCIAL_003842,2024-10-28,IL
SOCIAL_003843,2024-10-28,TX
SOCIAL_003844,2024-10-28,CA
SOCIAL_003845,2024-10-28,TX
SOCIAL_003846,2024-10-28,CA
SOCIAL_003847,2024-10-28,VA
SOCIAL_003848,2024-10-29,TN
SOCIAL_003849,2024-10-29,CA
SOCIAL_003850,2024-10-29,OH
SOCIAL_003851,2024-10-29,AZ
SOCIAL_003852,2024-10-29,OH
SOCIAL_003853,2024-10-29,OK
SOCIAL_003854,2024-10-29,MS
SOCIAL_003855,2024-10-30,TX
SOCIAL_003856,2024-10-30,AZ
SOCIAL_003857,2024-10-30,WI
SOCIAL_003858,2024-10-30,TN
SOCIAL_003859,2024-10-30,OH
SOCIAL_003860,2024-10-30,VA
SOCIAL_003861,2024-10-30,OK
SOCIAL_003862,2024-10-31,NE
SOCIAL_003863,2024-10-31,ME
SOCIAL_003864,2024-10-31,CO
SOCIAL_003865,2024-10-31,NY
SOCIAL_003866,2024-10-31,FL
SOCIAL_003867,2024-10-31,MI
SOCIAL_003868,2024-10-31,FL
SOCIAL_003869,2024-10-31,NE
SOCIAL_003870,2024-10-31,SC
SOCIAL_003871,2024-10-31,CA
SOCIAL_003872,2024-11-01,OR
SOCIAL_003873,2024-11-01,CA
SOCIAL_003874,2024-11-01,NY
SOCIAL_003875,2024-11-01,FL
SOCIAL_003876,2024-11-01,NY
SOCIAL_003877,2024-11-02,PA
SOCIAL_003878,2024-11-02,WV
SOCIAL_003879,2024-11-02,TX
SOCIAL_003880,2024-11-02,PA
SOCIAL_003881,2024-11-02,GA
SOCIAL_003882,2024-11-02,NY
SOCIAL_003883,2024-11-03,WI
SOCIAL_003884,2024-11-03,NY
SOCIAL_003885,2024-11-04,MN
SOCIAL_003886,2024-11-04,NY
SOCIAL_003887,2024-11-04,PA
SOCIAL_003888,2024-11-04,IL
SOCIAL_003889,2024-11-04,IL
SOCIAL_003890,2024-11-04,MO
SOCIAL_003891,2024-11-04,NY
SOCIAL_003892,2024-11-04,NC
SOCIAL_003893,2024-11-04,IL
SOCIAL_003894,2024-11-04,UT
SOCIAL_003895,2024-11-04,MT
SOCIAL_003896,2024-11-04,CO
SOCIAL_003897,2024-11-04,VA
SOCIAL_003898,2024-11-05,TN
SOCIAL_003899,2024-11-05,CT
SOCIAL_003900,2024-11-05,TX
SOCIAL_003901,2024-11-05,TN
SOCIAL_003902,2024-11-05,FL
SOCIAL_003903,2024-11-05,TX
SOCIAL_003904,2024-11-06,CA
SOCIAL_003905,2024-11-06,CA
SOCIAL_003906,2024-11-06,MD
SOCIAL_003907,2024-11-06,MA
SOCIAL_003908,2024-11-06,CA
SOCIAL_003909,2024-11-06,CA
SOCIAL_003910,2024-11-06,CA
SOCIAL_003911,2024-11-06,NM
SOCIAL_003912,2024-11-06,MA
SOCIAL_003913,2024-11-07,NC
SOCIAL_003914,2024-11-07,MI
SOCIAL_003915,2024-11-07,CA
SOCIAL_003916,2024-11-07,CO
SOCIAL_003917,2024-11-07,CT
SOCIAL_003918,2024-11-07,PA
SOCIAL_003919,2024-11-07,NY
SOCIAL_003920,2024-11-07,IL
SOCIAL_003921,2024-11-08,GA
SOCIAL_003922,2024-11-08,PA
SOCIAL_003923,2024-11-08,IN
SOCIAL_003924,2024-11-08,IL
SOCIAL_003925,2024-11-08,TX
SOCIAL_003926,2024-11-08,NY
SOCIAL_003927,2024-11-08,AL
SOCIAL_003928,2024-11-09,SC
SOCIAL_003929,2024-11-09,TX
SOCIAL_003930,2024-11-09,NY
SOCIAL_003931,2024-11-09,DE
SOCIAL_003932,2024-11-09,NY
SOCIAL_003933,2024-11-10,CA
SOCIAL_003934,2024-11-10,CA
SOCIAL_003935,2024-11-10,NY
SOCIAL_003936,2024-11-10,CA
SOCIAL_003937,2024-11-11,NY
SOCIAL_003938,2024-11-11,OH
SOCIAL_003939,2024-11-11,NY
SOCIAL_003940,2024-11-11,MD
SOCIAL_003941,2024-11-11,ND
SOCIAL_003942,2024-11-11,DC
SOCIAL_003943,2024-11-11,AR
SOCIAL_003944,2024-11-12,OR
SOCIAL_003945,2024-11-12,WI
SOCIAL_003946,2024-11-12,IA
SOCIAL_003947,2024-11-12,TX
SOCIAL_003948,2024-11-12,AZ
SOCIAL_003949,2024-11-12,KY
SOCIAL_003950,2024-11-13,VA
SOCIAL_003951,2024-11-13,NM
SOCIAL_003952,2024-11-13,MD
SOCIAL_003953,2024-11-13,CA
SOCIAL_003954,2024-11-14,TX
SOCIAL_003955,2024-11-14,CA
SOCIAL_003956,2024-11-14,TX
SOCIAL_003957,2024-11-14,KY
SOCIAL_003958,2024-11-14,MI
SOCIAL_003959,2024-11-14,NJ
SOCIAL_003960,2024-11-14,NY
SOCIAL_003961,2024-11-14,VT
SOCIAL_003962,2024-11-15,AZ
SOCIAL_003963,2024-11-15,WA
SOCIAL_003964,2024-11-15,OH
SOCIAL_003965,2024-11-15,WV
SOCIAL_003966,2024-11-15,PA
SOCIAL_003967,2024-11-15,FL
SOCIAL_003968,2024-11-15,UT
SOCIAL_003969,2024-11-15,FL
SOCIAL_003970,2024-11-16,AK
SOCIAL_003971,2024-11-16,PA
SOCIAL_003972,2024-11-16,LA
SOCIAL_003973,2024-11-16,FL
SOCIAL_003974,2024-11-16,FL
SOCIAL_003975,2024-11-17,NV
SOCIAL_003976,2024-11-17,OH
SOCIAL_003977,2024-11-17,MI
SOCIAL_003978,2024-11-17,CO
SOCIAL_003979,2024-11-18,MI
SOCIAL_003980,2024-11-18,IL
SOCIAL_003981,2024-11-18,MI
SOCIAL_003982,2024-11-18,CA
SOCIAL_003983,2024-11-18,FL
SOCIAL_003984,2024-11-18,TN
SOCIAL_003985,2024-11-18,OH
SOCIAL_003986,2024-11-18,NC
SOCIAL_003987,2024-11-18,NY
SOCIAL_003988,2024-11-18,WA
SOCIAL_003989,2024-11-19,SC
SOCIAL_003990,2024-11-19,NJ
SOCIAL_003991,2024-11-19,AL
SOCIAL_003992,2024-11-19,OH
SOCIAL_003993,2024-11-19,MD
SOCIAL_003994,2024-11-19,CA
SOCIAL_003995,2024-11-19,CA
SOCIAL_003996,2024-11-20,MA
SOCIAL_003997,2024-11-20,RI
SOCIAL_003998,2024-11-20,TX
SOCIAL_003999,2024-11-20,NC
SOCIAL_004000,2024-11-20,TX
SOCIAL_004001,2024-11-21,GA
SOCIAL_004002,2024-11-21,OH
SOCIAL_004003,2024-11-21,CA
SOCIAL_004004,2024-11-21,TX
SOCIAL_004005,2024-11-21,MO
SOCIAL_004006,2024-11-21,CO
SOCIAL_004007,2024-11-21,TX
SOCIAL_004008,2024-11-21,NY
SOCIAL_004009,2024-11-22,IL
SOCIAL_004010,2024-11-22,GA
SOCIAL_004011,2024-11-22,NJ
SOCIAL_004012,2024-11-22,MA
SOCIAL_004013,2024-11-22,IL
SOCIAL_004014,2024-11-22,NC
SOCIAL_004015,2024-11-22,CA
SOCIAL_004016,2024-11-22,NJ
SOCIAL_004017,2024-11-23,IN
SOCIAL_004018,2024-11-23,MS
SOCIAL_004019,2024-11-23,CA
SOCIAL_004020,2024-11-24,MO
SOCIAL_004021,2024-11-24,VA
SOCIAL_004022,2024-11-24,GA
SOCIAL_004023,2024-11-24,IA
SOCIAL_004024,2024-11-25,TX
SOCIAL_004025,2024-11-25,TX
SOCIAL_004026,2024-11-25,LA
SOCIAL_004027,2024-11-25,LA
SOCIAL_004028,2024-11-25,UT
SOCIAL_004029,2024-11-25,IN
SOCIAL_004030,2024-11-25,IL
SOCIAL_004031,2024-11-25,PA
SOCIAL_004032,2024-11-25,AL
SOCIAL_004033,2024-11-25,PA
SOCIAL_004034,2024-11-26,IL
SOCIAL_004035,2024-11-26,TX
SOCIAL_004036,2024-11-26,WA
SOCIAL_004037,2024-11-26,OH
SOCIAL_004038,2024-11-26,CA
SOCIAL_004039,2024-11-26,CA
SOCIAL_004040,2024-11-27,CA
SOCIAL_004041,2024-11-27,PA
SOCIAL_004042,2024-11-27,NC
SOCIAL_004043,2024-11-27,TX
SOCIAL_004044,2024-11-27,MN
SOCIAL_004045,2024-11-27,IL
SOCIAL_004046,2024-11-27,IL
SOCIAL_004047,2024-11-27,MA
SOCIAL_004048,2024-11-27,MS
SOCIAL_004049,2024-11-28,TX
SOCIAL_004050,2024-11-28,MN
SOCIAL_004051,2024-11-28,OH
SOCIAL_004052,2024-11-28,AR
SOCIAL_004053,2024-11-28,TN
SOCIAL_004054,2024-11-29,AZ
SOCIAL_004055,2024-11-29,TX
SOCIAL_004056,2024-11-29,MI
SOCIAL_004057,2024-11-29,OH
SOCIAL_004058,2024-11-29,MD
SOCIAL_004059,2024-11-29,CA
SOCIAL_004060,2024-11-29,CA
SOCIAL_004061,2024-11-29,WA
SOCIAL_004062,2024-11-29,CT
SOCIAL_004063,2024-11-29,CA
SOCIAL_004064,2024-11-30,WI
SOCIAL_004065,2024-11-30,TX
SOCIAL_004066,2024-11-30,CA
SOCIAL_004067,2024-11-30,OR
SOCIAL_004068,2024-11-30,SC
SOCIAL_004069,2024-12-01,AZ
SOCIAL_004070,2024-12-01,TX
SOCIAL_004071,2024-12-01,AR
SOCIAL_004072,2024-12-01,SC
SOCIAL_004073,2024-12-01,WV
SOCIAL_004074,2024-12-01,MI
SOCIAL_004075,2024-12-01,OR
SOCIAL_004076,2024-12-02,LA
SOCIAL_004077,2024-12-02,WA
SOCIAL_004078,2024-12-02,TN
SOCIAL_004079,2024-12-02,WV
SOCIAL_004080,2024-12-02,MI
SOCIAL_004081,2024-12-02,NC
SOCIAL_004082,2024-12-02,WI
SOCIAL_004083,2024-12-02,MA
SOCIAL_004084,2024-12-02,MI
SOCIAL_004085,2024-12-03,TN
SOCIAL_004086,2024-12-03,NY
SOCIAL_004087,2024-12-03,MD
SOCIAL_004088,2024-12-03,FL
SOCIAL_004089,2024-12-04,FL
SOCIAL_004090,2024-12-04,AL
SOCIAL_004091,2024-12-04,MI
SOCIAL_004092,2024-12-04,IL
SOCIAL_004093,2024-12-04,NC
SOCIAL_004094,2024-12-04,OH
SOCIAL_004095,2024-12-04,CA
SOCIAL_004096,2024-12-04,IA
SOCIAL_004097,2024-12-04,AR
SOCIAL_004098,2024-12-04,WI
SOCIAL_004099,2024-12-05,CO
SOCIAL_004100,2024-12-05,WI
SOCIAL_004101,2024-12-05,IA
SOCIAL_004102,2024-12-05,CA
SOCIAL_004103,2024-12-06,MS
SOCIAL_004104,2024-12-06,AR
SOCIAL_004105,2024-12-06,CT
SOCIAL_004106,2024-12-06,IL
SOCIAL_004107,2024-12-07,OK
SOCIAL_004108,2024-12-07,ND
SOCIAL_004109,2024-12-07,CA
SOCIAL_004110,2024-12-07,ME
SOCIAL_004111,2024-12-07,NC
SOCIAL_004112,2024-12-08,NY
SOCIAL_004113,2024-12-08,TX
SOCIAL_004114,2024-12-08,SC
SOCIAL_004115,2024-12-08,CA
SOCIAL_004116,2024-12-09,IL
SOCIAL_004117,2024-12-09,TX
SOCIAL_004118,2024-12-09,NV
SOCIAL_004119,2024-12-09,AL
SOCIAL_004120,2024-12-09,NJ
SOCIAL_004121,2024-12-09,CA
SOCIAL_004122,2024-12-09,CA
SOCIAL_004123,2024-12-09,CA
SOCIAL_004124,2024-12-09,NY
SOCIAL_004125,2024-12-10,IN
SOCIAL_004126,2024-12-10,IL
SOCIAL_004127,2024-12-11,ID
SOCIAL_004128,2024-12-11,KY
SOCIAL_004129,2024-12-11,TX
SOCIAL_004130,2024-12-11,LA
SOCIAL_004131,2024-12-11,AR
SOCIAL_004132,2024-12-11,WI
SOCIAL_004133,2024-12-11,CA
SOCIAL_004134,2024-12-11,NY
SOCIAL_004135,2024-12-11,WY
SOCIAL_004136,2024-12-11,MD
SOCIAL_004137,2024-12-12,PA
SOCIAL_004138,2024-12-12,CA
SOCIAL_004139,2024-12-12,FL
SOCIAL_004140,2024-12-12,TX
SOCIAL_004141,2024-12-13,MA
SOCIAL_004142,2024-12-13,OR
SOCIAL_004143,2024-12-13,IL
SOCIAL_004144,2024-12-13,TX
SOCIAL_004145,2024-12-13,NJ
SOCIAL_004146,2024-12-15,CO
SOCIAL_004147,2024-12-15,TX
SOCIAL_004148,2024-12-15,MA
SOCIAL_004149,2024-12-16,MD
SOCIAL_004150,2024-12-16,AR
SOCIAL_004151,2024-12-17,NM
SOCIAL_004152,2024-12-17,TX
SOCIAL_004153,2024-12-17,SC
SOCIAL_004154,2024-12-17,TX
SOCIAL_004155,2024-12-17,OR
SOCIAL_004156,2024-12-17,CA
SOCIAL_004157,2024-12-17,TX
SOCIAL_004158,2024-12-17,WI
SOCIAL_004159,2024-12-18,NH
SOCIAL_004160,2024-12-18,TX
SOCIAL_004161,2024-12-18,AZ
SOCIAL_004162,2024-12-18,IL
SOCIAL_004163,2024-12-18,FL
SOCIAL_004164,2024-12-18,TX
SOCIAL_004165,2024-12-19,GA
SOCIAL_004166,2024-12-19,CA
SOCIAL_004167,2024-12-19,PA
SOCIAL_004168,2024-12-19,MO
SOCIAL_004169,2024-12-20,MA
SOCIAL_004170,2024-12-20,TX
SOCIAL_004171,2024-12-20,CA
SOCIAL_004172,2024-12-21,TX
SOCIAL_004173,2024-12-21,WA
SOCIAL_004174,2024-12-21,WI
SOCIAL_004175,2024-12-21,TX
SOCIAL_004176,2024-12-21,WA
SOCIAL_004177,2024-12-21,TX
SOCIAL_004178,2024-12-22,NJ
SOCIAL_004179,2024-12-22,PA
SOCIAL_004180,2024-12-22,CA
SOCIAL_004181,2024-12-22,CT
SOCIAL_004182,2024-12-22,NJ
SOCIAL_004183,2024-12-22,NY
SOCIAL_004184,2024-12-22,OK
SOCIAL_004185,2024-12-23,TX
SOCIAL_004186,2024-12-23,CA
SOCIAL_004187,2024-12-23,TN
SOCIAL_004188,2024-12-23,AR
SOCIAL_004189,2024-12-23,CA
SOCIAL_004190,2024-12-23,IL
SOCIAL_004191,2024-12-24,FL
SOCIAL_004192,2024-12-24,WA
SOCIAL_004193,2024-12-24,TX
SOCIAL_004194,2024-12-24,SC
SOCIAL_004195,2024-12-25,MO
SOCIAL_004196,2024-12-25,IN
SOCIAL_004197,2024-12-25,MN
SOCIAL_004198,2024-12-25,KS
SOCIAL_004199,2024-12-26,NV
SOCIAL_004200,2024-12-26,CA
SOCIAL_004201,2024-12-26,IA
SOCIAL_004202,2024-12-26,PA
SOCIAL_004203,2024-12-26,CA
SOCIAL_004204,2024-12-26,OR
SOCIAL_004205,2024-12-26,PA
SOCIAL_004206,2024-12-26,PA
SOCIAL_004207,2024-12-27,MI
SOCIAL_004208,2024-12-27,LA
SOCIAL_004209,2024-12-27,OH
SOCIAL_004210,2024-12-27,NE
SOCIAL_004211,2024-12-27,LA
SOCIAL_004212,2024-12-27,GA
SOCIAL_004213,2024-12-28,SC
SOCIAL_004214,2024-12-28,OR
SOCIAL_004215,2024-12-28,MD
SOCIAL_004216,2024-12-28,WA
SOCIAL_004217,2024-12-28,CO
SOCIAL_004218,2024-12-28,TX
SOCIAL_004219,2024-12-28,GA
SOCIAL_004220,2024-12-28,NY
SOCIAL_004221,2024-12-29,GA
SOCIAL_004222,2024-12-29,FL
SOCIAL_004223,2024-12-29,NY
SOCIAL_004224,2024-12-29,MI
SOCIAL_004225,2024-12-29,GA
SOCIAL_004226,2024-12-29,CA
SOCIAL_004227,2024-12-29,CA
SOCIAL_004228,2024-12-30,TX
SOCIAL_004229,2024-12-30,IN
SOCIAL_004230,2024-12-30,AZ
SOCIAL_004231,2024-12-30,TX
SOCIAL_004232,2024-12-30,CO
SOCIAL_004233,2024-12-31,NC
SOCIAL_004234,2024-12-31,FL
SOCIAL_004235,2024-12-31,GA
SOCIAL_004236,2024-12-31,ME
SOCIAL_004237,2025-01-01,IL
SOCIAL_004238,2025-01-01,FL
SOCIAL_004239,2025-01-01,NJ
SOCIAL_004240,2025-01-01,OK
SOCIAL_004241,2025-01-01,CA
SOCIAL_004242,2025-01-01,IA
SOCIAL_004243,2025-01-01,IA
SOCIAL_004244,2025-01-02,AZ
SOCIAL_004245,2025-01-02,PA
SOCIAL_004246,2025-01-02,LA
SOCIAL_004247,2025-01-02,FL
SOCIAL_004248,2025-01-02,SC
SOCIAL_004249,2025-01-02,NJ
SOCIAL_004250,2025-01-02,ND
SOCIAL_004251,2025-01-02,MI
SOCIAL_004252,2025-01-02,MD
SOCIAL_004253,2025-01-02,VA
SOCIAL_004254,2025-01-02,NJ
SOCIAL_004255,2025-01-02,CA
SOCIAL_004256,2025-01-02,AR
SOCIAL_004257,2025-01-03,NJ
SOCIAL_004258,2025-01-03,FL
SOCIAL_004259,2025-01-03,OK
SOCIAL_004260,2025-01-03,TX
SOCIAL_004261,2025-01-03,MN
SOCIAL_004262,2025-01-03,FL
SOCIAL_004263,2025-01-03,GA
SOCIAL_004264,2025-01-05,OH
SOCIAL_004265,2025-01-06,CO
SOCIAL_004266,2025-01-06,MI
SOCIAL_004267,2025-01-06,OR
SOCIAL_004268,2025-01-07,NY
SOCIAL_004269,2025-01-07,FL
SOCIAL_004270,2025-01-07,CO
SOCIAL_004271,2025-01-07,VA
SOCIAL_004272,2025-01-07,NJ
SOCIAL_004273,2025-01-07,CA
SOCIAL_004274,2025-01-08,UT
SOCIAL_004275,2025-01-08,CA
SOCIAL_004276,2025-01-08,PA
SOCIAL_004277,2025-01-08,NC
SOCIAL_004278,2025-01-08,IL
SOCIAL_004279,2025-01-09,GA
SOCIAL_004280,2025-01-09,FL
SOCIAL_004281,2025-01-09,KS
SOCIAL_004282,2025-01-09,TX
SOCIAL_004283,2025-01-09,LA
SOCIAL_004284,2025-01-09,CA
SOCIAL_004285,2025-01-09,MA
SOCIAL_004286,2025-01-09,KY
SOCIAL_004287,2025-01-09,TX
SOCIAL_004288,2025-01-09,IL
SOCIAL_004289,2025-01-10,UT
SOCIAL_004290,2025-01-10,DC
SOCIAL_004291,2025-01-10,IN
SOCIAL_004292,2025-01-11,MN
SOCIAL_004293,2025-01-11,KY
SOCIAL_004294,2025-01-11,NC
SOCIAL_004295,2025-01-11,IL
SOCIAL_004296,2025-01-11,FL
SOCIAL_004297,2025-01-12,NY
SOCIAL_004298,2025-01-12,MN
SOCIAL_004299,2025-01-12,TX
SOCIAL_004300,2025-01-12,WV
SOCIAL_004301,2025-01-12,MO
SOCIAL_004302,2025-01-12,SC
SOCIAL_004303,2025-01-12,AZ
SOCIAL_004304,2025-01-12,GA
SOCIAL_004305,2025-01-12,MO
SOCIAL_004306,2025-01-12,AL
SOCIAL_004307,2025-01-13,WV
SOCIAL_004308,2025-01-13,OH
SOCIAL_004309,2025-01-13,NY
SOCIAL_004310,2025-01-14,CO
SOCIAL_004311,2025-01-14,NC
SOCIAL_004312,2025-01-14,NC
SOCIAL_004313,2025-01-15,TN
SOCIAL_004314,2025-01-15,OH
SOCIAL_004315,2025-01-15,OH
SOCIAL_004316,2025-01-15,NH
SOCIAL_004317,2025-01-15,FL
SOCIAL_004318,2025-01-15,AL
SOCIAL_004319,2025-01-15,VA
SOCIAL_004320,2025-01-15,CA
SOCIAL_004321,2025-01-16,CA
SOCIAL_004322,2025-01-16,FL
SOCIAL_004323,2025-01-16,FL
SOCIAL_004324,2025-01-17,FL
SOCIAL_004325,2025-01-17,VT
SOCIAL_004326,2025-01-17,MD
SOCIAL_004327,2025-01-17,PA
SOCIAL_004328,2025-01-17,SC
SOCIAL_004329,2025-01-17,CA
SOCIAL_004330,2025-01-17,WI
SOCIAL_004331,2025-01-17,AR
SOCIAL_004332,2025-01-17,AZ
SOCIAL_004333,2025-01-17,KS
SOCIAL_004334,2025-01-18,NY
SOCIAL_004335,2025-01-18,KS
SOCIAL_004336,2025-01-18,UT
SOCIAL_004337,2025-01-18,UT
SOCIAL_004338,2025-01-18,MI
SOCIAL_004339,2025-01-18,PA
SOCIAL_004340,2025-01-19,WA
SOCIAL_004341,2025-01-19,TX
SOCIAL_004342,2025-01-19,TX
SOCIAL_004343,2025-01-19,TX
SOCIAL_004344,2025-01-19,GA
SOCIAL_004345,2025-01-20,FL
SOCIAL_004346,2025-01-20,MD
SOCIAL_004347,2025-01-20,NY
SOCIAL_004348,2025-01-20,TX
SOCIAL_004349,2025-01-20,VA
SOCIAL_004350,2025-01-20,PA
SOCIAL_004351,2025-01-20,CA
SOCIAL_004352,2025-01-20,CA
SOCIAL_004353,2025-01-21,OK
SOCIAL_004354,2025-01-21,MA
SOCIAL_004355,2025-01-21,AL
SOCIAL_004356,2025-01-22,IL
SOCIAL_004357,2025-01-22,TX
SOCIAL_004358,2025-01-22,GA
SOCIAL_004359,2025-01-22,IL
SOCIAL_004360,2025-01-22,OH
SOCIAL_004361,2025-01-22,CA
SOCIAL_004362,2025-01-22,OR
SOCIAL_004363,2025-01-22,CA
SOCIAL_004364,2025-01-22,FL
SOCIAL_004365,2025-01-23,TX
SOCIAL_004366,2025-01-23,TN
SOCIAL_004367,2025-01-23,TX
SOCIAL_004368,2025-01-23,IN
SOCIAL_004369,2025-01-23,MD
SOCIAL_004370,2025-01-23,VA
SOCIAL_004371,2025-01-23,HI
SOCIAL_004372,2025-01-23,NJ
SOCIAL_004373,2025-01-23,KY
SOCIAL_004374,2025-01-24,TX
SOCIAL_004375,2025-01-25,UT
SOCIAL_004376,2025-01-25,WI
SOCIAL_004377,2025-01-25,MA
SOCIAL_004378,2025-01-25,AZ
SOCIAL_004379,2025-01-25,PA
SOCIAL_004380,2025-01-25,CT
SOCIAL_004381,2025-01-25,IN
SOCIAL_004382,2025-01-25,CA
SOCIAL_004383,2025-01-25,NJ
SOCIAL_004384,2025-01-26,CO
SOCIAL_004385,2025-01-26,FL
SOCIAL_004386,2025-01-27,NC
SOCIAL_004387,2025-01-27,MO
SOCIAL_004388,2025-01-27,CA
SOCIAL_004389,2025-01-27,NY
SOCIAL_004390,2025-01-27,OH
SOCIAL_004391,2025-01-27,NY
SOCIAL_004392,2025-01-27,PA
SOCIAL_004393,2025-01-28,NY
SOCIAL_004394,2025-01-28,GA
SOCIAL_004395,2025-01-28,SC
SOCIAL_004396,2025-01-29,NJ
SOCIAL_004397,2025-01-29,FL
SOCIAL_004398,2025-01-29,NM
SOCIAL_004399,2025-01-29,PA
SOCIAL_004400,2025-01-29,FL
SOCIAL_004401,2025-01-29,TN
SOCIAL_004402,2025-01-29,CA
SOCIAL_004403,2025-01-29,FL
SOCIAL_004404,2025-01-29,MI
SOCIAL_004405,2025-01-30,UT
SOCIAL_004406,2025-01-30,CA
SOCIAL_004407,2025-01-30,IA
SOCIAL_004408,2025-01-31,CA
SOCIAL_004409,2025-01-31,OH
SOCIAL_004410,2025-01-31,AZ
SOCIAL_004411,2025-01-31,AZ
SOCIAL_004412,2025-01-31,FL
SOCIAL_004413,2025-01-31,NC
SOCIAL_004414,2025-01-31,IA
SOCIAL_004415,2025-02-01,FL
SOCIAL_004416,2025-02-01,CA
SOCIAL_004417,2025-02-02,TX
SOCIAL_004418,2025-02-02,WA
SOCIAL_004419,2025-02-02,NY
SOCIAL_004420,2025-02-02,VA
SOCIAL_004421,2025-02-02,HI
SOCIAL_004422,2025-02-03,TX
SOCIAL_004423,2025-02-03,CO
SOCIAL_004424,2025-02-03,IL
SOCIAL_004425,2025-02-03,CA
SOCIAL_004426,2025-02-03,MA
SOCIAL_004427,2025-02-04,NV
SOCIAL_004428,2025-02-04,NY
SOCIAL_004429,2025-02-04,NY
SOCIAL_004430,2025-02-04,IN
SOCIAL_004431,2025-02-04,NY
SOCIAL_004432,2025-02-04,IN
SOCIAL_004433,2025-02-04,CO
SOCIAL_004434,2025-02-04,CO
SOCIAL_004435,2025-02-04,CA
SOCIAL_004436,2025-02-05,FL
SOCIAL_004437,2025-02-05,IL
SOCIAL_004438,2025-02-05,FL
SOCIAL_004439,2025-02-05,TN
SOCIAL_004440,2025-02-05,CA
SOCIAL_004441,2025-02-05,TN
SOCIAL_004442,2025-02-05,WA
SOCIAL_004443,2025-02-05,MI
SOCIAL_004444,2025-02-05,CO
SOCIAL_004445,2025-02-05,NC
SOCIAL_004446,2025-02-06,CA
SOCIAL_004447,2025-02-06,NY
SOCIAL_004448,2025-02-06,CA
SOCIAL_004449,2025-02-06,IL
SOCIAL_004450,2025-02-06,MI
SOCIAL_004451,2025-02-06,PA
SOCIAL_004452,2025-02-06,LA
SOCIAL_004453,2025-02-06,WI
SOCIAL_004454,2025-02-07,MD
SOCIAL_004455,2025-02-07,MN
SOCIAL_004456,2025-02-07,CA
SOCIAL_004457,2025-02-07,GA
SOCIAL_004458,2025-02-07,TX
SOCIAL_004459,2025-02-08,TX
SOCIAL_004460,2025-02-08,IL
SOCIAL_004461,2025-02-10,GA
SOCIAL_004462,2025-02-10,OH
SOCIAL_004463,2025-02-10,NY
SOCIAL_004464,2025-02-10,NY
SOCIAL_004465,2025-02-10,LA
SOCIAL_004466,2025-02-10,AZ
SOCIAL_004467,2025-02-10,TX
SOCIAL_004468,2025-02-11,OK
SOCIAL_004469,2025-02-11,TN
SOCIAL_004470,2025-02-11,CO
SOCIAL_004471,2025-02-11,MI
SOCIAL_004472,2025-02-11,MI
SOCIAL_004473,2025-02-11,NY
SOCIAL_004474,2025-02-11,NJ
SOCIAL_004475,2025-02-12,AZ
SOCIAL_004476,2025-02-12,CO
SOCIAL_004477,2025-02-13,CA
SOCIAL_004478,2025-02-13,NJ
SOCIAL_004479,2025-02-13,NY
SOCIAL_004480,2025-02-13,WI
SOCIAL_004481,2025-02-13,MA
SOCIAL_004482,2025-02-13,OK
SOCIAL_004483,2025-02-13,NJ
SOCIAL_004484,2025-02-13,OH
SOCIAL_004485,2025-02-14,MS
SOCIAL_004486,2025-02-14,CA
SOCIAL_004487,2025-02-14,VA
SOCIAL_004488,2025-02-14,VA
SOCIAL_004489,2025-02-14,NC
SOCIAL_004490,2025-02-14,NC
SOCIAL_004491,2025-02-14,OH
SOCIAL_004492,2025-02-15,FL
SOCIAL_004493,2025-02-15,CA
SOCIAL_004494,2025-02-15,IA
SOCIAL_004495,2025-02-16,MD
SOCIAL_004496,2025-02-16,CO
SOCIAL_004497,2025-02-16,CA
SOCIAL_004498,2025-02-17,VA
SOCIAL_004499,2025-02-17,MN
SOCIAL_004500,2025-02-17,NY
SOCIAL_004501,2025-02-17,CA
SOCIAL_004502,2025-02-17,IL
SOCIAL_004503,2025-02-17,CA
SOCIAL_004504,2025-02-18,IA
SOCIAL_004505,2025-02-18,NM
SOCIAL_004506,2025-02-18,OH
SOCIAL_004507,2025-02-19,PA
SOCIAL_004508,2025-02-19,CA
SOCIAL_004509,2025-02-19,AZ
SOCIAL_004510,2025-02-19,NC
SOCIAL_004511,2025-02-19,MD
SOCIAL_004512,2025-02-19,MT
SOCIAL_004513,2025-02-19,MA
SOCIAL_004514,2025-02-20,NJ
SOCIAL_004515,2025-02-20,AZ
SOCIAL_004516,2025-02-20,NY
SOCIAL_004517,2025-02-20,NY
SOCIAL_004518,2025-02-20,OH
SOCIAL_004519,2025-02-20,MI
SOCIAL_004520,2025-02-20,WA
SOCIAL_004521,2025-02-21,NC
SOCIAL_004522,2025-02-21,KS
SOCIAL_004523,2025-02-21,MS
SOCIAL_004524,2025-02-21,VA
SOCIAL_004525,2025-02-21,CA
SOCIAL_004526,2025-02-22,NY
SOCIAL_004527,2025-02-22,TX
SOCIAL_004528,2025-02-22,ND
SOCIAL_004529,2025-02-22,NV
SOCIAL_004530,2025-02-22,IL
SOCIAL_004531,2025-02-22,CA
SOCIAL_004532,2025-02-23,MI
SOCIAL_004533,2025-02-23,TN
SOCIAL_004534,2025-02-23,WA
SOCIAL_004535,2025-02-23,VA
SOCIAL_004536,2025-02-23,TN
SOCIAL_004537,2025-02-23,MD
SOCIAL_004538,2025-02-23,CA
SOCIAL_004539,2025-02-23,AZ
SOCIAL_004540,2025-02-24,KY
SOCIAL_004541,2025-02-26,GA
SOCIAL_004542,2025-02-26,NC
SOCIAL_004543,2025-02-26,NJ
SOCIAL_004544,2025-02-26,TX
SOCIAL_004545,2025-02-27,AL
SOCIAL_004546,2025-02-27,CA
SOCIAL_004547,2025-02-27,KY
SOCIAL_004548,2025-02-28,NV
SOCIAL_004549,2025-02-28,SC
SOCIAL_004550,2025-02-28,WI
SOCIAL_004551,2025-02-28,OK
SOCIAL_004552,2025-02-28,KY
SOCIAL_004553,2025-02-28,TX
SOCIAL_004554,2025-03-01,GA
SOCIAL_004555,2025-03-01,FL
SOCIAL_004556,2025-03-01,WI
SOCIAL_004557,2025-03-02,NJ
SOCIAL_004558,2025-03-02,TN
SOCIAL_004559,2025-03-02,IA
SOCIAL_004560,2025-03-02,OK
SOCIAL_004561,2025-03-02,TX
SOCIAL_004562,2025-03-02,LA
SOCIAL_004563,2025-03-02,MO
SOCIAL_004564,2025-03-03,AR
SOCIAL_004565,2025-03-03,MS
SOCIAL_004566,2025-03-03,CA
SOCIAL_004567,2025-03-03,FL
SOCIAL_004568,2025-03-03,CA
SOCIAL_004569,2025-03-03,MI
SOCIAL_004570,2025-03-03,GA
SOCIAL_004571,2025-03-03,FL
SOCIAL_004572,2025-03-03,NJ
SOCIAL_004573,2025-03-04,TN
SOCIAL_004574,2025-03-04,IL
SOCIAL_004575,2025-03-04,OH
SOCIAL_004576,2025-03-04,IL
SOCIAL_004577,2025-03-05,MS
SOCIAL_004578,2025-03-05,TX
SOCIAL_004579,2025-03-05,CA
SOCIAL_004580,2025-03-05,NC
SOCIAL_004581,2025-03-05,FL
SOCIAL_004582,2025-03-05,FL
SOCIAL_004583,2025-03-05,CA
SOCIAL_004584,2025-03-06,PA
SOCIAL_004585,2025-03-06,IN
SOCIAL_004586,2025-03-06,NJ
SOCIAL_004587,2025-03-06,MO
SOCIAL_004588,2025-03-06,VA
SOCIAL_004589,2025-03-07,MT
SOCIAL_004590,2025-03-07,NY
SOCIAL_004591,2025-03-07,CA
SOCIAL_004592,2025-03-07,WI
SOCIAL_004593,2025-03-07,NY
SOCIAL_004594,2025-03-08,OH
SOCIAL_004595,2025-03-08,OH
SOCIAL_004596,2025-03-08,GA
SOCIAL_004597,2025-03-08,AZ
SOCIAL_004598,2025-03-08,IL
SOCIAL_004599,2025-03-08,FL
SOCIAL_004600,2025-03-08,CA
SOCIAL_004601,2025-03-09,MN
SOCIAL_004602,2025-03-09,MA
SOCIAL_004603,2025-03-09,NC
SOCIAL_004604,2025-03-09,IL
SOCIAL_004605,2025-03-09,PA
SOCIAL_004606,2025-03-09,MI
SOCIAL_004607,2025-03-09,IL
SOCIAL_004608,2025-03-09,VA
SOCIAL_004609,2025-03-09,IL
SOCIAL_004610,2025-03-09,MA
SOCIAL_004611,2025-03-10,NC
SOCIAL_004612,2025-03-10,LA
SOCIAL_004613,2025-03-10,IL
SOCIAL_004614,2025-03-10,OR
SOCIAL_004615,2025-03-10,WA
SOCIAL_004616,2025-03-10,NY
SOCIAL_004617,2025-03-11,NV
SOCIAL_004618,2025-03-11,MI
SOCIAL_004619,2025-03-11,TX
SOCIAL_004620,2025-03-11,IN
SOCIAL_004621,2025-03-11,WA
SOCIAL_004622,2025-03-11,NJ
SOCIAL_004623,2025-03-11,MD
SOCIAL_004624,2025-03-12,KS
SOCIAL_004625,2025-03-12,FL
SOCIAL_004626,2025-03-12,MN
SOCIAL_004627,2025-03-12,WA
SOCIAL_004628,2025-03-13,LA
SOCIAL_004629,2025-03-13,LA
SOCIAL_004630,2025-03-13,TX
SOCIAL_004631,2025-03-13,AL
SOCIAL_004632,2025-03-14,OH
SOCIAL_004633,2025-03-14,NY
SOCIAL_004634,2025-03-14,OH
SOCIAL_004635,2025-03-14,FL
SOCIAL_004636,2025-03-14,MI
SOCIAL_004637,2025-03-14,OR
SOCIAL_004638,2025-03-15,MN
SOCIAL_004639,2025-03-15,FL
SOCIAL_004640,2025-03-15,MN
SOCIAL_004641,2025-03-16,CA
SOCIAL_004642,2025-03-16,CA
SOCIAL_004643,2025-03-16,CO
SOCIAL_004644,2025-03-16,NJ
SOCIAL_004645,2025-03-16,FL
SOCIAL_004646,2025-03-16,GA
SOCIAL_004647,2025-03-16,FL
SOCIAL_004648,2025-03-16,CA
SOCIAL_004649,2025-03-16,CA
SOCIAL_004650,2025-03-17,OH
SOCIAL_004651,2025-03-17,NC
SOCIAL_004652,2025-03-17,IN
SOCIAL_004653,2025-03-17,MI
SOCIAL_004654,2025-03-17,CA
SOCIAL_004655,2025-03-17,FL
SOCIAL_004656,2025-03-17,CA
SOCIAL_004657,2025-03-17,IL
SOCIAL_004658,2025-03-17,FL
SOCIAL_004659,2025-03-17,MA
SOCIAL_004660,2025-03-17,NY
SOCIAL_004661,2025-03-18,MA
SOCIAL_004662,2025-03-18,CA
SOCIAL_004663,2025-03-18,AZ
SOCIAL_004664,2025-03-18,MO
SOCIAL_004665,2025-03-18,CA
SOCIAL_004666,2025-03-19,MA
SOCIAL_004667,2025-03-19,IN
SOCIAL_004668,2025-03-19,FL
SOCIAL_004669,2025-03-19,CA
SOCIAL_004670,2025-03-19,WA
SOCIAL_004671,2025-03-19,VA
SOCIAL_004672,2025-03-19,IL
SOCIAL_004673,2025-03-19,FL
SOCIAL_004674,2025-03-20,AR
SOCIAL_004675,2025-03-20,OR
SOCIAL_004676,2025-03-20,MO
SOCIAL_004677,2025-03-20,NJ
SOCIAL_004678,2025-03-20,CA
SOCIAL_004679,2025-03-20,CA
SOCIAL_004680,2025-03-20,NY
SOCIAL_004681,2025-03-21,IN
SOCIAL_004682,2025-03-21,FL
SOCIAL_004683,2025-03-21,NV
SOCIAL_004684,2025-03-21,MO
SOCIAL_004685,2025-03-21,AZ
SOCIAL_004686,2025-03-21,AZ
SOCIAL_004687,2025-03-22,CA
SOCIAL_004688,2025-03-22,VA
SOCIAL_004689,2025-03-22,NJ
SOCIAL_004690,2025-03-22,WI
SOCIAL_004691,2025-03-23,CA
SOCIAL_004692,2025-03-23,HI
SOCIAL_004693,2025-03-23,ID
SOCIAL_004694,2025-03-23,OR
SOCIAL_004695,2025-03-24,CA
SOCIAL_004696,2025-03-24,CA
SOCIAL_004697,2025-03-24,FL
SOCIAL_004698,2025-03-24,FL
SOCIAL_004699,2025-03-25,TX
SOCIAL_004700,2025-03-25,MI
SOCIAL_004701,2025-03-25,CA
SOCIAL_004702,2025-03-25,TX
SOCIAL_004703,2025-03-25,VA
SOCIAL_004704,2025-03-25,NE
SOCIAL_004705,2025-03-26,OK
SOCIAL_004706,2025-03-26,AR
SOCIAL_004707,2025-03-26,AK
SOCIAL_004708,2025-03-26,TN
SOCIAL_004709,2025-03-26,AZ
SOCIAL_004710,2025-03-26,TX
SOCIAL_004711,2025-03-26,TX
SOCIAL_004712,2025-03-26,NC
SOCIAL_004713,2025-03-26,MN
SOCIAL_004714,2025-03-26,CA
SOCIAL_004715,2025-03-27,NY
SOCIAL_004716,2025-03-27,FL
SOCIAL_004717,2025-03-27,NJ
SOCIAL_004718,2025-03-27,IL
SOCIAL_004719,2025-03-27,MO
SOCIAL_004720,2025-03-27,NH
SOCIAL_004721,2025-03-27,MI
SOCIAL_004722,2025-03-27,NC
SOCIAL_004723,2025-03-27,AZ
SOCIAL_004724,2025-03-27,IL
SOCIAL_004725,2025-03-27,NY
SOCIAL_004726,2025-03-28,MT
SOCIAL_004727,2025-03-28,CA
SOCIAL_004728,2025-03-28,VA
SOCIAL_004729,2025-03-28,GA
SOCIAL_004730,2025-03-28,NY
SOCIAL_004731,2025-03-28,FL
SOCIAL_004732,2025-03-28,PA
SOCIAL_004733,2025-03-28,MI
SOCIAL_004734,2025-03-29,KS
SOCIAL_004735,2025-03-29,WA
SOCIAL_004736,2025-03-29,AL
SOCIAL_004737,2025-03-30,MT
SOCIAL_004738,2025-03-30,MI
SOCIAL_004739,2025-03-30,MD
SOCIAL_004740,2025-03-30,TX
SOCIAL_004741,2025-03-30,MI
SOCIAL_004742,2025-03-30,CA
SOCIAL_004743,2025-03-30,MI
SOCIAL_004744,2025-03-30,WA
SOCIAL_004745,2025-03-31,FL
SOCIAL_004746,2025-03-31,CO
SOCIAL_004747,2025-03-31,TX
SOCIAL_004748,2025-04-01,CA
SOCIAL_004749,2025-04-01,AL
SOCIAL_004750,2025-04-01,TX
SOCIAL_004751,2025-04-01,GA
SOCIAL_004752,2025-04-01,NV
SOCIAL_004753,2025-04-01,CA
SOCIAL_004754,2025-04-02,FL
SOCIAL_004755,2025-04-02,CA
SOCIAL_004756,2025-04-02,NY
SOCIAL_004757,2025-04-02,MO
SOCIAL_004758,2025-04-02,CA
SOCIAL_004759,2025-04-02,CA
SOCIAL_004760,2025-04-02,FL
SOCIAL_004761,2025-04-02,FL
SOCIAL_004762,2025-04-02,MA
SOCIAL_004763,2025-04-02,NY
SOCIAL_004764,2025-04-03,IN
SOCIAL_004765,2025-04-03,TN
SOCIAL_004766,2025-04-03,TX
SOCIAL_004767,2025-04-03,NM
SOCIAL_004768,2025-04-03,GA
SOCIAL_004769,2025-04-03,VT
SOCIAL_004770,2025-04-03,NY
SOCIAL_004771,2025-04-03,NC
SOCIAL_004772,2025-04-03,FL
SOCIAL_004773,2025-04-03,MD
SOCIAL_004774,2025-04-04,VA
SOCIAL_004775,2025-04-04,IN
SOCIAL_004776,2025-04-04,CA
SOCIAL_004777,2025-04-04,GA
SOCIAL_004778,2025-04-04,TX
SOCIAL_004779,2025-04-04,PA
SOCIAL_004780,2025-04-04,NY
SOCIAL_004781,2025-04-05,SC
SOCIAL_004782,2025-04-05,MI
SOCIAL_004783,2025-04-05,VA
SOCIAL_004784,2025-04-06,FL
SOCIAL_004785,2025-04-06,CO
SOCIAL_004786,2025-04-06,LA
SOCIAL_004787,2025-04-07,TN
SOCIAL_004788,2025-04-07,CA
SOCIAL_004789,2025-04-07,IL
SOCIAL_004790,2025-04-07,OK
SOCIAL_004791,2025-04-08,OH
SOCIAL_004792,2025-04-08,CA
SOCIAL_004793,2025-04-08,IL
SOCIAL_004794,2025-04-08,TN
SOCIAL_004795,2025-04-08,GA
SOCIAL_004796,2025-04-08,IL
SOCIAL_004797,2025-04-08,NY
SOCIAL_004798,2025-04-09,GA
SOCIAL_004799,2025-04-09,TX
SOCIAL_004800,2025-04-09,NC
SOCIAL_004801,2025-04-09,MD
SOCIAL_004802,2025-04-09,IL
SOCIAL_004803,2025-04-09,CA
SOCIAL_004804,2025-04-10,OK
SOCIAL_004805,2025-04-10,CA
SOCIAL_004806,2025-04-10,TX
SOCIAL_004807,2025-04-10,TX
SOCIAL_004808,2025-04-10,FL
SOCIAL_004809,2025-04-11,VA
SOCIAL_004810,2025-04-11,TX
SOCIAL_004811,2025-04-11,AL
SOCIAL_004812,2025-04-11,CA
SOCIAL_004813,2025-04-11,NV
SOCIAL_004814,2025-04-12,TX
SOCIAL_004815,2025-04-12,CO
SOCIAL_004816,2025-04-12,AR
SOCIAL_004817,2025-04-12,MN
SOCIAL_004818,2025-04-12,MI
SOCIAL_004819,2025-04-12,MS
SOCIAL_004820,2025-04-12,MI
SOCIAL_004821,2025-04-12,CA
SOCIAL_004822,2025-04-12,GA
SOCIAL_004823,2025-04-12,OH
SOCIAL_004824,2025-04-12,MN
SOCIAL_004825,2025-04-12,WI
SOCIAL_004826,2025-04-13,FL
SOCIAL_004827,2025-04-13,TX
SOCIAL_004828,2025-04-13,NE
SOCIAL_004829,2025-04-13,CA
SOCIAL_004830,2025-04-13,TX
SOCIAL_004831,2025-04-13,NY
SOCIAL_004832,2025-04-14,MN
SOCIAL_004833,2025-04-14,NM
SOCIAL_004834,2025-04-14,MO
SOCIAL_004835,2025-04-14,PA
SOCIAL_004836,2025-04-14,NJ
SOCIAL_004837,2025-04-14,KY
SOCIAL_004838,2025-04-14,TX
SOCIAL_004839,2025-04-14,MN
SOCIAL_004840,2025-04-14,FL
SOCIAL_004841,2025-04-14,NC
SOCIAL_004842,2025-04-14,KS
SOCIAL_004843,2025-04-14,OH
SOCIAL_004844,2025-04-15,MD
SOCIAL_004845,2025-04-15,GA
SOCIAL_004846,2025-04-15,WI
SOCIAL_004847,2025-04-15,CA
SOCIAL_004848,2025-04-15,MI
SOCIAL_004849,2025-04-15,CA
SOCIAL_004850,2025-04-15,IN
SOCIAL_004851,2025-04-15,TX
SOCIAL_004852,2025-04-15,CT
SOCIAL_004853,2025-04-15,MI
SOCIAL_004854,2025-04-15,TX
SOCIAL_004855,2025-04-15,VA
SOCIAL_004856,2025-04-16,NY
SOCIAL_004857,2025-04-16,CA
SOCIAL_004858,2025-04-16,NJ
SOCIAL_004859,2025-04-17,PA
SOCIAL_004860,2025-04-17,PA
SOCIAL_004861,2025-04-18,CA
SOCIAL_004862,2025-04-18,LA
SOCIAL_004863,2025-04-18,KS
SOCIAL_004864,2025-04-18,TX
SOCIAL_004865,2025-04-18,AR
SOCIAL_004866,2025-04-18,CA
SOCIAL_004867,2025-04-18,CA
SOCIAL_004868,2025-04-19,IL
SOCIAL_004869,2025-04-19,PA
SOCIAL_004870,2025-04-20,TX
SOCIAL_004871,2025-04-20,TX
SOCIAL_004872,2025-04-21,MI
SOCIAL_004873,2025-04-21,CA
SOCIAL_004874,2025-04-21,CT
SOCIAL_004875,2025-04-21,ID
SOCIAL_004876,2025-04-21,GA
SOCIAL_004877,2025-04-21,NY
SOCIAL_004878,2025-04-21,OH
SOCIAL_004879,2025-04-22,UT
SOCIAL_004880,2025-04-22,CA
SOCIAL_004881,2025-04-22,WA
SOCIAL_004882,2025-04-22,LA
SOCIAL_004883,2025-04-22,OR
SOCIAL_004884,2025-04-22,OH
SOCIAL_004885,2025-04-22,WV
SOCIAL_004886,2025-04-22,FL
SOCIAL_004887,2025-04-23,NC
SOCIAL_004888,2025-04-23,CA
SOCIAL_004889,2025-04-23,AL
SOCIAL_004890,2025-04-23,NY
SOCIAL_004891,2025-04-23,MD
SOCIAL_004892,2025-04-23,CA
SOCIAL_004893,2025-04-23,PA
SOCIAL_004894,2025-04-24,WI
SOCIAL_004895,2025-04-24,MI
SOCIAL_004896,2025-04-24,CO
SOCIAL_004897,2025-04-24,CA
SOCIAL_004898,2025-04-25,NY
SOCIAL_004899,2025-04-25,NC
SOCIAL_004900,2025-04-25,OR
SOCIAL_004901,2025-04-25,OH
SOCIAL_004902,2025-04-25,WY
SOCIAL_004903,2025-04-25,NC
SOCIAL_004904,2025-04-25,CA
SOCIAL_004905,2025-04-25,GA
SOCIAL_004906,2025-04-26,NJ
SOCIAL_004907,2025-04-26,NJ
SOCIAL_004908,2025-04-26,MO
SOCIAL_004909,2025-04-26,MI
SOCIAL_004910,2025-04-26,FL
SOCIAL_004911,2025-04-26,TN
SOCIAL_004912,2025-04-26,NH
SOCIAL_004913,2025-04-26,TX
SOCIAL_004914,2025-04-26,TX
SOCIAL_004915,2025-04-27,CA
SOCIAL_004916,2025-04-27,LA
SOCIAL_004917,2025-04-27,OH
SOCIAL_004918,2025-04-27,NJ
SOCIAL_004919,2025-04-28,IN
SOCIAL_004920,2025-04-28,FL
SOCIAL_004921,2025-04-28,IA
SOCIAL_004922,2025-04-28,TX
SOCIAL_004923,2025-04-28,NE
SOCIAL_004924,2025-04-28,NJ
SOCIAL_004925,2025-04-28,CA
SOCIAL_004926,2025-04-28,NJ
SOCIAL_004927,2025-04-28,GA
SOCIAL_004928,2025-04-29,NC
SOCIAL_004929,2025-04-29,MN
SOCIAL_004930,2025-04-29,TX
SOCIAL_004931,2025-04-29,AZ
SOCIAL_004932,2025-04-29,CO
SOCIAL_004933,2025-04-29,MO
SOCIAL_004934,2025-04-30,CA
SOCIAL_004935,2025-04-30,WA
SOCIAL_004936,2025-04-30,SC
SOCIAL_004937,2025-04-30,KY
SOCIAL_004938,2025-04-30,CA
SOCIAL_004939,2025-04-30,OR
SOCIAL_004940,2025-04-30,HI
SOCIAL_004941,2025-04-30,CA
SOCIAL_004942,2025-05-01,IL
SOCIAL_004943,2025-05-01,IN
SOCIAL_004944,2025-05-01,MI
SOCIAL_004945,2025-05-01,NY
SOCIAL_004946,2025-05-01,FL
SOCIAL_004947,2025-05-01,CO
SOCIAL_004948,2025-05-02,FL
SOCIAL_004949,2025-05-02,FL
SOCIAL_004950,2025-05-02,WI
SOCIAL_004951,2025-05-02,AR
SOCIAL_004952,2025-05-02,NJ
SOCIAL_004953,2025-05-03,IN
SOCIAL_004954,2025-05-03,NC
SOCIAL_004955,2025-05-04,NY
SOCIAL_004956,2025-05-04,CA
SOCIAL_004957,2025-05-04,NC
SOCIAL_004958,2025-05-04,AK
SOCIAL_004959,2025-05-04,SC
SOCIAL_004960,2025-05-05,NY
SOCIAL_004961,2025-05-05,MO
SOCIAL_004962,2025-05-05,MI
SOCIAL_004963,2025-05-05,TN
SOCIAL_004964,2025-05-05,FL
SOCIAL_004965,2025-05-05,WA
SOCIAL_004966,2025-05-05,WA
SOCIAL_004967,2025-05-06,CA
SOCIAL_004968,2025-05-06,NY
SOCIAL_004969,2025-05-06,WI
SOCIAL_004970,2025-05-06,TX
SOCIAL_004971,2025-05-06,NY
SOCIAL_004972,2025-05-06,MS
SOCIAL_004973,2025-05-06,CT
SOCIAL_004974,2025-05-07,WI
SOCIAL_004975,2025-05-07,HI
SOCIAL_004976,2025-05-07,CA
SOCIAL_004977,2025-05-07,AR
SOCIAL_004978,2025-05-07,IL
SOCIAL_004979,2025-05-07,TX
SOCIAL_004980,2025-05-07,VA
SOCIAL_004981,2025-05-07,CA
SOCIAL_004982,2025-05-07,WA
SOCIAL_004983,2025-05-07,AL
SOCIAL_004984,2025-05-07,AL
SOCIAL_004985,2025-05-07,NJ
SOCIAL_004986,2025-05-07,WV
SOCIAL_004987,2025-05-07,MA
SOCIAL_004988,2025-05-08,NY
SOCIAL_004989,2025-05-08,FL
SOCIAL_004990,2025-05-08,PA
SOCIAL_004991,2025-05-08,CA
SOCIAL_004992,2025-05-08,IL
SOCIAL_004993,2025-05-08,AL
SOCIAL_004994,2025-05-08,KY
SOCIAL_004995,2025-05-08,MI
SOCIAL_004996,2025-05-09,MD
SOCIAL_004997,2025-05-09,MA
SOCIAL_004998,2025-05-09,MI
SOCIAL_004999,2025-05-09,MI
SOCIAL_005000,2025-05-09,NC
SOCIAL_005001,2025-05-10,FL
SOCIAL_005002,2025-05-10,IL
SOCIAL_005003,2025-05-10,MN
SOCIAL_005004,2025-05-10,CA
SOCIAL_005005,2025-05-10,FL
SOCIAL_005006,2025-05-11,TX
SOCIAL_005007,2025-05-11,NH
SOCIAL_005008,2025-05-11,MN
SOCIAL_005009,2025-05-11,CA
SOCIAL_005010,2025-05-12,NC
SOCIAL_005011,2025-05-12,GA
SOCIAL_005012,2025-05-12,WI
SOCIAL_005013,2025-05-12,TX
SOCIAL_005014,2025-05-12,MA
SOCIAL_005015,2025-05-12,NM
SOCIAL_005016,2025-05-12,WA
SOCIAL_005017,2025-05-12,OK
SOCIAL_005018,2025-05-12,VA
SOCIAL_005019,2025-05-13,GA
SOCIAL_005020,2025-05-13,OK
SOCIAL_005021,2025-05-13,LA
SOCIAL_005022,2025-05-13,CA
SOCIAL_005023,2025-05-13,KY
SOCIAL_005024,2025-05-13,IL
SOCIAL_005025,2025-05-13,WI
SOCIAL_005026,2025-05-13,NJ
SOCIAL_005027,2025-05-13,NY
SOCIAL_005028,2025-05-13,MI
SOCIAL_005029,2025-05-13,VA
SOCIAL_005030,2025-05-14,UT
SOCIAL_005031,2025-05-14,MD
SOCIAL_005032,2025-05-14,IL
SOCIAL_005033,2025-05-14,PA
SOCIAL_005034,2025-05-15,PA
SOCIAL_005035,2025-05-15,DE
SOCIAL_005036,2025-05-15,MO
SOCIAL_005037,2025-05-15,CA
SOCIAL_005038,2025-05-15,TX
SOCIAL_005039,2025-05-15,NM
SOCIAL_005040,2025-05-15,NJ
SOCIAL_005041,2025-05-15,CA
SOCIAL_005042,2025-05-15,MD
SOCIAL_005043,2025-05-15,WI
SOCIAL_005044,2025-05-15,CA
SOCIAL_005045,2025-05-15,CA
SOCIAL_005046,2025-05-15,VA
SOCIAL_005047,2025-05-16,NE
SOCIAL_005048,2025-05-16,MD
SOCIAL_005049,2025-05-16,IL
SOCIAL_005050,2025-05-16,GA
SOCIAL_005051,2025-05-17,PA
SOCIAL_005052,2025-05-17,AL
SOCIAL_005053,2025-05-17,WA
SOCIAL_005054,2025-05-17,NC
SOCIAL_005055,2025-05-17,FL
SOCIAL_005056,2025-05-18,NJ
SOCIAL_005057,2025-05-18,OH
SOCIAL_005058,2025-05-18,CO
SOCIAL_005059,2025-05-18,CA
SOCIAL_005060,2025-05-18,OK
SOCIAL_005061,2025-05-18,IL
SOCIAL_005062,2025-05-19,FL
SOCIAL_005063,2025-05-19,FL
SOCIAL_005064,2025-05-19,MA
SOCIAL_005065,2025-05-19,MA
SOCIAL_005066,2025-05-19,VA
SOCIAL_005067,2025-05-19,IL
SOCIAL_005068,2025-05-20,PA
SOCIAL_005069,2025-05-20,LA
SOCIAL_005070,2025-05-20,TX
SOCIAL_005071,2025-05-20,OH
SOCIAL_005072,2025-05-20,NC
SOCIAL_005073,2025-05-20,GA
SOCIAL_005074,2025-05-20,FL
SOCIAL_005075,2025-05-20,NY
SOCIAL_005076,2025-05-21,NJ
SOCIAL_005077,2025-05-21,SC
SOCIAL_005078,2025-05-21,KS
SOCIAL_005079,2025-05-21,CA
SOCIAL_005080,2025-05-21,VA
SOCIAL_005081,2025-05-21,TN
SOCIAL_005082,2025-05-21,AR
SOCIAL_005083,2025-05-21,TX
SOCIAL_005084,2025-05-21,CO
SOCIAL_005085,2025-05-21,CA
SOCIAL_005086,2025-05-21,IL
SOCIAL_005087,2025-05-21,MI
SOCIAL_005088,2025-05-22,FL
SOCIAL_005089,2025-05-22,UT
SOCIAL_005090,2025-05-22,MS
SOCIAL_005091,2025-05-22,VA
SOCIAL_005092,2025-05-22,UT
SOCIAL_005093,2025-05-22,MA
SOCIAL_005094,2025-05-23,SC
SOCIAL_005095,2025-05-23,IL
SOCIAL_005096,2025-05-23,MI
SOCIAL_005097,2025-05-23,IL
SOCIAL_005098,2025-05-23,IN
SOCIAL_005099,2025-05-23,IL
SOCIAL_005100,2025-05-24,FL
SOCIAL_005101,2025-05-25,TN
SOCIAL_005102,2025-05-25,KS
SOCIAL_005103,2025-05-25,NM
SOCIAL_005104,2025-05-25,IL
SOCIAL_005105,2025-05-25,MN
SOCIAL_005106,2025-05-25,NY
SOCIAL_005107,2025-05-26,NJ
SOCIAL_005108,2025-05-26,IL
SOCIAL_005109,2025-05-26,MD
SOCIAL_005110,2025-05-26,TX
SOCIAL_005111,2025-05-26,DE
SOCIAL_005112,2025-05-26,MI
SOCIAL_005113,2025-05-26,CA
SOCIAL_005114,2025-05-26,LA
SOCIAL_005115,2025-05-27,UT
SOCIAL_005116,2025-05-27,NC
SOCIAL_005117,2025-05-27,FL
SOCIAL_005118,2025-05-27,PA
SOCIAL_005119,2025-05-27,CA
SOCIAL_005120,2025-05-27,NJ
SOCIAL_005121,2025-05-27,CA
SOCIAL_005122,2025-05-28,TX
SOCIAL_005123,2025-05-28,CA
SOCIAL_005124,2025-05-28,CA
SOCIAL_005125,2025-05-28,MS
SOCIAL_005126,2025-05-28,TX
SOCIAL_005127,2025-05-28,CA
SOCIAL_005128,2025-05-28,NV
SOCIAL_005129,2025-05-28,MA
SOCIAL_005130,2025-05-29,KS
SOCIAL_005131,2025-05-29,FL
SOCIAL_005132,2025-05-29,WI
SOCIAL_005133,2025-05-29,TX
SOCIAL_005134,2025-05-30,OR
SOCIAL_005135,2025-05-30,CA
SOCIAL_005136,2025-05-30,OH
SOCIAL_005137,2025-05-30,CA
SOCIAL_005138,2025-05-30,PA
SOCIAL_005139,2025-05-31,CA
SOCIAL_005140,2025-05-31,FL
SOCIAL_005141,2025-05-31,CA
SOCIAL_005142,2025-05-31,TX
SOCIAL_005143,2025-06-01,FL
SOCIAL_005144,2025-06-01,ID
SOCIAL_005145,2025-06-02,NC
SOCIAL_005146,2025-06-02,OH
SOCIAL_005147,2025-06-02,TX
SOCIAL_005148,2025-06-02,MA
SOCIAL_005149,2025-06-02,OH
SOCIAL_005150,2025-06-02,CA
SOCIAL_005151,2025-06-02,AL
SOCIAL_005152,2025-06-02,MI
SOCIAL_005153,2025-06-02,IN
SOCIAL_005154,2025-06-02,TN
SOCIAL_005155,2025-06-02,IA
SOCIAL_005156,2025-06-02,CA
SOCIAL_005157,2025-06-04,MI
SOCIAL_005158,2025-06-04,CA
SOCIAL_005159,2025-06-04,CA
SOCIAL_005160,2025-06-04,MO
SOCIAL_005161,2025-06-04,KY
SOCIAL_005162,2025-06-04,MI
SOCIAL_005163,2025-06-04,TX
SOCIAL_005164,2025-06-04,VA
SOCIAL_005165,2025-06-04,GA
SOCIAL_005166,2025-06-04,FL
SOCIAL_005167,2025-06-04,TX
SOCIAL_005168,2025-06-04,NY
SOCIAL_005169,2025-06-04,KY
SOCIAL_005170,2025-06-04,NY
SOCIAL_005171,2025-06-05,IN
SOCIAL_005172,2025-06-05,OK
SOCIAL_005173,2025-06-05,KY
SOCIAL_005174,2025-06-05,KS
SOCIAL_005175,2025-06-05,OH
SOCIAL_005176,2025-06-05,CA
SOCIAL_005177,2025-06-06,CA
SOCIAL_005178,2025-06-06,CA
SOCIAL_005179,2025-06-06,GA
SOCIAL_005180,2025-06-06,CA
SOCIAL_005181,2025-06-06,CO
SOCIAL_005182,2025-06-07,OH
SOCIAL_005183,2025-06-07,CA
SOCIAL_005184,2025-06-07,IN
SOCIAL_005185,2025-06-08,IN
SOCIAL_005186,2025-06-08,NC
SOCIAL_005187,2025-06-09,AZ
SOCIAL_005188,2025-06-09,AL
SOCIAL_005189,2025-06-09,FL
SOCIAL_005190,2025-06-09,NJ
SOCIAL_005191,2025-06-09,NC
SOCIAL_005192,2025-06-10,MO
SOCIAL_005193,2025-06-10,WI
SOCIAL_005194,2025-06-10,FL
SOCIAL_005195,2025-06-10,NJ
SOCIAL_005196,2025-06-10,CO
SOCIAL_005197,2025-06-10,CO
SOCIAL_005198,2025-06-10,TX
SOCIAL_005199,2025-06-10,NC
SOCIAL_005200,2025-06-11,PA
SOCIAL_005201,2025-06-11,OH
SOCIAL_005202,2025-06-11,TX
SOCIAL_005203,2025-06-11,OR
SOCIAL_005204,2025-06-11,TX
SOCIAL_005205,2025-06-11,OK
SOCIAL_005206,2025-06-12,CA
SOCIAL_005207,2025-06-12,FL
SOCIAL_005208,2025-06-12,MD
SOCIAL_005209,2025-06-12,TX
SOCIAL_005210,2025-06-12,AZ
SOCIAL_005211,2025-06-12,PA
SOCIAL_005212,2025-06-12,TX
SOCIAL_005213,2025-06-12,OH
SOCIAL_005214,2025-06-12,CA
SOCIAL_005215,2025-06-13,NY
SOCIAL_005216,2025-06-13,ND
SOCIAL_005217,2025-06-13,CA
SOCIAL_005218,2025-06-13,MO
SOCIAL_005219,2025-06-13,FL
SOCIAL_005220,2025-06-13,IL
SOCIAL_005221,2025-06-14,IL
SOCIAL_005222,2025-06-14,CA
SOCIAL_005223,2025-06-14,MI
SOCIAL_005224,2025-06-14,MA
SOCIAL_005225,2025-06-15,NY
SOCIAL_005226,2025-06-15,GA
SOCIAL_005227,2025-06-16,LA
SOCIAL_005228,2025-06-16,IA
SOCIAL_005229,2025-06-16,IL
SOCIAL_005230,2025-06-16,OH
SOCIAL_005231,2025-06-16,CA
SOCIAL_005232,2025-06-16,CA
SOCIAL_005233,2025-06-16,OK
SOCIAL_005234,2025-06-16,IL
SOCIAL_005235,2025-06-16,OH
SOCIAL_005236,2025-06-17,NJ
SOCIAL_005237,2025-06-17,NM
SOCIAL_005238,2025-06-17,NY
SOCIAL_005239,2025-06-17,WI
SOCIAL_005240,2025-06-17,CA
SOCIAL_005241,2025-06-17,TX
SOCIAL_005242,2025-06-17,TX
SOCIAL_005243,2025-06-18,RI
SOCIAL_005244,2025-06-18,NM
SOCIAL_005245,2025-06-18,MN
SOCIAL_005246,2025-06-18,NY
SOCIAL_005247,2025-06-18,TX
SOCIAL_005248,2025-06-19,FL
SOCIAL_005249,2025-06-19,MN
SOCIAL_005250,2025-06-19,IN
SOCIAL_005251,2025-06-19,FL
SOCIAL_005252,2025-06-19,PA
SOCIAL_005253,2025-06-20,CA
SOCIAL_005254,2025-06-20,CA
SOCIAL_005255,2025-06-20,CA
SOCIAL_005256,2025-06-20,GA
SOCIAL_005257,2025-06-20,MN
SOCIAL_005258,2025-06-21,AZ
SOCIAL_005259,2025-06-21,FL
SOCIAL_005260,2025-06-21,CA
SOCIAL_005261,2025-06-22,TN
SOCIAL_005262,2025-06-22,CA
SOCIAL_005263,2025-06-22,TX
SOCIAL_005264,2025-06-22,CT
SOCIAL_005265,2025-06-22,CA
SOCIAL_005266,2025-06-23,IN
SOCIAL_005267,2025-06-23,WA
SOCIAL_005268,2025-06-23,PA
SOCIAL_005269,2025-06-23,WA
SOCIAL_005270,2025-06-23,IL
SOCIAL_005271,2025-06-23,IL
SOCIAL_005272,2025-06-23,IN
SOCIAL_005273,2025-06-23,CA
SOCIAL_005274,2025-06-23,CA
SOCIAL_005275,2025-06-23,CO
SOCIAL_005276,2025-06-23,TX
SOCIAL_005277,2025-06-23,VA
SOCIAL_005278,2025-06-23,IL
SOCIAL_005279,2025-06-23,OR
SOCIAL_005280,2025-06-24,IL
SOCIAL_005281,2025-06-24,NJ
SOCIAL_005282,2025-06-24,NV
SOCIAL_005283,2025-06-24,OH
SOCIAL_005284,2025-06-24,IA
SOCIAL_005285,2025-06-24,GA
SOCIAL_005286,2025-06-25,MI
SOCIAL_005287,2025-06-25,CA
SOCIAL_005288,2025-06-25,KS
SOCIAL_005289,2025-06-25,TX
SOCIAL_005290,2025-06-25,TX
SOCIAL_005291,2025-06-25,VT
SOCIAL_005292,2025-06-25,WI
SOCIAL_005293,2025-06-26,GA
SOCIAL_005294,2025-06-26,VA
SOCIAL_005295,2025-06-26,TX
SOCIAL_005296,2025-06-26,IL
SOCIAL_005297,2025-06-26,GA
SOCIAL_005298,2025-06-26,CT
SOCIAL_005299,2025-06-26,IL
SOCIAL_005300,2025-06-26,OH
SOCIAL_005301,2025-06-27,MO
SOCIAL_005302,2025-06-27,OH
SOCIAL_005303,2025-06-27,CA
SOCIAL_005304,2025-06-27,HI
SOCIAL_005305,2025-06-28,MO
SOCIAL_005306,2025-06-28,CA
SOCIAL_005307,2025-06-28,GA
SOCIAL_005308,2025-06-28,PA
SOCIAL_005309,2025-06-28,CA
SOCIAL_005310,2025-06-28,WA
SOCIAL_005311,2025-06-28,CT
SOCIAL_005312,2025-06-29,HI
SOCIAL_005313,2025-06-29,CA
SOCIAL_005314,2025-06-29,TX
SOCIAL_005315,2025-06-30,CA
SOCIAL_005316,2025-06-30,AZ
SOCIAL_005317,2025-06-30,SD
SOCIAL_005318,2025-06-30,PA
SOCIAL_005319,2025-06-30,NY
SOCIAL_005320,2025-07-01,FL
SOCIAL_005321,2025-07-01,LA
SOCIAL_005322,2025-07-01,VA
SOCIAL_005323,2025-07-01,NY
SOCIAL_005324,2025-07-01,NJ
SOCIAL_005325,2025-07-01,FL
SOCIAL_005326,2025-07-01,VA
SOCIAL_005327,2025-07-01,IN
SOCIAL_005328,2025-07-02,FL
SOCIAL_005329,2025-07-02,NY
SOCIAL_005330,2025-07-02,AR
SOCIAL_005331,2025-07-02,NY
SOCIAL_005332,2025-07-02,WA
SOCIAL_005333,2025-07-03,IL
SOCIAL_005334,2025-07-03,NE
SOCIAL_005335,2025-07-03,FL
SOCIAL_005336,2025-07-03,NJ
SOCIAL_005337,2025-07-03,PA
SOCIAL_005338,2025-07-03,FL
SOCIAL_005339,2025-07-03,MI
SOCIAL_005340,2025-07-04,TX
SOCIAL_005341,2025-07-04,CA
SOCIAL_005342,2025-07-04,NC
SOCIAL_005343,2025-07-04,IL
SOCIAL_005344,2025-07-05,PA
SOCIAL_005345,2025-07-05,PA
SOCIAL_005346,2025-07-05,AR
SOCIAL_005347,2025-07-05,MO
SOCIAL_005348,2025-07-05,OH
SOCIAL_005349,2025-07-06,FL
SOCIAL_005350,2025-07-06,MD
SOCIAL_005351,2025-07-06,MI
SOCIAL_005352,2025-07-06,IL
SOCIAL_005353,2025-07-06,NV
SOCIAL_005354,2025-07-06,NY
SOCIAL_005355,2025-07-06,NY
SOCIAL_005356,2025-07-06,TX
SOCIAL_005357,2025-07-07,WA
SOCIAL_005358,2025-07-07,GA
SOCIAL_005359,2025-07-07,TX
SOCIAL_005360,2025-07-07,FL
SOCIAL_005361,2025-07-07,AL
SOCIAL_005362,2025-07-07,FL
SOCIAL_005363,2025-07-07,CA
SOCIAL_005364,2025-07-08,OH
SOCIAL_005365,2025-07-08,MS
SOCIAL_005366,2025-07-08,VA
SOCIAL_005367,2025-07-08,IN
SOCIAL_005368,2025-07-08,TN
SOCIAL_005369,2025-07-08,KS
SOCIAL_005370,2025-07-09,CA
SOCIAL_005371,2025-07-09,TX
SOCIAL_005372,2025-07-09,IL
SOCIAL_005373,2025-07-09,FL
SOCIAL_005374,2025-07-09,WY
SOCIAL_005375,2025-07-09,GA
SOCIAL_005376,2025-07-09,TX
SOCIAL_005377,2025-07-09,WA
SOCIAL_005378,2025-07-10,CA
SOCIAL_005379,2025-07-10,PA
SOCIAL_005380,2025-07-10,MD
SOCIAL_005381,2025-07-10,NJ
SOCIAL_005382,2025-07-10,WI
SOCIAL_005383,2025-07-10,TX
SOCIAL_005384,2025-07-10,GA
SOCIAL_005385,2025-07-10,NV
SOCIAL_005386,2025-07-10,TN
SOCIAL_005387,2025-07-11,LA
SOCIAL_005388,2025-07-11,MA
SOCIAL_005389,2025-07-11,CA
SOCIAL_005390,2025-07-11,CA
SOCIAL_005391,2025-07-11,NY
SOCIAL_005392,2025-07-11,MN
SOCIAL_005393,2025-07-11,TN
SOCIAL_005394,2025-07-11,NJ
SOCIAL_005395,2025-07-11,AR
SOCIAL_005396,2025-07-11,OH
SOCIAL_005397,2025-07-11,NM
SOCIAL_005398,2025-07-11,NE
SOCIAL_005399,2025-07-12,MO
SOCIAL_005400,2025-07-12,CO
SOCIAL_005401,2025-07-12,OH
SOCIAL_005402,2025-07-13,CA
SOCIAL_005403,2025-07-13,OR
SOCIAL_005404,2025-07-13,TX
SOCIAL_005405,2025-07-14,TX
SOCIAL_005406,2025-07-14,OR
SOCIAL_005407,2025-07-14,TX
SOCIAL_005408,2025-07-14,OK
SOCIAL_005409,2025-07-14,MI
SOCIAL_005410,2025-07-14,TX
SOCIAL_005411,2025-07-14,UT
SOCIAL_005412,2025-07-15,MO
SOCIAL_005413,2025-07-15,CT
SOCIAL_005414,2025-07-15,TN
SOCIAL_005415,2025-07-15,MI
SOCIAL_005416,2025-07-15,IL
SOCIAL_005417,2025-07-16,TX
SOCIAL_005418,2025-07-17,CA
SOCIAL_005419,2025-07-17,WI
SOCIAL_005420,2025-07-17,TX
SOCIAL_005421,2025-07-17,CA
SOCIAL_005422,2025-07-17,MS
SOCIAL_005423,2025-07-17,MD
SOCIAL_005424,2025-07-19,MT
SOCIAL_005425,2025-07-19,OH
SOCIAL_005426,2025-07-19,IL
SOCIAL_005427,2025-07-20,TN
SOCIAL_005428,2025-07-20,AR
SOCIAL_005429,2025-07-20,WI
SOCIAL_005430,2025-07-20,LA
SOCIAL_005431,2025-07-20,GA
SOCIAL_005432,2025-07-20,IL
SOCIAL_005433,2025-07-20,WA
SOCIAL_005434,2025-07-20,IA
SOCIAL_005435,2025-07-20,AL
SOCIAL_005436,2025-07-21,AZ
SOCIAL_005437,2025-07-21,VA
SOCIAL_005438,2025-07-21,CA
SOCIAL_005439,2025-07-21,OR
SOCIAL_005440,2025-07-21,FL
SOCIAL_005441,2025-07-22,FL
SOCIAL_005442,2025-07-22,IN
SOCIAL_005443,2025-07-22,NY
SOCIAL_005444,2025-07-22,FL
SOCIAL_005445,2025-07-22,NC
SOCIAL_005446,2025-07-22,OR
SOCIAL_005447,2025-07-22,CA
SOCIAL_005448,2025-07-23,NJ
SOCIAL_005449,2025-07-23,MS
SOCIAL_005450,2025-07-23,CA
SOCIAL_005451,2025-07-23,PA
SOCIAL_005452,2025-07-24,TX
SOCIAL_005453,2025-07-24,VA
SOCIAL_005454,2025-07-25,CT
SOCIAL_005455,2025-07-25,PA
SOCIAL_005456,2025-07-25,UT
SOCIAL_005457,2025-07-25,TX
SOCIAL_005458,2025-07-25,MD
SOCIAL_005459,2025-07-25,MD
SOCIAL_005460,2025-07-25,MI
SOCIAL_005461,2025-07-25,RI
SOCIAL_005462,2025-07-26,FL
SOCIAL_005463,2025-07-26,IL
SOCIAL_005464,2025-07-26,MA
SOCIAL_005465,2025-07-26,GA
SOCIAL_005466,2025-07-26,NH
SOCIAL_005467,2025-07-27,FL
SOCIAL_005468,2025-07-27,GA
SOCIAL_005469,2025-07-27,MI
SOCIAL_005470,2025-07-28,PA
SOCIAL_005471,2025-07-28,IN
SOCIAL_005472,2025-07-28,MA
SOCIAL_005473,2025-07-28,AR
SOCIAL_005474,2025-07-28,FL
SOCIAL_005475,2025-07-28,PA
SOCIAL_005476,2025-07-28,NV
SOCIAL_005477,2025-07-29,IL
SOCIAL_005478,2025-07-29,CA
SOCIAL_005479,2025-07-29,MT
SOCIAL_005480,2025-07-30,CA
SOCIAL_005481,2025-07-30,CA
SOCIAL_005482,2025-07-30,MN
SOCIAL_005483,2025-07-30,CA
SOCIAL_005484,2025-07-30,NV
SOCIAL_005485,2025-07-30,PA
SOCIAL_005486,2025-07-30,CA
SOCIAL_005487,2025-07-31,FL
SOCIAL_005488,2025-07-31,GA
SOCIAL_005489,2025-07-31,CA
SOCIAL_005490,2025-07-31,TX
SOCIAL_005491,2025-07-31,CO
SOCIAL_005492,2025-08-01,KS
SOCIAL_005493,2025-08-01,WA
SOCIAL_005494,2025-08-01,MA
SOCIAL_005495,2025-08-01,VA
SOCIAL_005496,2025-08-01,KY
SOCIAL_005497,2025-08-02,TX
SOCIAL_005498,2025-08-02,MO
SOCIAL_005499,2025-08-02,MD
SOCIAL_005500,2025-08-02,OH
SOCIAL_005501,2025-08-03,NE
SOCIAL_005502,2025-08-03,MN
SOCIAL_005503,2025-08-03,MI
SOCIAL_005504,2025-08-03,KY
SOCIAL_005505,2025-08-04,GA
SOCIAL_005506,2025-08-04,MI
SOCIAL_005507,2025-08-04,CA
SOCIAL_005508,2025-08-04,RI
SOCIAL_005509,2025-08-04,FL
SOCIAL_005510,2025-08-04,VA
SOCIAL_005511,2025-08-04,TN
SOCIAL_005512,2025-08-04,CA
SOCIAL_005513,2025-08-04,KS
SOCIAL_005514,2025-08-04,NC
SOCIAL_005515,2025-08-05,TX
SOCIAL_005516,2025-08-05,NC
SOCIAL_005517,2025-08-05,NY
SOCIAL_005518,2025-08-05,FL
SOCIAL_005519,2025-08-05,VA
SOCIAL_005520,2025-08-06,FL
SOCIAL_005521,2025-08-06,TX
SOCIAL_005522,2025-08-06,TN
SOCIAL_005523,2025-08-06,OR
SOCIAL_005524,2025-08-06,CA
SOCIAL_005525,2025-08-06,PA
SOCIAL_005526,2025-08-06,CO
SOCIAL_005527,2025-08-06,NY
SOCIAL_005528,2025-08-07,OR
SOCIAL_005529,2025-08-07,FL
SOCIAL_005530,2025-08-07,FL
SOCIAL_005531,2025-08-07,AL
SOCIAL_005532,2025-08-07,MA
SOCIAL_005533,2025-08-07,FL
SOCIAL_005534,2025-08-07,NY
SOCIAL_005535,2025-08-08,NY
SOCIAL_005536,2025-08-08,SC
SOCIAL_005537,2025-08-08,TN
SOCIAL_005538,2025-08-08,CA
SOCIAL_005539,2025-08-08,FL
SOCIAL_005540,2025-08-08,NC
SOCIAL_005541,2025-08-09,CA
SOCIAL_005542,2025-08-09,NV
SOCIAL_005543,2025-08-09,AL
SOCIAL_005544,2025-08-09,WI
SOCIAL_005545,2025-08-09,GA
SOCIAL_005546,2025-08-10,MA
SOCIAL_005547,2025-08-10,CA
SOCIAL_005548,2025-08-10,LA
SOCIAL_005549,2025-08-10,CA
SOCIAL_005550,2025-08-10,MT
SOCIAL_005551,2025-08-10,CA
SOCIAL_005552,2025-08-10,OR
SOCIAL_005553,2025-08-11,IL
SOCIAL_005554,2025-08-11,MD
SOCIAL_005555,2025-08-11,IN
SOCIAL_005556,2025-08-11,OH
SOCIAL_005557,2025-08-11,MA
SOCIAL_005558,2025-08-11,PA
SOCIAL_005559,2025-08-11,NY
SOCIAL_005560,2025-08-11,MI
SOCIAL_005561,2025-08-11,NY
SOCIAL_005562,2025-08-11,TX
SOCIAL_005563,2025-08-12,AL
SOCIAL_005564,2025-08-12,MD
SOCIAL_005565,2025-08-12,MI
SOCIAL_005566,2025-08-12,FL
SOCIAL_005567,2025-08-12,LA
SOCIAL_005568,2025-08-12,IA
SOCIAL_005569,2025-08-12,CA
SOCIAL_005570,2025-08-12,UT
SOCIAL_005571,2025-08-12,GA
SOCIAL_005572,2025-08-13,NJ
SOCIAL_005573,2025-08-13,CA
SOCIAL_005574,2025-08-13,TX
SOCIAL_005575,2025-08-13,MO
SOCIAL_005576,2025-08-13,FL
SOCIAL_005577,2025-08-13,FL
SOCIAL_005578,2025-08-13,CA
SOCIAL_005579,2025-08-14,PA
SOCIAL_005580,2025-08-14,TX
SOCIAL_005581,2025-08-14,MA
SOCIAL_005582,2025-08-14,OR
SOCIAL_005583,2025-08-14,NY
SOCIAL_005584,2025-08-14,TN
SOCIAL_005585,2025-08-15,TX
SOCIAL_005586,2025-08-15,CA
SOCIAL_005587,2025-08-15,VA
SOCIAL_005588,2025-08-15,MA
SOCIAL_005589,2025-08-15,FL
SOCIAL_005590,2025-08-16,PA
SOCIAL_005591,2025-08-17,CA
SOCIAL_005592,2025-08-17,PA
SOCIAL_005593,2025-08-17,NY
SOCIAL_005594,2025-08-17,NE
SOCIAL_005595,2025-08-18,MA
SOCIAL_005596,2025-08-18,FL
SOCIAL_005597,2025-08-18,IN
SOCIAL_005598,2025-08-18,AZ
SOCIAL_005599,2025-08-18,CA
SOCIAL_005600,2025-08-18,AL
SOCIAL_005601,2025-08-18,TX
SOCIAL_005602,2025-08-18,MD
SOCIAL_005603,2025-08-18,PA
SOCIAL_005604,2025-08-19,IL
SOCIAL_005605,2025-08-19,CT
SOCIAL_005606,2025-08-19,PA
SOCIAL_005607,2025-08-19,CA
SOCIAL_005608,2025-08-19,CT
SOCIAL_005609,2025-08-19,MN
SOCIAL_005610,2025-08-19,AK
SOCIAL_005611,2025-08-19,MI
SOCIAL_005612,2025-08-19,TN
SOCIAL_005613,2025-08-19,GA
SOCIAL_005614,2025-08-19,WA
SOCIAL_005615,2025-08-20,CT
SOCIAL_005616,2025-08-20,NJ
SOCIAL_005617,2025-08-20,LA
SOCIAL_005618,2025-08-20,WA
SOCIAL_005619,2025-08-21,NY
SOCIAL_005620,2025-08-21,DE
SOCIAL_005621,2025-08-21,FL
SOCIAL_005622,2025-08-21,AL
SOCIAL_005623,2025-08-21,CA
SOCIAL_005624,2025-08-21,CA
SOCIAL_005625,2025-08-21,MD
SOCIAL_005626,2025-08-21,FL
SOCIAL_005627,2025-08-21,MN
SOCIAL_005628,2025-08-21,OK
SOCIAL_005629,2025-08-22,PA
SOCIAL_005630,2025-08-22,CT
SOCIAL_005631,2025-08-23,IL
SOCIAL_005632,2025-08-24,TX
SOCIAL_005633,2025-08-24,DC
SOCIAL_005634,2025-08-24,VA
SOCIAL_005635,2025-08-24,AK
SOCIAL_005636,2025-08-25,WA
SOCIAL_005637,2025-08-25,PA
SOCIAL_005638,2025-08-25,HI
SOCIAL_005639,2025-08-25,MN
SOCIAL_005640,2025-08-25,TX
SOCIAL_005641,2025-08-25,WI
SOCIAL_005642,2025-08-25,CA
SOCIAL_005643,2025-08-26,NY
SOCIAL_005644,2025-08-26,CA
SOCIAL_005645,2025-08-26,UT
SOCIAL_005646,2025-08-26,AZ
SOCIAL_005647,2025-08-26,CA
SOCIAL_005648,2025-08-26,NY
SOCIAL_005649,2025-08-26,CA
SOCIAL_005650,2025-08-27,FL
SOCIAL_005651,2025-08-27,SC
SOCIAL_005652,2025-08-27,IL
SOCIAL_005653,2025-08-27,SD
SOCIAL_005654,2025-08-27,TN
SOCIAL_005655,2025-08-27,CA
SOCIAL_005656,2025-08-27,KY
SOCIAL_005657,2025-08-27,GA
SOCIAL_005658,2025-08-28,LA
SOCIAL_005659,2025-08-28,ME
SOCIAL_005660,2025-08-28,CA
SOCIAL_005661,2025-08-28,NY
SOCIAL_005662,2025-08-28,CA
SOCIAL_005663,2025-08-28,GA
SOCIAL_005664,2025-08-28,MA
SOCIAL_005665,2025-08-29,FL
SOCIAL_005666,2025-08-29,MS
SOCIAL_005667,2025-08-29,CA
SOCIAL_005668,2025-08-29,NY
SOCIAL_005669,2025-08-29,TN
SOCIAL_005670,2025-08-29,PA
SOCIAL_005671,2025-08-30,PA
SOCIAL_005672,2025-08-30,NC
SOCIAL_005673,2025-08-30,AZ
SOCIAL_005674,2025-08-30,PA
SOCIAL_005675,2025-08-30,NC
SOCIAL_005676,2025-08-30,CT
SOCIAL_005677,2025-08-31,CA
SOCIAL_005678,2025-08-31,LA
SOCIAL_005679,2025-08-31,DE
SOCIAL_005680,2025-08-31,CA
SOCIAL_005681,2025-08-31,CA
SOCIAL_005682,2025-09-01,MO
SOCIAL_005683,2025-09-01,AZ
SOCIAL_005684,2025-09-01,CA
SOCIAL_005685,2025-09-01,IN
SOCIAL_005686,2025-09-01,NC
SOCIAL_005687,2025-09-02,TX
SOCIAL_005688,2025-09-02,MI
SOCIAL_005689,2025-09-02,ND
SOCIAL_005690,2025-09-02,NJ
SOCIAL_005691,2025-09-03,MA
SOCIAL_005692,2025-09-03,FL
SOCIAL_005693,2025-09-03,KY
SOCIAL_005694,2025-09-03,MI
SOCIAL_005695,2025-09-03,OH
SOCIAL_005696,2025-09-03,PA
SOCIAL_005697,2025-09-03,MA
SOCIAL_005698,2025-09-04,NY
SOCIAL_005699,2025-09-04,CA
SOCIAL_005700,2025-09-04,TX
SOCIAL_005701,2025-09-04,NY
SOCIAL_005702,2025-09-04,MI
SOCIAL_005703,2025-09-05,WA
SOCIAL_005704,2025-09-05,CA
SOCIAL_005705,2025-09-05,FL
SOCIAL_005706,2025-09-05,WI
SOCIAL_005707,2025-09-05,CA
SOCIAL_005708,2025-09-05,NC
SOCIAL_005709,2025-09-05,MI
SOCIAL_005710,2025-09-05,CA
SOCIAL_005711,2025-09-06,WA
SOCIAL_005712,2025-09-06,MO
SOCIAL_005713,2025-09-06,NJ
SOCIAL_005714,2025-09-06,MA
SOCIAL_005715,2025-09-06,PA
SOCIAL_005716,2025-09-07,TX
SOCIAL_005717,2025-09-08,AL
SOCIAL_005718,2025-09-08,PA
SOCIAL_005719,2025-09-08,KY
SOCIAL_005720,2025-09-08,AZ
SOCIAL_005721,2025-09-08,CA
SOCIAL_005722,2025-09-08,CA
SOCIAL_005723,2025-09-08,SC
SOCIAL_005724,2025-09-09,MD
SOCIAL_005725,2025-09-09,MD
SOCIAL_005726,2025-09-09,WI
SOCIAL_005727,2025-09-09,MD
SOCIAL_005728,2025-09-09,LA
SOCIAL_005729,2025-09-10,SC
SOCIAL_005730,2025-09-10,MI
SOCIAL_005731,2025-09-10,MA
SOCIAL_005732,2025-09-10,NY
SOCIAL_005733,2025-09-10,TX
SOCIAL_005734,2025-09-10,NJ
SOCIAL_005735,2025-09-10,IL
SOCIAL_005736,2025-09-10,IL
SOCIAL_005737,2025-09-10,AZ
SOCIAL_005738,2025-09-11,MO
SOCIAL_005739,2025-09-11,TX
SOCIAL_005740,2025-09-11,OR
SOCIAL_005741,2025-09-11,WA
SOCIAL_005742,2025-09-11,WI
SOCIAL_005743,2025-09-11,PA
SOCIAL_005744,2025-09-11,TN
SOCIAL_005745,2025-09-11,FL
SOCIAL_005746,2025-09-12,CT
SOCIAL_005747,2025-09-12,SC
SOCIAL_005748,2025-09-12,KY
SOCIAL_005749,2025-09-12,AK
SOCIAL_005750,2025-09-13,CA
SOCIAL_005751,2025-09-13,AR
SOCIAL_005752,2025-09-13,OR
SOCIAL_005753,2025-09-13,FL
SOCIAL_005754,2025-09-14,IL
SOCIAL_005755,2025-09-14,PA
SOCIAL_005756,2025-09-14,WA
SOCIAL_005757,2025-09-14,AL
SOCIAL_005758,2025-09-14,CA
SOCIAL_005759,2025-09-14,CA
SOCIAL_005760,2025-09-14,TX
SOCIAL_005761,2025-09-14,MA
SOCIAL_005762,2025-09-14,SC
SOCIAL_005763,2025-09-15,AZ
SOCIAL_005764,2025-09-15,MS
SOCIAL_005765,2025-09-15,AL
SOCIAL_005766,2025-09-16,MD
SOCIAL_005767,2025-09-16,VA
SOCIAL_005768,2025-09-16,CA
SOCIAL_005769,2025-09-16,IA
SOCIAL_005770,2025-09-17,OH
SOCIAL_005771,2025-09-17,IN
SOCIAL_005772,2025-09-17,MA
SOCIAL_005773,2025-09-17,MN
SOCIAL_005774,2025-09-17,AL
SOCIAL_005775,2025-09-17,MI
SOCIAL_005776,2025-09-17,IL
SOCIAL_005777,2025-09-17,NJ
SOCIAL_005778,2025-09-18,MO
SOCIAL_005779,2025-09-18,TX
SOCIAL_005780,2025-09-18,NM
SOCIAL_005781,2025-09-18,OH
SOCIAL_005782,2025-09-18,TX
SOCIAL_005783,2025-09-18,AL
SOCIAL_005784,2025-09-18,TX
SOCIAL_005785,2025-09-18,CA
SOCIAL_005786,2025-09-18,CA
SOCIAL_005787,2025-09-19,FL
SOCIAL_005788,2025-09-21,CA
SOCIAL_005789,2025-09-21,CO
SOCIAL_005790,2025-09-22,WA
SOCIAL_005791,2025-09-22,CA
SOCIAL_005792,2025-09-22,WA
SOCIAL_005793,2025-09-23,NY
SOCIAL_005794,2025-09-23,MI
SOCIAL_005795,2025-09-23,SC
SOCIAL_005796,2025-09-23,NJ
SOCIAL_005797,2025-09-23,CA
SOCIAL_005798,2025-09-23,IL
SOCIAL_005799,2025-09-24,CA
SOCIAL_005800,2025-09-24,WI
SOCIAL_005801,2025-09-24,DC
SOCIAL_005802,2025-09-24,CA
SOCIAL_005803,2025-09-24,PA
SOCIAL_005804,2025-09-24,MO
SOCIAL_005805,2025-09-24,MI
SOCIAL_005806,2025-09-24,CO
SOCIAL_005807,2025-09-24,CA
SOCIAL_005808,2025-09-24,GA
SOCIAL_005809,2025-09-24,TX
SOCIAL_005810,2025-09-24,TX
SOCIAL_005811,2025-09-25,OH
SOCIAL_005812,2025-09-25,CA
SOCIAL_005813,2025-09-25,TX
SOCIAL_005814,2025-09-25,AR
SOCIAL_005815,2025-09-25,NY
SOCIAL_005816,2025-09-25,NY
SOCIAL_005817,2025-09-25,MI
SOCIAL_005818,2025-09-26,ID
SOCIAL_005819,2025-09-26,IL
SOCIAL_005820,2025-09-26,MO
SOCIAL_005821,2025-09-27,NY
SOCIAL_005822,2025-09-28,AZ
SOCIAL_005823,2025-09-29,MD
SOCIAL_005824,2025-09-29,CT
SOCIAL_005825,2025-09-29,TX
SOCIAL_005826,2025-09-29,HI
SOCIAL_005827,2025-09-29,NY
SOCIAL_005828,2025-09-30,FL
SOCIAL_005829,2025-09-30,OH
SOCIAL_005830,2025-09-30,NH
SOCIAL_005831,2025-09-30,DE
SOCIAL_005832,2025-09-30,KY
SOCIAL_005833,2025-09-30,DC
SOCIAL_005834,2025-09-30,TX
SOCIAL_005835,2025-09-30,GA
SOCIAL_005836,2025-09-30,PA
SOCIAL_005837,2025-10-01,MA
SOCIAL_005838,2025-10-01,CA
SOCIAL_005839,2025-10-01,WI
SOCIAL_005840,2025-10-01,NJ
SOCIAL_005841,2025-10-01,NY
SOCIAL_005842,2025-10-01,NJ
SOCIAL_005843,2025-10-01,PA
SOCIAL_005844,2025-10-01,WA
SOCIAL_005845,2025-10-01,FL
SOCIAL_005846,2025-10-01,KS
SOCIAL_005847,2025-10-01,AL
SOCIAL_005848,2025-10-02,WY
SOCIAL_005849,2025-10-02,TN
SOCIAL_005850,2025-10-02,CO
SOCIAL_005851,2025-10-02,TX
SOCIAL_005852,2025-10-02,OR
SOCIAL_005853,2025-10-03,CA
SOCIAL_005854,2025-10-03,CA
SOCIAL_005855,2025-10-03,IN
SOCIAL_005856,2025-10-03,TN
SOCIAL_005857,2025-10-03,OK
SOCIAL_005858,2025-10-04,TN
SOCIAL_005859,2025-10-04,MS
SOCIAL_005860,2025-10-04,SC
SOCIAL_005861,2025-10-04,KY
SOCIAL_005862,2025-10-04,FL
SOCIAL_005863,2025-10-04,WA
SOCIAL_005864,2025-10-04,TX
SOCIAL_005865,2025-10-04,NC
SOCIAL_005866,2025-10-05,MI
SOCIAL_005867,2025-10-05,NY
SOCIAL_005868,2025-10-05,NJ
SOCIAL_005869,2025-10-05,MI
SOCIAL_005870,2025-10-05,OH
SOCIAL_005871,2025-10-05,CA
SOCIAL_005872,2025-10-05,MA
SOCIAL_005873,2025-10-06,MS
SOCIAL_005874,2025-10-06,TX
SOCIAL_005875,2025-10-06,FL
SOCIAL_005876,2025-10-06,MI
SOCIAL_005877,2025-10-06,TN
SOCIAL_005878,2025-10-06,CA
SOCIAL_005879,2025-10-06,NY
SOCIAL_005880,2025-10-06,TN
SOCIAL_005881,2025-10-06,NY
SOCIAL_005882,2025-10-06,NC
SOCIAL_005883,2025-10-06,TX
SOCIAL_005884,2025-10-07,CA
SOCIAL_005885,2025-10-07,MI
SOCIAL_005886,2025-10-07,TX
SOCIAL_005887,2025-10-07,VA
SOCIAL_005888,2025-10-07,KS
SOCIAL_005889,2025-10-07,TX
SOCIAL_005890,2025-10-08,NV
SOCIAL_005891,2025-10-08,ME
SOCIAL_005892,2025-10-08,LA
SOCIAL_005893,2025-10-08,VA
SOCIAL_005894,2025-10-08,TX
SOCIAL_005895,2025-10-08,FL
SOCIAL_005896,2025-10-08,AL
SOCIAL_005897,2025-10-09,CA
SOCIAL_005898,2025-10-09,RI
SOCIAL_005899,2025-10-09,CA
SOCIAL_005900,2025-10-09,WI
SOCIAL_005901,2025-10-09,GA
SOCIAL_005902,2025-10-10,TN
SOCIAL_005903,2025-10-10,TN
SOCIAL_005904,2025-10-10,FL
SOCIAL_005905,2025-10-10,AZ
SOCIAL_005906,2025-10-10,GA
SOCIAL_005907,2025-10-10,PA
SOCIAL_005908,2025-10-10,TX
SOCIAL_005909,2025-10-10,LA
SOCIAL_005910,2025-10-11,FL
SOCIAL_005911,2025-10-11,MS
SOCIAL_005912,2025-10-11,CA
SOCIAL_005913,2025-10-12,AZ
SOCIAL_005914,2025-10-12,NY
SOCIAL_005915,2025-10-12,MI
SOCIAL_005916,2025-10-13,PA
SOCIAL_005917,2025-10-13,AR
SOCIAL_005918,2025-10-13,TX
SOCIAL_005919,2025-10-13,NC
SOCIAL_005920,2025-10-13,MD
SOCIAL_005921,2025-10-14,LA
SOCIAL_005922,2025-10-14,MD
SOCIAL_005923,2025-10-14,VA
SOCIAL_005924,2025-10-14,PA
SOCIAL_005925,2025-10-14,SC
SOCIAL_005926,2025-10-14,TX
SOCIAL_005927,2025-10-14,CO
SOCIAL_005928,2025-10-14,OR
SOCIAL_005929,2025-10-15,IA
SOCIAL_005930,2025-10-15,MO
SOCIAL_005931,2025-10-16,MD
SOCIAL_005932,2025-10-16,MN
SOCIAL_005933,2025-10-16,WI
SOCIAL_005934,2025-10-17,MO
SOCIAL_005935,2025-10-17,MI
SOCIAL_005936,2025-10-17,AZ
SOCIAL_005937,2025-10-17,TN
SOCIAL_005938,2025-10-17,NC
SOCIAL_005939,2025-10-17,PA
SOCIAL_005940,2025-10-17,MO
SOCIAL_005941,2025-10-17,WV
SOCIAL_005942,2025-10-17,MI
SOCIAL_005943,2025-10-18,CA
SOCIAL_005944,2025-10-18,CA
SOCIAL_005945,2025-10-18,WA
SOCIAL_005946,2025-10-18,UT
SOCIAL_005947,2025-10-18,CA
SOCIAL_005948,2025-10-18,GA
SOCIAL_005949,2025-10-18,TX
SOCIAL_005950,2025-10-18,MA
SOCIAL_005951,2025-10-18,NY
SOCIAL_005952,2025-10-19,FL
SOCIAL_005953,2025-10-19,SC
SOCIAL_005954,2025-10-20,SC
SOCIAL_005955,2025-10-20,IN
SOCIAL_005956,2025-10-20,PA
SOCIAL_005957,2025-10-20,IL
SOCIAL_005958,2025-10-20,NC
SOCIAL_005959,2025-10-20,GA
SOCIAL_005960,2025-10-20,CA
SOCIAL_005961,2025-10-20,OR
SOCIAL_005962,2025-10-21,NJ
SOCIAL_005963,2025-10-21,AK
SOCIAL_005964,2025-10-21,ID
SOCIAL_005965,2025-10-21,MN
SOCIAL_005966,2025-10-21,IN
SOCIAL_005967,2025-10-22,KY
SOCIAL_005968,2025-10-22,WA
SOCIAL_005969,2025-10-22,PA
SOCIAL_005970,2025-10-22,MA
SOCIAL_005971,2025-10-22,SC
SOCIAL_005972,2025-10-22,OK
SOCIAL_005973,2025-10-22,NY
SOCIAL_005974,2025-10-22,FL
SOCIAL_005975,2025-10-22,CA
SOCIAL_005976,2025-10-23,NY
SOCIAL_005977,2025-10-23,OH
SOCIAL_005978,2025-10-23,SD
SOCIAL_005979,2025-10-23,AZ
SOCIAL_005980,2025-10-23,IL
SOCIAL_005981,2025-10-23,CO
SOCIAL_005982,2025-10-23,IL
SOCIAL_005983,2025-10-24,PA
SOCIAL_005984,2025-10-24,NV
SOCIAL_005985,2025-10-24,SC
SOCIAL_005986,2025-10-24,NC
SOCIAL_005987,2025-10-25,WA
SOCIAL_005988,2025-10-25,CA
SOCIAL_005989,2025-10-25,OH
SOCIAL_005990,2025-10-25,PA
SOCIAL_005991,2025-10-26,TX
SOCIAL_005992,2025-10-26,TX
SOCIAL_005993,2025-10-26,WA
SOCIAL_005994,2025-10-26,IL
SOCIAL_005995,2025-10-26,AZ
SOCIAL_005996,2025-10-27,NY
SOCIAL_005997,2025-10-27,GA
SOCIAL_005998,2025-10-27,IN
SOCIAL_005999,2025-10-27,NC
SOCIAL_006000,2025-10-27,FL
SOCIAL_006001,2025-10-27,NY
SOCIAL_006002,2025-10-27,PA
SOCIAL_006003,2025-10-28,TX
SOCIAL_006004,2025-10-28,NY
SOCIAL_006005,2025-10-28,CA
SOCIAL_006006,2025-10-28,KS
SOCIAL_006007,2025-10-28,CO
SOCIAL_006008,2025-10-29,NV
SOCIAL_006009,2025-10-29,CO
SOCIAL_006010,2025-10-29,CA
SOCIAL_006011,2025-10-29,OH
SOCIAL_006012,2025-10-29,FL
SOCIAL_006013,2025-10-30,PA
SOCIAL_006014,2025-10-30,AZ
SOCIAL_006015,2025-10-30,WI
SOCIAL_006016,2025-10-30,MO
SOCIAL_006017,2025-10-30,HI
SOCIAL_006018,2025-10-30,PA
SOCIAL_006019,2025-10-30,AK
SOCIAL_006020,2025-10-30,CA
SOCIAL_006021,2025-10-30,NJ
SOCIAL_006022,2025-10-31,CA
SOCIAL_006023,2025-10-31,MI
SOCIAL_006024,2025-10-31,TX
SOCIAL_006025,2025-10-31,KS
SOCIAL_006026,2025-10-31,FL
SOCIAL_006027,2025-11-01,TX
SOCIAL_006028,2025-11-01,TX
SOCIAL_006029,2025-11-01,TN
SOCIAL_006030,2025-11-01,OH
SOCIAL_006031,2025-11-02,GA
SOCIAL_006032,2025-11-02,KY
SOCIAL_006033,2025-11-03,MS
SOCIAL_006034,2025-11-03,TX
SOCIAL_006035,2025-11-03,HI
SOCIAL_006036,2025-11-03,CT
SOCIAL_006037,2025-11-03,VA
SOCIAL_006038,2025-11-03,MO
SOCIAL_006039,2025-11-04,MN
SOCIAL_006040,2025-11-04,FL
SOCIAL_006041,2025-11-04,OH
SOCIAL_006042,2025-11-04,WA
SOCIAL_006043,2025-11-04,SC
SOCIAL_006044,2025-11-04,MI
SOCIAL_006045,2025-11-04,MO
SOCIAL_006046,2025-11-04,IN
SOCIAL_006047,2025-11-04,IL
SOCIAL_006048,2025-11-05,NV
SOCIAL_006049,2025-11-05,NY
SOCIAL_006050,2025-11-05,NY
SOCIAL_006051,2025-11-05,CA
SOCIAL_006052,2025-11-05,AL
SOCIAL_006053,2025-11-05,AR
SOCIAL_006054,2025-11-05,AZ
SOCIAL_006055,2025-11-05,NC
SOCIAL_006056,2025-11-05,NY
SOCIAL_006057,2025-11-05,CA
SOCIAL_006058,2025-11-05,AZ
SOCIAL_006059,2025-11-05,FL
SOCIAL_006060,2025-11-06,NJ
SOCIAL_006061,2025-11-06,MN
SOCIAL_006062,2025-11-06,NY
SOCIAL_006063,2025-11-06,FL
SOCIAL_006064,2025-11-06,CA
SOCIAL_006065,2025-11-06,TX
SOCIAL_006066,2025-11-06,TN
SOCIAL_006067,2025-11-07,PA
SOCIAL_006068,2025-11-08,LA
SOCIAL_006069,2025-11-08,WA
SOCIAL_006070,2025-11-08,IN
SOCIAL_006071,2025-11-08,IL
SOCIAL_006072,2025-11-08,CA
SOCIAL_006073,2025-11-08,VA
SOCIAL_006074,2025-11-09,MD
SOCIAL_006075,2025-11-09,GA
SOCIAL_006076,2025-11-09,WI
SOCIAL_006077,2025-11-09,CO
SOCIAL_006078,2025-11-10,MO
SOCIAL_006079,2025-11-10,TX
SOCIAL_006080,2025-11-10,SC
SOCIAL_006081,2025-11-10,NJ
SOCIAL_006082,2025-11-10,CO
SOCIAL_006083,2025-11-10,IN
SOCIAL_006084,2025-11-10,VA
SOCIAL_006085,2025-11-10,FL
SOCIAL_006086,2025-11-10,NJ
SOCIAL_006087,2025-11-10,NY
SOCIAL_006088,2025-11-11,KS
SOCIAL_006089,2025-11-11,PA
SOCIAL_006090,2025-11-11,LA
SOCIAL_006091,2025-11-11,FL
SOCIAL_006092,2025-11-11,MA
SOCIAL_006093,2025-11-12,SC
SOCIAL_006094,2025-11-12,OH
SOCIAL_006095,2025-11-12,KY
SOCIAL_006096,2025-11-12,ID
SOCIAL_006097,2025-11-12,NJ
SOCIAL_006098,2025-11-13,WA
SOCIAL_006099,2025-11-13,OH
SOCIAL_006100,2025-11-13,CA
SOCIAL_006101,2025-11-13,NH
SOCIAL_006102,2025-11-13,MA
SOCIAL_006103,2025-11-13,NY
SOCIAL_006104,2025-11-13,TX
SOCIAL_006105,2025-11-14,OH
SOCIAL_006106,2025-11-14,TX
SOCIAL_006107,2025-11-14,NY
SOCIAL_006108,2025-11-14,NM
SOCIAL_006109,2025-11-14,TX
SOCIAL_006110,2025-11-15,CO
SOCIAL_006111,2025-11-15,CA
SOCIAL_006112,2025-11-15,GA
SOCIAL_006113,2025-11-15,IL
SOCIAL_006114,2025-11-15,AZ
SOCIAL_006115,2025-11-15,CA
SOCIAL_006116,2025-11-15,NY
SOCIAL_006117,2025-11-15,PA
SOCIAL_006118,2025-11-15,AZ
SOCIAL_006119,2025-11-16,OH
SOCIAL_006120,2025-11-16,MO
SOCIAL_006121,2025-11-17,WA
SOCIAL_006122,2025-11-17,LA
SOCIAL_006123,2025-11-17,CA
SOCIAL_006124,2025-11-17,LA
SOCIAL_006125,2025-11-17,HI
SOCIAL_006126,2025-11-17,TX
SOCIAL_006127,2025-11-17,TN
SOCIAL_006128,2025-11-17,PA
SOCIAL_006129,2025-11-18,WA
SOCIAL_006130,2025-11-18,FL
SOCIAL_006131,2025-11-18,CA
SOCIAL_006132,2025-11-18,NJ
SOCIAL_006133,2025-11-18,KY
SOCIAL_006134,2025-11-19,IL
SOCIAL_006135,2025-11-19,CA
SOCIAL_006136,2025-11-19,CA
SOCIAL_006137,2025-11-19,OH
SOCIAL_006138,2025-11-19,OH
SOCIAL_006139,2025-11-19,IL
SOCIAL_006140,2025-11-19,NJ
SOCIAL_006141,2025-11-19,NJ
SOCIAL_006142,2025-11-19,FL
SOCIAL_006143,2025-11-20,IL
SOCIAL_006144,2025-11-20,VA
SOCIAL_006145,2025-11-20,VA
SOCIAL_006146,2025-11-20,CA
SOCIAL_006147,2025-11-20,OH
SOCIAL_006148,2025-11-20,TX
SOCIAL_006149,2025-11-20,TN
SOCIAL_006150,2025-11-20,VT
SOCIAL_006151,2025-11-20,IL
SOCIAL_006152,2025-11-20,FL
SOCIAL_006153,2025-11-20,IL
SOCIAL_006154,2025-11-21,TX
SOCIAL_006155,2025-11-21,CA
SOCIAL_006156,2025-11-21,WA
SOCIAL_006157,2025-11-21,TX
SOCIAL_006158,2025-11-21,NC
SOCIAL_006159,2025-11-21,TX
SOCIAL_006160,2025-11-22,NY
SOCIAL_006161,2025-11-22,OK
SOCIAL_006162,2025-11-22,MN
SOCIAL_006163,2025-11-22,MA
SOCIAL_006164,2025-11-22,GA
SOCIAL_006165,2025-11-23,OR
SOCIAL_006166,2025-11-23,PA
SOCIAL_006167,2025-11-23,NH
SOCIAL_006168,2025-11-23,PA
SOCIAL_006169,2025-11-23,CT
SOCIAL_006170,2025-11-23,VA
SOCIAL_006171,2025-11-23,TX
SOCIAL_006172,2025-11-23,WA
SOCIAL_006173,2025-11-23,NC
SOCIAL_006174,2025-11-24,NC
SOCIAL_006175,2025-11-24,TX
SOCIAL_006176,2025-11-24,OK
SOCIAL_006177,2025-11-24,KS
SOCIAL_006178,2025-11-24,NY
SOCIAL_006179,2025-11-24,CA
SOCIAL_006180,2025-11-24,TX
SOCIAL_006181,2025-11-24,OR
SOCIAL_006182,2025-11-24,TX
SOCIAL_006183,2025-11-25,IL
SOCIAL_006184,2025-11-25,FL
SOCIAL_006185,2025-11-25,ID
SOCIAL_006186,2025-11-25,AL
SOCIAL_006187,2025-11-25,OR
SOCIAL_006188,2025-11-25,PA
SOCIAL_006189,2025-11-25,WI
SOCIAL_006190,2025-11-25,FL
SOCIAL_006191,2025-11-26,WI
SOCIAL_006192,2025-11-26,TN
SOCIAL_006193,2025-11-26,FL
SOCIAL_006194,2025-11-26,OH
SOCIAL_006195,2025-11-26,CA
SOCIAL_006196,2025-11-26,CA
SOCIAL_006197,2025-11-26,IN
SOCIAL_006198,2025-11-26,NY
SOCIAL_006199,2025-11-26,AZ
SOCIAL_006200,2025-11-26,HI
SOCIAL_006201,2025-11-27,MN
SOCIAL_006202,2025-11-27,FL
SOCIAL_006203,2025-11-27,GA
SOCIAL_006204,2025-11-28,IN
SOCIAL_006205,2025-11-28,LA
SOCIAL_006206,2025-11-28,OH
SOCIAL_006207,2025-11-28,IL
SOCIAL_006208,2025-11-28,NJ
SOCIAL_006209,2025-11-28,VA
SOCIAL_006210,2025-11-28,FL
SOCIAL_006211,2025-11-28,VA
SOCIAL_006212,2025-11-29,NY
SOCIAL_006213,2025-11-29,MS
SOCIAL_006214,2025-11-29,NM
SOCIAL_006215,2025-11-29,AZ
SOCIAL_006216,2025-11-29,MN
SOCIAL_006217,2025-11-29,WI
SOCIAL_006218,2025-11-30,GA
SOCIAL_006219,2025-11-30,PA
SOCIAL_006220,2025-11-30,OH
SOCIAL_006221,2025-11-30,NJ
SOCIAL_006222,2025-12-01,OH
SOCIAL_006223,2025-12-01,CA
SOCIAL_006224,2025-12-01,CA
SOCIAL_006225,2025-12-01,UT
SOCIAL_006226,2025-12-02,GA
SOCIAL_006227,2025-12-02,GA
SOCIAL_006228,2025-12-02,GA
SOCIAL_006229,2025-12-02,MO
SOCIAL_006230,2025-12-02,CT
SOCIAL_006231,2025-12-03,GA
SOCIAL_006232,2025-12-03,CA
SOCIAL_006233,2025-12-03,MS
SOCIAL_006234,2025-12-03,MI
SOCIAL_006235,2025-12-03,ME
SOCIAL_006236,2025-12-03,IL
SOCIAL_006237,2025-12-03,MD
SOCIAL_006238,2025-12-03,PA
SOCIAL_006239,2025-12-03,IL
SOCIAL_006240,2025-12-03,PA
SOCIAL_006241,2025-12-04,NY
SOCIAL_006242,2025-12-04,OK
SOCIAL_006243,2025-12-04,VA
SOCIAL_006244,2025-12-04,HI
SOCIAL_006245,2025-12-05,TX
SOCIAL_006246,2025-12-05,OH
SOCIAL_006247,2025-12-05,NJ
SOCIAL_006248,2025-12-06,AZ
SOCIAL_006249,2025-12-06,NC
SOCIAL_006250,2025-12-06,PA
SOCIAL_006251,2025-12-06,CA
SOCIAL_006252,2025-12-07,FL
SOCIAL_006253,2025-12-07,CA
SOCIAL_006254,2025-12-07,OH
SOCIAL_006255,2025-12-07,TN
SOCIAL_006256,2025-12-07,PA
SOCIAL_006257,2025-12-07,MN
SOCIAL_006258,2025-12-08,NY
SOCIAL_006259,2025-12-08,MD
SOCIAL_006260,2025-12-08,PA
SOCIAL_006261,2025-12-08,TX
SOCIAL_006262,2025-12-08,NC
SOCIAL_006263,2025-12-08,CA
SOCIAL_006264,2025-12-08,MI
SOCIAL_006265,2025-12-09,WA
SOCIAL_006266,2025-12-09,CA
SOCIAL_006267,2025-12-09,MO
SOCIAL_006268,2025-12-09,WI
SOCIAL_006269,2025-12-09,IL
SOCIAL_006270,2025-12-10,IA
SOCIAL_006271,2025-12-10,IN
SOCIAL_006272,2025-12-10,CA
SOCIAL_006273,2025-12-10,WI
SOCIAL_006274,2025-12-10,OR
SOCIAL_006275,2025-12-10,OH
SOCIAL_006276,2025-12-11,CO
SOCIAL_006277,2025-12-11,VA
SOCIAL_006278,2025-12-11,CA
SOCIAL_006279,2025-12-11,NY
SOCIAL_006280,2025-12-11,FL
SOCIAL_006281,2025-12-11,CA
SOCIAL_006282,2025-12-11,LA
SOCIAL_006283,2025-12-12,SD
SOCIAL_006284,2025-12-12,MI
SOCIAL_006285,2025-12-12,AK
SOCIAL_006286,2025-12-12,NY
SOCIAL_006287,2025-12-12,MA
SOCIAL_006288,2025-12-12,MO
SOCIAL_006289,2025-12-12,TX
SOCIAL_006290,2025-12-12,GA
SOCIAL_006291,2025-12-12,CA
SOCIAL_006292,2025-12-12,IL
SOCIAL_006293,2025-12-13,CA
SOCIAL_006294,2025-12-13,CA
SOCIAL_006295,2025-12-13,IL
SOCIAL_006296,2025-12-13,AZ
SOCIAL_006297,2025-12-14,MD
SOCIAL_006298,2025-12-14,CA
SOCIAL_006299,2025-12-14,GA
SOCIAL_006300,2025-12-14,PA
SOCIAL_006301,2025-12-15,TX
SOCIAL_006302,2025-12-15,MN
SOCIAL_006303,2025-12-15,WI
SOCIAL_006304,2025-12-15,KY
SOCIAL_006305,2025-12-15,KY
SOCIAL_006306,2025-12-16,NJ
SOCIAL_006307,2025-12-16,TN
SOCIAL_006308,2025-12-16,MS
SOCIAL_006309,2025-12-16,CA
SOCIAL_006310,2025-12-16,NY
SOCIAL_006311,2025-12-17,IN
SOCIAL_006312,2025-12-17,AZ
SOCIAL_006313,2025-12-17,CT
SOCIAL_006314,2025-12-17,UT
SOCIAL_006315,2025-12-17,TX
SOCIAL_006316,2025-12-18,CA
SOCIAL_006317,2025-12-18,TX
SOCIAL_006318,2025-12-18,MN
SOCIAL_006319,2025-12-18,WA
SOCIAL_006320,2025-12-18,MO
SOCIAL_006321,2025-12-18,MI
SOCIAL_006322,2025-12-18,OH
SOCIAL_006323,2025-12-19,OR
SOCIAL_006324,2025-12-19,TX
SOCIAL_006325,2025-12-19,AR
SOCIAL_006326,2025-12-19,FL
SOCIAL_006327,2025-12-19,NM
SOCIAL_006328,2025-12-19,NY
SOCIAL_006329,2025-12-19,CA
SOCIAL_006330,2025-12-19,CA
SOCIAL_006331,2025-12-19,IN
SOCIAL_006332,2025-12-19,CA
SOCIAL_006333,2025-12-19,TX
SOCIAL_006334,2025-12-19,GA
SOCIAL_006335,2025-12-19,IL
SOCIAL_006336,2025-12-19,GA
SOCIAL_006337,2025-12-19,AL
SOCIAL_006338,2025-12-20,TX
SOCIAL_006339,2025-12-20,AZ
SOCIAL_006340,2025-12-20,NE
SOCIAL_006341,2025-12-20,NJ
SOCIAL_006342,2025-12-20,OH
SOCIAL_006343,2025-12-20,IL
SOCIAL_006344,2025-12-20,TN
SOCIAL_006345,2025-12-20,NJ
SOCIAL_006346,2025-12-20,TX
SOCIAL_006347,2025-12-20,HI
SOCIAL_006348,2025-12-20,UT
SOCIAL_006349,2025-12-20,MI
SOCIAL_006350,2025-12-21,PA
SOCIAL_006351,2025-12-21,IL
SOCIAL_006352,2025-12-21,MA
SOCIAL_006353,2025-12-21,NM
SOCIAL_006354,2025-12-22,OK
SOCIAL_006355,2025-12-22,AZ
SOCIAL_006356,2025-12-22,FL
SOCIAL_006357,2025-12-22,MD
SOCIAL_006358,2025-12-22,MN
SOCIAL_006359,2025-12-22,WA
SOCIAL_006360,2025-12-22,FL
SOCIAL_006361,2025-12-22,LA
SOCIAL_006362,2025-12-22,WA
SOCIAL_006363,2025-12-23,PA
SOCIAL_006364,2025-12-23,CA
SOCIAL_006365,2025-12-23,MS
SOCIAL_006366,2025-12-23,ND
SOCIAL_006367,2025-12-23,NY
SOCIAL_006368,2025-12-23,MI
SOCIAL_006369,2025-12-23,NY
SOCIAL_006370,2025-12-24,AL
SOCIAL_006371,2025-12-24,MA
SOCIAL_006372,2025-12-24,IL
SOCIAL_006373,2025-12-24,DE
SOCIAL_006374,2025-12-24,KS
SOCIAL_006375,2025-12-24,NY
SOCIAL_006376,2025-12-25,NM
SOCIAL_006377,2025-12-25,NJ
SOCIAL_006378,2025-12-25,NC
SOCIAL_006379,2025-12-26,CA
SOCIAL_006380,2025-12-26,CA
SOCIAL_006381,2025-12-26,HI
SOCIAL_006382,2025-12-26,KS
SOCIAL_006383,2025-12-26,AR
SOCIAL_006384,2025-12-26,NV
SOCIAL_006385,2025-12-26,AR
SOCIAL_006386,2025-12-27,NC
SOCIAL_006387,2025-12-27,MO
SOCIAL_006388,2025-12-27,MD
SOCIAL_006389,2025-12-27,CA
SOCIAL_006390,2025-12-27,TX
SOCIAL_006391,2025-12-27,MS
SOCIAL_006392,2025-12-28,CA
SOCIAL_006393,2025-12-28,OH
SOCIAL_006394,2025-12-28,MD
SOCIAL_006395,2025-12-28,TN
SOCIAL_006396,2025-12-29,CO
SOCIAL_006397,2025-12-29,DC
SOCIAL_006398,2025-12-29,NE
SOCIAL_006399,2025-12-29,PA
SOCIAL_006400,2025-12-29,WI
SOCIAL_006401,2025-12-29,OH
SOCIAL_006402,2025-12-29,HI
SOCIAL_006403,2025-12-29,FL
SOCIAL_006404,2025-12-30,ID
SOCIAL_006405,2025-12-30,IN
SOCIAL_006406,2025-12-30,FL
SOCIAL_006407,2025-12-30,NC
SOCIAL_006408,2025-12-30,PA
SOCIAL_006409,2025-12-30,MN
SOCIAL_006410,2025-12-30,NM
SOCIAL_006411,2025-12-31,TN
SOCIAL_006412,2025-12-31,IL
SOCIAL_006413,2025-12-31,KS
SOCIAL_006414,2025-12-31,NY
SOCIAL_006415,2025-12-31,GA
